@00000000
6F 00 40 4C 6F 00 C0 48 6F 00 80 48 6F 00 20 49
6F 00 00 48 6F 00 C0 47 6F 00 80 47 6F 00 40 48
6F 00 00 47 6F 00 C0 46 6F 00 80 46 6F 00 60 47
6F 00 00 46 6F 00 C0 45 6F 00 80 45 6F 00 40 45
6F 00 40 46 6F 00 20 46 6F 00 00 46 6F 00 E0 45
6F 00 C0 45 6F 00 A0 45 6F 00 80 45 6F 00 60 45
6F 00 40 45 6F 00 20 45 6F 00 00 45 6F 00 E0 44
6F 00 C0 44 6F 00 A0 44 6F 00 80 44 6F 00 60 44
@00000080
97 61 01 00 93 81 81 57 17 F1 FF 07 13 01 81 F7
17 05 00 00 13 05 05 F7 13 65 15 00 73 10 55 30
17 65 01 00 13 05 85 ED 17 C6 08 00 13 06 86 89
09 8E 81 45 EF B0 70 1E 17 C5 00 00 13 05 E5 9A
EF A0 90 05 EF B0 10 14 01 45 81 45 01 46 4D 20
11 A0 82 80
@000000D4
41 11 81 45 22 C4 06 C6 2A 84 EF B0 D0 41 83 A7
C1 98 91 C3 82 97 22 85 F9 2B 93 07 00 00 91 C7
31 65 13 05 65 A6 6F A0 F0 01 82 80 79 71 06 D6
22 D4 00 18 23 2E A4 FC 23 26 04 FE A9 A0 23 24
04 FE 05 A8 03 27 C4 FE 83 27 84 FE 3E 97 83 27
84 FE 93 96 57 00 83 27 C4 FE B6 97 8A 07 83 26
C4 FD B6 97 3E 07 98 C3 83 27 84 FE 85 07 23 24
F4 FE 03 27 84 FE FD 47 E3 D6 E7 FC 83 27 C4 FE
85 07 23 26 F4 FE 03 27 C4 FE FD 47 E3 D9 E7 FA
01 00 01 00 B2 50 22 54 45 61 82 80 1D 71 86 CE
A2 CC 80 10 93 07 00 02 23 2A F4 FC 93 07 00 02
23 2C F4 FC BD 67 93 87 07 23 23 28 F4 FC BD 67
93 87 07 23 23 26 F4 FC 01 46 81 46 23 2C C4 FA
23 2E D4 FA 03 27 84 FB 83 27 C4 FB 23 20 E4 FC
23 22 F4 FC 23 24 C4 FA 23 26 D4 FA 03 27 84 FA
83 27 C4 FA 23 28 E4 FA 23 2A F4 FA 73 50 00 32
93 07 04 FB 73 27 00 C0 98 C3 93 07 04 FB 91 07
73 27 00 C8 98 C3 93 07 04 FD 13 05 44 FD 3E 87
D9 67 93 86 07 FA 01 46 89 45 EF 00 90 48 23 22
A4 FE 93 07 04 FD 13 05 44 FD 3E 87 B7 57 02 00
93 86 07 1E 05 46 89 45 EF 00 B0 46 23 20 A4 FE
93 07 84 FA 73 27 00 C0 98 C3 93 07 84 FA 91 07
73 27 00 C8 98 C3 93 07 84 FB 73 27 20 C0 98 C3
93 07 84 FB 91 07 73 27 20 C8 98 C3 03 27 84 FA
83 27 C4 FA 03 25 04 FB 83 25 44 FB 33 06 A7 40
32 88 33 38 07 01 B3 86 B7 40 B3 87 06 41 BE 86
32 83 B6 83 03 27 84 FB 83 27 C4 FB 03 25 04 FC
83 25 44 FC 33 06 A7 40 32 88 33 38 07 01 B3 86
B7 40 B3 87 06 41 BE 86 32 87 B6 87 1A 86 9E 86
D5 65 13 85 05 8D EF B0 C0 15 93 07 C4 FC BE 86
B7 C7 07 00 13 86 07 42 81 45 01 45 EF 10 C0 09
23 2E A4 FC 83 27 C4 FD 91 EF 83 27 04 FD 3E 86
BD 67 93 85 07 23 D5 67 13 85 07 91 EF B0 60 12
01 45 FD 33 83 27 44 FE 91 EF 83 27 04 FD 3E 86
BD 67 93 85 07 23 D5 67 13 85 07 91 EF B0 60 10
01 45 F9 33 D5 67 13 85 87 94 EF B0 80 0F 23 26
04 FE 0D A0 83 27 C4 FE 13 97 C7 00 B7 47 03 00
93 87 07 41 BA 97 3E 85 D1 3B 83 27 C4 FE 85 07
23 26 F4 FE 03 27 C4 FE DD 47 E3 DD E7 FC D5 67
13 85 C7 96 EF B0 E0 0B 73 50 00 32 93 07 04 FB
73 27 00 C0 98 C3 93 07 04 FB 91 07 73 27 00 C8
98 C3 93 07 04 FC 73 27 20 C0 98 C3 93 07 04 FC
91 07 73 27 20 C8 98 C3 23 24 04 FE 85 A8 83 27
84 FE 13 97 C7 00 B7 47 03 00 93 87 07 41 B3 06
F7 00 83 27 84 FE 13 97 D7 00 B7 C7 04 00 93 87
07 41 BA 97 3E 86 B6 85 03 25 44 FE EF 00 70 49
83 27 84 FE 13 97 D7 00 B7 C7 04 00 93 87 07 41
B3 06 F7 00 83 27 84 FE 13 97 C7 00 B7 47 03 00
93 87 07 41 BA 97 3E 86 B6 85 03 25 04 FE EF 00
F0 5E 83 27 84 FE 85 07 23 24 F4 FE 03 27 84 FE
DD 47 E3 D6 E7 F8 93 07 84 FA 73 27 00 C0 98 C3
93 07 84 FA 91 07 73 27 00 C8 98 C3 93 07 84 FB
73 27 20 C0 98 C3 93 07 84 FB 91 07 73 27 20 C8
98 C3 03 27 84 FA 83 27 C4 FA 03 25 04 FB 83 25
44 FB 33 06 A7 40 32 88 33 38 07 01 B3 86 B7 40
B3 87 06 41 BE 86 32 83 B6 83 03 27 84 FB 83 27
C4 FB 03 25 04 FC 83 25 44 FC 33 06 A7 40 32 88
33 38 07 01 B3 86 B7 40 B3 87 06 41 BE 86 32 87
B6 87 1A 86 9E 86 D5 65 13 85 85 99 EF A0 70 78
81 47 3E 85 F6 40 66 44 25 61 82 80 17 45 01 00
13 05 E5 60 EF B0 80 12 D5 BF CD BF C5 BF FD B7
F5 B7 ED B7 E5 B7 DD B7 D5 B7 CD B7 C5 B7 F9 BF
F1 BF E9 BF E1 BF D9 BF D1 BF C9 BF C1 BF F9 B7
39 71 06 C0 2A C2 2E C4 32 C6 36 C8 3A CA 3E CC
42 CE 46 D0 16 D2 1A D4 1E D6 72 D8 76 DA 7A DC
7E DE F3 22 20 34 09 43 63 83 62 02 2D 43 63 86
62 00 0D 43 63 86 62 00 15 A0 EF 00 20 5C 35 A0
17 45 01 00 13 05 95 53 EF B0 40 0B 39 A8 17 45
01 00 13 05 F5 4B EF B0 60 0A 01 A8 17 45 01 00
13 05 D5 54 EF B0 80 09 31 A8 F3 22 10 34 03 83
02 00 0D 45 33 73 A3 00 63 13 A3 00 89 02 89 02
73 90 12 34 82 40 12 45 A2 45 32 46 C2 46 52 47
E2 47 72 48 82 58 92 52 22 53 B2 53 42 5E D2 5E
62 5F F2 5F 21 61 73 00 20 30 01 11 06 CE 22 CC
00 10 23 26 A4 FE 83 27 C4 FE 33 07 F0 40 23 A8
E1 98 FD 57 3E 85 F2 40 62 44 05 61 82 80 01 11
06 CE 22 CC 00 10 D5 67 93 87 C7 AC 23 26 F4 FE
21 A8 83 27 C4 FE 13 87 17 00 23 26 E4 FE 03 C7
07 00 B7 07 00 10 98 C3 83 27 C4 FE 83 C7 07 00
ED F3 01 00 01 00 F2 40 62 44 05 61 82 80 01 11
06 CE 22 CC 00 10 23 26 A4 FE 23 24 B4 FE 13 07
80 05 23 A8 E1 98 FD 57 3E 85 F2 40 62 44 05 61
82 80 01 11 06 CE 22 CC 00 10 23 26 A4 FE 23 24
B4 FE 13 07 80 05 23 A8 E1 98 FD 57 3E 85 F2 40
62 44 05 61 82 80 01 11 06 CE 22 CC 00 10 23 26
A4 FE 13 07 80 05 23 A8 E1 98 FD 57 3E 85 F2 40
62 44 05 61 82 80 01 11 06 CE 22 CC 00 10 23 26
A4 FE 23 24 B4 FE 13 07 80 05 23 A8 E1 98 FD 57
3E 85 F2 40 62 44 05 61 82 80 01 11 06 CE 22 CC
00 10 23 26 A4 FE AE 87 32 87 23 15 F4 FE BA 87
23 14 F4 FE 13 07 80 05 23 A8 E1 98 FD 57 3E 85
F2 40 62 44 05 61 82 80 01 11 06 CE 22 CC 00 10
23 26 A4 FE FD 57 3E 85 F2 40 62 44 05 61 82 80
01 11 06 CE 22 CC 00 10 23 26 A4 FE 23 24 B4 FE
23 22 C4 FE 31 47 23 A8 E1 98 FD 57 3E 85 F2 40
62 44 05 61 82 80 01 11 06 CE 22 CC 00 10 23 26
A4 FE B7 07 00 20 91 07 03 27 C4 FE 98 C3 73 00
50 10 01 00 FD BF 01 11 06 CE 22 CC 00 10 23 26
A4 FE 23 24 B4 FE 23 22 C4 FE 23 20 D4 FE 13 07
80 05 23 A8 E1 98 FD 57 3E 85 F2 40 62 44 05 61
82 80 41 11 06 C6 22 C4 00 08 2D 47 23 A8 E1 98
FD 57 3E 85 B2 40 22 44 41 01 82 80 01 11 06 CE
22 CC 00 10 23 26 A4 FE 23 24 B4 FE 83 27 84 FE
09 67 D8 C3 81 47 3E 85 F2 40 62 44 05 61 82 80
01 11 06 CE 22 CC 00 10 23 26 A4 FE 23 24 B4 FE
23 22 C4 FE 23 20 D4 FE 13 07 80 05 23 A8 E1 98
FD 57 3E 85 F2 40 62 44 05 61 82 80 01 11 06 CE
22 CC 00 10 23 26 A4 FE 13 07 80 05 23 A8 E1 98
FD 57 3E 85 F2 40 62 44 05 61 82 80 01 11 06 CE
22 CC 00 10 23 26 A4 FE 23 24 B4 FE 13 07 80 FA
23 A8 E1 98 81 47 3E 85 F2 40 62 44 05 61 82 80
41 11 06 C6 22 C4 00 08 85 47 3E 85 B2 40 22 44
41 01 82 80 01 11 06 CE 22 CC 00 10 23 26 A4 FE
23 24 B4 FE 13 07 80 FA 23 A8 E1 98 FD 57 3E 85
F2 40 62 44 05 61 82 80 01 11 06 CE 22 CC 00 10
23 26 A4 FE 83 27 C4 FE FD 17 93 B7 17 00 93 F7
F7 0F 3E 85 F2 40 62 44 05 61 82 80 01 11 06 CE
22 CC 00 10 23 26 A4 FE 23 24 B4 FE 59 47 23 A8
E1 98 FD 57 3E 85 F2 40 62 44 05 61 82 80 01 11
06 CE 22 CC 00 10 23 26 A4 FE 23 24 B4 FE 7D 47
23 A8 E1 98 FD 57 3E 85 F2 40 62 44 05 61 82 80
01 11 06 CE 22 CC 00 10 23 26 A4 FE 23 24 B4 FE
23 22 C4 FE 81 47 3E 85 F2 40 62 44 05 61 82 80
01 11 06 CE 22 CC 00 10 23 26 A4 FE 23 24 B4 FE
13 07 80 05 23 A8 E1 98 FD 57 3E 85 F2 40 62 44
05 61 82 80 01 11 06 CE 22 CC 00 10 23 26 A4 FE
23 24 B4 FE 23 22 C4 FE FD 57 3E 85 F2 40 62 44
05 61 82 80 01 11 06 CE 22 CC 00 10 23 26 A4 FE
23 24 B4 FE 23 22 C4 FE 23 20 D4 FE 13 07 80 05
23 A8 E1 98 FD 57 3E 85 F2 40 62 44 05 61 82 80
01 11 06 CE 22 CC 00 10 23 26 A4 FE 23 24 B4 FE
23 22 C4 FE 81 47 3E 85 F2 40 62 44 05 61 82 80
01 11 06 CE 22 CC 00 10 23 26 A4 FE 23 24 B4 FE
83 27 84 FE 09 67 D8 C3 81 47 3E 85 F2 40 62 44
05 61 82 80 01 11 06 CE 22 CC 00 10 23 26 A4 FE
FD 57 3E 85 F2 40 62 44 05 61 82 80 01 11 06 CE
22 CC 00 10 23 26 A4 FE FD 57 3E 85 F2 40 62 44
05 61 82 80 01 11 06 CE 22 CC 00 10 23 26 A4 FE
09 47 23 A8 E1 98 FD 57 3E 85 F2 40 62 44 05 61
82 80 01 11 06 CE 22 CC 00 10 23 26 A4 FE 23 24
B4 FE 13 07 80 05 23 A8 E1 98 FD 57 3E 85 F2 40
62 44 05 61 82 80 01 11 06 CE 22 CC 00 10 23 26
A4 FE 29 47 23 A8 E1 98 FD 57 3E 85 F2 40 62 44
05 61 82 80 79 71 06 D6 22 D4 00 18 23 2E A4 FC
23 2C B4 FC 23 2A C4 FC 83 27 84 FD 23 26 F4 FE
03 27 C4 FD 85 47 63 08 F7 00 13 07 80 05 23 A8
E1 98 FD 57 25 A8 03 27 C4 FE 83 27 44 FD BA 97
23 24 F4 FE 21 A8 83 27 C4 FE 13 87 17 00 23 26
E4 FE 03 C7 07 00 B7 07 00 10 98 C3 03 27 C4 FE
83 27 84 FE E3 11 F7 FE 83 27 44 FD 3E 85 B2 50
22 54 45 61 82 80 01 11 06 CE 22 CC 00 10 23 26
A4 FE 03 27 C4 FE 23 A8 E1 96 81 47 3E 85 F2 40
62 44 05 61 82 80 79 71 06 D6 22 D4 00 18 23 2E
A4 FC 83 A7 01 97 23 26 F4 FE 03 A7 01 97 83 27
C4 FD 3E 97 23 A8 E1 96 83 A7 01 97 23 24 F4 FE
8A 87 3E 87 83 27 84 FE 63 F1 E7 02 03 27 84 FE
B7 F7 FF 07 93 87 07 00 63 79 F7 00 03 27 84 FE
23 A8 E1 96 83 27 C4 FE 29 A0 31 47 23 A8 E1 98
FD 57 3E 85 B2 50 22 54 45 61 82 80 39 71 06 DE
22 DC 80 00 23 2E A4 FC 23 2C B4 FC 23 2A C4 FC
23 28 D4 FC 23 26 E4 FC 23 24 F4 FC 23 22 04 FD
23 20 14 FD 83 27 04 FC 23 26 F4 FE 03 27 C4 FE
93 07 F0 40 63 05 F7 2C 03 27 C4 FE 93 07 F0 40
63 C2 E7 32 03 27 C4 FE 93 07 E0 40 63 0A F7 28
03 27 C4 FE 93 07 E0 40 63 C6 E7 30 03 27 C4 FE
93 07 90 40 63 01 F7 2C 03 27 C4 FE 93 07 90 40
63 CA E7 2E 03 27 C4 FE 93 07 20 40 63 00 F7 24
03 27 C4 FE 93 07 20 40 63 CE E7 2C 03 27 C4 FE
93 07 10 40 63 0C F7 20 03 27 C4 FE 93 07 10 40
63 C2 E7 2C 03 27 C4 FE 93 07 00 40 63 0B F7 1A
03 27 C4 FE 93 07 00 40 63 C6 E7 2A 03 27 C4 FE
93 07 60 0D 63 0F F7 1C 03 27 C4 FE 93 07 60 0D
63 CA E7 28 03 27 C4 FE 93 07 C0 0A 63 0B F7 16
03 27 C4 FE 93 07 C0 0A 63 CE E7 26 03 27 C4 FE
93 07 90 0A 63 0B F7 24 03 27 C4 FE 93 07 90 0A
63 C2 E7 26 03 27 C4 FE 93 07 90 09 63 07 F7 24
03 27 C4 FE 93 07 90 09 63 C6 E7 24 03 27 C4 FE
93 07 10 08 63 09 F7 12 03 27 C4 FE 93 07 10 08
63 CA E7 22 03 27 C4 FE 93 07 D0 05 63 04 F7 0E
03 27 C4 FE 93 07 D0 05 63 CE E7 20 03 27 C4 FE
93 07 00 05 63 0E F7 18 03 27 C4 FE 93 07 00 05
63 C2 E7 20 03 27 C4 FE 93 07 F0 04 63 01 F7 1A
03 27 C4 FE 93 07 F0 04 63 C6 E7 1E 03 27 C4 FE
93 07 00 04 63 0D F7 0A 03 27 C4 FE 93 07 00 04
63 CA E7 1C 03 27 C4 FE 93 07 F0 03 63 07 F7 08
03 27 C4 FE 93 07 F0 03 63 CE E7 1A 03 27 C4 FE
93 07 E0 03 63 0F F7 0C 03 27 C4 FE 93 07 E0 03
63 C2 E7 1A 03 27 C4 FE 93 07 90 03 63 0F F7 0A
03 27 C4 FE 93 07 90 03 63 C6 E7 18 03 27 C4 FE
93 07 80 03 63 08 F7 08 03 27 C4 FE 93 07 80 03
63 CA E7 16 03 27 C4 FE 93 07 10 03 63 05 F7 0C
03 27 C4 FE 93 07 10 03 63 CE E7 14 03 27 C4 FE
C5 47 63 0F F7 0A 03 27 C4 FE 93 07 00 03 63 0B
F7 10 89 A2 03 25 C4 FD F9 3A 83 27 84 FD 03 27
44 FD 3A 86 BE 85 03 25 C4 FD DD 3E 3D A2 83 27
84 FD 03 27 44 FD 3A 86 BE 85 03 25 C4 FD 5D 39
29 AA 7D 34 19 AA 83 25 84 FD 03 25 C4 FD FD 3C
29 A2 83 27 C4 FD 03 26 44 FD 83 25 84 FD 3E 85
95 3E E5 A8 83 27 84 FD 83 26 04 FD 03 26 44 FD
BE 85 03 25 C4 FD BD 3E CD A0 03 25 C4 FD 2D 3A
E9 A8 03 26 44 FD 83 25 84 FD 03 25 C4 FD 09 36
E9 A0 83 27 C4 FD 3E 85 F9 31 C1 A0 83 27 C4 FD
03 27 84 FD BA 85 3E 85 D9 34 45 A8 83 27 C4 FD
3E 85 CD 36 5D A0 83 27 C4 FD 3E 85 69 30 71 A8
83 27 C4 FD 03 27 84 FD BA 85 3E 85 01 34 71 A0
83 27 C4 FD 03 27 84 FD BA 85 3E 85 95 36 B5 A8
83 27 84 FD BE 85 03 25 C4 FD 8D 3A BD A0 83 27
C4 FD 03 27 84 FD BA 85 3E 85 5D 3C B9 A8 83 27
84 FD 03 27 44 FD 83 26 04 FD 3A 86 BE 85 03 25
C4 FD BD 32 99 A0 83 27 C4 FD 83 25 84 FD 3E 85
09 30 25 A8 83 27 84 FD 83 26 04 FD 03 26 44 FD
BE 85 03 25 C4 FD C5 30 0D A0 83 27 C4 FD 03 27
84 FD BA 85 3E 85 7D 3A 09 A8 83 27 C4 FD 3E 85
35 36 21 A0 EF F0 AF F6 01 00 01 00 F2 50 62 54
21 61 82 80 79 71 06 D6 22 D4 00 18 23 2E A4 FC
23 2C B4 FC 85 47 23 26 F4 FE 31 A8 83 27 C4 FD
13 87 47 00 23 2E E4 FC 9C 43 03 27 C4 FE B3 07
F7 02 23 26 F4 FE 83 27 84 FD 13 87 F7 FF 23 2C
E4 FC E9 FF 83 27 C4 FE 3E 85 B2 50 22 54 45 61
82 80 5D 71 86 C6 A2 C4 80 08 23 26 A4 FC 23 24
B4 FC 23 22 C4 FC 23 20 D4 FC 23 2E E4 FA 23 24
04 FE 23 2A 04 FC 23 28 04 FC 23 22 04 FE 03 27
84 FC B7 07 00 40 FD 17 BA 97 8A 07 03 27 C4 FC
BA 97 9C 43 23 20 F4 FE 83 27 84 FC FD 17 BE 85
03 25 C4 FC 85 37 23 2E A4 FC 23 26 04 FE 93 07
44 FD BE 86 01 46 83 25 44 FC 03 25 04 FE AD 21
83 27 84 FC FD 17 13 07 04 FD 81 46 03 26 44 FC
BE 85 03 25 C4 FC EF 60 00 68 83 27 04 FE 13 87
17 00 83 27 C4 FD 86 07 63 47 F7 00 83 27 04 FE
89 07 8A 07 21 A0 83 27 C4 FD 8E 07 03 27 04 FE
93 06 27 00 03 27 C4 FD 33 87 E6 02 0A 07 BA 97
23 22 F4 FE 03 27 44 FD 83 27 04 FD 3E 97 83 27
44 FE BA 97 D1 07 23 2C F4 FC 83 27 C4 FB 89 EB
03 25 84 FD EF 90 D0 1B AA 87 23 26 F4 FE 0D A0
83 27 C4 FB 9C 43 03 27 84 FD 63 E6 E7 00 83 27
04 FC 23 26 F4 FE 83 27 C4 FB 03 27 84 FD 98 C3
83 27 C4 FE 99 E3 81 47 45 A0 83 27 C4 FE 23 24
F4 FE 03 26 84 FD 81 45 03 25 84 FE EF A0 B0 2E
83 27 C4 FE D1 07 23 26 F4 FE 83 27 84 FE 03 27
04 FE 98 C3 83 27 84 FE 03 27 C4 FD D8 C3 93 07
44 FD BE 86 03 26 C4 FE 83 25 44 FC 03 25 04 FE
A5 2E 2A 87 83 27 84 FE 98 C7 83 27 44 FD 03 27
C4 FE BA 97 23 26 F4 FE 83 27 84 FC FD 17 13 07
04 FD 83 26 C4 FE 03 26 44 FC BE 85 03 25 C4 FC
EF 60 60 57 2A 87 83 27 84 FE D8 C7 83 27 04 FD
03 27 C4 FE BA 97 23 26 F4 FE 83 27 84 FE 03 27
C4 FE 98 CB 83 27 84 FE 3E 85 B6 40 26 44 61 61
82 80 39 71 06 DE 22 DC 80 00 23 26 A4 FC 23 24
B4 FC 23 22 C4 FC 83 27 C4 FC 9C 43 23 22 F4 FE
83 27 C4 FC DC 43 23 20 F4 FE 83 27 44 FE 13 D7
F7 01 BA 97 85 87 85 07 23 2E F4 FC 83 27 C4 FC
9C 4B 23 2C F4 FC 03 27 C4 FD 83 27 04 FE 63 56
F7 00 83 27 04 FE 8E 07 21 A0 83 27 C4 FD 8E 07
03 27 84 FD BA 97 23 2A F4 FC 23 26 04 FE AD A8
83 27 C4 FC 94 47 03 27 C4 FE 83 27 44 FE B3 07
F7 02 8A 07 03 27 84 FC BA 97 03 26 84 FD BE 85
36 85 B5 23 23 24 04 FE 2D A8 83 27 84 FE 8E 07
03 27 84 FD 3E 97 83 26 84 FE 83 27 04 FE B3 86
F6 02 83 27 C4 FE B6 97 8E 07 83 26 44 FD B6 97
14 43 94 C3 58 43 D8 C3 83 27 84 FE 85 07 23 24
F4 FE 03 27 84 FE 83 27 C4 FD E3 40 F7 FC 83 27
C4 FE 85 07 23 26 F4 FE 03 27 C4 FE 83 27 04 FE
E3 40 F7 F8 23 24 04 FE B5 A8 83 27 C4 FC D4 47
03 27 84 FE 83 27 04 FE B3 07 F7 02 8E 07 03 27
44 FD BA 97 03 26 84 FD BE 85 36 85 EF 60 40 68
23 26 04 FE 2D A8 83 27 C4 FE 8E 07 03 27 84 FD
3E 97 83 26 C4 FE 83 27 C4 FD B3 86 F6 02 83 27
84 FE B6 97 8E 07 83 26 44 FC B6 97 14 43 94 C3
58 43 D8 C3 83 27 C4 FE 85 07 23 26 F4 FE 03 27
C4 FE 83 27 04 FE E3 40 F7 FC 83 27 84 FE 85 07
23 24 F4 FE 03 27 84 FE 83 27 C4 FD E3 4F F7 F6
01 00 01 00 F2 50 62 54 21 61 82 80 39 71 06 DE
22 DC 80 00 23 26 A4 FC 23 24 B4 FC 23 22 C4 FC
83 27 C4 FC 9C 43 23 22 F4 FE 83 27 C4 FC DC 43
23 20 F4 FE 83 27 44 FE 13 D7 F7 01 BA 97 85 87
85 07 23 2E F4 FC 83 27 C4 FC 9C 4B 23 2C F4 FC
03 27 C4 FD 83 27 04 FE 63 56 F7 00 83 27 04 FE
8E 07 21 A0 83 27 C4 FD 8E 07 03 27 84 FD BA 97
23 2A F4 FC 23 24 04 FE B5 A8 23 26 04 FE 2D A8
03 27 C4 FE 83 27 C4 FD 33 07 F7 02 83 27 84 FE
BA 97 8E 07 03 27 84 FC 3E 97 83 27 C4 FE 8E 07
83 26 84 FD B6 97 14 43 94 C3 58 43 D8 C3 83 27
C4 FE 85 07 23 26 F4 FE 03 27 C4 FE 83 27 04 FE
E3 40 F7 FC 83 27 C4 FC D4 47 03 27 84 FE 83 27
04 FE B3 07 F7 02 8E 07 03 27 44 FD BA 97 3E 86
83 25 84 FD 36 85 EF 60 A0 53 83 27 84 FE 85 07
23 24 F4 FE 03 27 84 FE 83 27 C4 FD E3 4F F7 F6
23 26 04 FE B5 A8 23 24 04 FE 2D A8 03 27 84 FE
83 27 04 FE 33 07 F7 02 83 27 C4 FE BA 97 8E 07
03 27 44 FD 3E 97 83 27 84 FE 8E 07 83 26 84 FD
B6 97 14 43 94 C3 58 43 D8 C3 83 27 84 FE 85 07
23 24 F4 FE 03 27 84 FE 83 27 C4 FD E3 40 F7 FC
83 27 C4 FC 94 47 03 27 C4 FE 83 27 44 FE B3 07
F7 02 8A 07 03 27 44 FC BA 97 3E 86 83 25 84 FD
36 85 EF 00 10 3C 83 27 C4 FE 85 07 23 26 F4 FE
03 27 C4 FE 83 27 04 FE E3 4F F7 F6 01 00 01 00
F2 50 62 54 21 61 82 80 5D 71 86 C6 A2 C4 A6 C2
CA C0 4E DE 52 DC 56 DA 80 08 23 2E A4 FA 23 2C
B4 FA 23 2A C4 FA 23 28 D4 FA 23 2C 04 FC 23 24
04 FC 83 27 C4 FB 85 8B A1 CF 97 57 01 00 83 A7
27 A6 9C 43 DC 47 BE 86 5D 46 85 45 17 35 01 00
13 05 85 75 EF 90 F0 79 97 57 01 00 83 A7 47 A4
9C 43 DC 47 BE 86 13 06 30 02 85 45 17 35 01 00
13 05 05 75 EF 90 F0 77 97 57 01 00 83 A7 47 A2
9C 43 DC 47 BE 85 29 45 EF 90 50 63 81 47 B1 A4
83 27 C4 FB 85 87 23 2E F4 FA 93 07 84 FC BE 86
01 46 83 25 84 FB 03 25 C4 FB EF 50 70 4E 03 27
C4 FB BA 87 86 07 BA 97 13 D7 F7 01 BA 97 85 87
13 97 37 00 83 27 84 FC BA 97 B1 07 23 26 F4 FC
83 27 04 FB 89 EB 03 25 C4 FC EF 90 60 4F AA 87
23 2C F4 FC 0D A0 83 27 04 FB 9C 43 03 27 C4 FC
63 E6 E7 00 83 27 44 FB 23 2C F4 FC 83 27 04 FB
03 27 C4 FC 98 C3 83 27 84 FD 99 E3 81 47 F1 A2
83 27 84 FD 13 87 C7 00 83 27 84 FD 98 C3 83 27
84 FD 98 43 83 27 84 FC 3E 97 83 27 84 FD D8 C3
83 27 84 FD D8 43 83 27 C4 FB 8E 07 3E 97 83 27
84 FD 98 C7 83 27 84 FD 9C 43 13 07 84 FC BA 86
3E 86 83 25 84 FB 03 25 C4 FB EF 50 70 43 23 2E
04 FC B9 AA 83 27 C4 FD 85 07 3E 85 EF 90 C0 3B
2A 8A AE 8A 03 25 C4 FB EF 90 00 3B 2A 87 AE 87
3A 86 BE 86 52 85 D6 85 EF 80 40 22 2A 87 AE 87
3A 85 BE 85 97 37 01 00 93 87 87 6A 90 43 D4 43
EF 70 F0 47 2A 87 AE 87 3A 85 BE 85 97 37 01 00
93 87 87 69 90 43 D4 43 EF 80 B0 0D 2A 87 AE 87
23 28 E4 FC 23 2A F4 FC 83 27 84 FB 89 CF 03 29
04 FD 03 27 44 FD B7 07 00 80 B3 49 F7 00 23 28
24 FD 23 2A 34 FD 03 25 04 FD 83 25 44 FD EF 60
80 44 2A 87 AE 87 97 36 01 00 93 86 66 65 90 42
D4 42 3A 85 BE 85 EF 80 D0 08 2A 87 AE 87 3A 85
BE 85 97 37 01 00 93 87 A7 62 90 43 D4 43 EF 70
10 40 2A 87 AE 87 3A 85 BE 85 EF 60 00 48 2A 87
AE 87 83 26 84 FD 90 46 83 26 C4 FD 8E 06 B3 04
D6 00 3A 85 BE 85 EF 90 00 28 AA 87 9C C0 03 25
04 FD 83 25 44 FD EF 60 C0 5C 2A 87 AE 87 97 36
01 00 93 86 E6 5E 90 42 D4 42 3A 85 BE 85 EF 80
50 02 2A 87 AE 87 3A 85 BE 85 97 37 01 00 93 87
27 5C 90 43 D4 43 EF 70 90 39 2A 87 AE 87 3A 85
BE 85 EF 60 80 41 2A 87 AE 87 83 26 84 FD 90 46
83 26 C4 FD 8E 06 B3 04 D6 00 3A 85 BE 85 EF 90
80 21 AA 87 DC C0 83 27 C4 FD 85 07 23 2E F4 FC
83 27 C4 FB 13 D7 F7 01 BA 97 85 87 3E 87 83 27
C4 FD E3 C9 E7 E8 83 27 84 FD 3E 85 B6 40 26 44
96 44 06 49 F2 59 62 5A D2 5A 61 61 82 80 0D 71
23 2E 11 14 23 2C 81 14 23 2A 21 15 23 28 31 15
23 26 41 15 23 24 51 15 23 22 61 15 23 20 71 15
23 2E 81 13 23 2C 91 13 23 2A A1 13 23 28 B1 13
80 12 23 26 A4 F8 23 24 B4 F8 23 22 C4 F8 83 27
C4 F8 9C 43 DC 43 B9 CB 97 47 01 00 83 A7 47 76
9C 43 DC 47 BE 86 5D 46 85 45 17 35 01 00 13 05
65 49 EF 90 10 4A 97 47 01 00 83 A7 67 74 9C 43
DC 47 BE 86 13 06 40 02 85 45 17 35 01 00 13 05
E5 48 EF 90 10 48 97 47 01 00 83 A7 67 72 9C 43
DC 47 BE 85 29 45 EF 90 70 33 D5 A7 83 27 C4 F8
9C 43 9C 43 23 24 F4 FC 83 27 C4 F8 98 43 83 27
C4 F8 DC 43 3E 86 83 25 84 F8 3A 85 EF 50 50 57
83 27 C4 F8 DC 43 9C 43 23 2C F4 F8 83 27 C4 F8
DC 43 DC 43 23 2E F4 F8 83 27 84 F9 3E 8C FD 87
BE 8C 62 87 E6 87 93 56 27 00 93 99 E7 01 B6 99
13 19 E7 01 4A 87 CE 87 33 05 87 41 AA 86 B3 36
D7 00 B3 85 97 41 B3 87 D5 40 BE 85 2A 87 AE 87
37 06 00 40 81 46 33 08 C7 00 C2 85 B3 B5 E5 00
B3 88 D7 00 B3 87 15 01 BE 88 42 87 C6 87 93 96
17 00 13 5A F7 01 36 9A 93 DA F7 41 D2 87 23 2C
F4 F8 83 27 C4 F9 23 24 F4 F0 FD 87 23 26 F4 F0
03 28 84 F0 83 28 C4 F0 42 87 C6 87 93 56 27 00
93 9B E7 01 B6 9B 13 1B E7 01 5A 87 DE 87 C2 86
33 05 D7 40 AA 86 B3 36 D7 00 46 86 B3 85 C7 40
B3 87 D5 40 BE 85 2A 87 AE 87 37 06 00 40 81 46
33 08 C7 00 C2 85 B3 B5 E5 00 B3 88 D7 00 B3 87
15 01 BE 88 42 87 C6 87 93 96 17 00 13 5D F7 01
36 9D 93 DD F7 41 EA 87 23 2E F4 F8 03 27 84 F9
83 27 C4 F9 3E 97 83 27 44 F8 98 C3 03 26 84 F9
83 26 C4 F9 83 27 84 FC 13 97 37 00 83 27 44 F8
3E 97 B3 07 D6 40 1C C3 83 27 44 F8 23 A2 07 00
83 27 84 FC 13 97 37 00 83 27 44 F8 3E 97 83 27
44 F8 DC 43 5C C3 85 47 23 26 F4 FC B1 AD 83 27
C4 F8 D8 43 83 27 C4 FC 8E 07 3E 97 1C 43 23 2C
F4 FA 5C 43 23 2E F4 FA 83 27 C4 F8 D4 43 03 27
84 FC 83 27 C4 FC B3 07 F7 40 8E 07 B6 97 9C 43
23 20 F4 FC 83 27 C4 F8 D4 43 03 27 84 FC 83 27
C4 FC B3 07 F7 40 8E 07 B6 97 DC 43 B3 07 F0 40
23 22 F4 FC 83 27 84 FB 23 20 F4 F0 FD 87 23 22
F4 F0 03 28 04 F0 83 28 44 F0 42 87 C6 87 93 56
27 00 13 96 E7 01 23 26 C4 F2 03 26 C4 F2 B2 96
23 26 D4 F2 93 17 E7 01 23 24 F4 F2 03 27 84 F2
83 27 C4 F2 C2 86 33 05 D7 40 AA 86 B3 36 D7 00
46 86 B3 85 C7 40 B3 87 D5 40 BE 85 2A 87 AE 87
37 06 00 40 81 46 33 08 C7 00 C2 85 B3 B5 E5 00
B3 88 D7 00 B3 87 15 01 BE 88 42 87 C6 87 93 96
17 00 13 56 F7 01 23 2C C4 F6 03 26 84 F7 B2 96
23 2C D4 F6 FD 87 23 2E F4 F6 83 27 84 F7 23 2C
F4 FA 83 27 C4 FB 23 2C F4 EE FD 87 23 2E F4 EE
03 28 84 EF 83 28 C4 EF 42 87 C6 87 93 56 27 00
13 96 E7 01 23 22 C4 F2 03 26 44 F2 B2 96 23 22
D4 F2 93 17 E7 01 23 20 F4 F2 03 27 04 F2 83 27
44 F2 C2 86 33 05 D7 40 AA 86 B3 36 D7 00 46 86
B3 85 C7 40 B3 87 D5 40 BE 85 2A 87 AE 87 37 06
00 40 81 46 33 08 C7 00 C2 85 B3 B5 E5 00 B3 88
D7 00 B3 87 15 01 BE 88 42 87 C6 87 93 96 17 00
13 56 F7 01 23 28 C4 F6 03 26 04 F7 B2 96 23 28
D4 F6 FD 87 23 2A F4 F6 83 27 04 F7 23 2E F4 FA
83 27 04 FC 23 28 F4 EE FD 87 23 2A F4 EE 03 28
04 EF 83 28 44 EF 42 87 C6 87 93 56 27 00 13 96
E7 01 23 2E C4 F0 03 26 C4 F1 B2 96 23 2E D4 F0
93 17 E7 01 23 2C F4 F0 03 27 84 F1 83 27 C4 F1
C2 86 33 05 D7 40 AA 86 B3 36 D7 00 46 86 B3 85
C7 40 B3 87 D5 40 BE 85 2A 87 AE 87 37 06 00 40
81 46 33 08 C7 00 C2 85 B3 B5 E5 00 B3 88 D7 00
B3 87 15 01 BE 88 42 87 C6 87 93 96 17 00 13 56
F7 01 23 24 C4 F6 03 26 84 F6 B2 96 23 24 D4 F6
FD 87 23 26 F4 F6 83 27 84 F6 23 20 F4 FC 83 27
44 FC 23 24 F4 EE FD 87 23 26 F4 EE 03 28 84 EE
83 28 C4 EE 42 87 C6 87 93 56 27 00 13 96 E7 01
23 2A C4 F0 03 26 44 F1 B2 96 23 2A D4 F0 93 17
E7 01 23 28 F4 F0 03 27 04 F1 83 27 44 F1 C2 86
33 05 D7 40 AA 86 B3 36 D7 00 46 86 B3 85 C7 40
B3 87 D5 40 BE 85 2A 87 AE 87 37 06 00 40 81 46
33 08 C7 00 C2 85 B3 B5 E5 00 B3 88 D7 00 B3 87
15 01 BE 88 42 87 C6 87 93 96 17 00 13 56 F7 01
23 20 C4 F6 03 26 04 F6 B2 96 23 20 D4 F6 FD 87
23 22 F4 F6 83 27 04 F6 23 22 F4 FC 03 27 84 FB
83 27 04 FC BA 97 23 28 F4 FA 03 27 C4 FB 83 27
44 FC BA 97 23 2A F4 FA 03 27 84 FB 83 27 04 FC
B3 07 F7 40 23 24 F4 FA 03 27 C4 FB 83 27 44 FC
B3 07 F7 40 23 26 F4 FA 83 27 84 FA 23 20 F4 EE
FD 87 23 22 F4 EE 83 27 C4 F8 94 47 03 27 C4 FC
B7 07 00 20 FD 17 BA 97 8E 07 B6 97 9C 43 23 2C
F4 EC FD 87 23 2E F4 EC 03 28 04 EE 83 28 44 EE
C6 87 83 25 84 ED 03 26 C4 ED 2E 87 33 87 E7 02
B2 87 C2 86 B3 87 D7 02 3E 97 C2 87 AE 86 B3 87
D7 02 C2 86 2E 86 B3 B6 C6 02 23 2E D4 F4 23 2C
F4 F4 83 27 C4 F5 BA 97 23 2E F4 F4 83 27 C4 FA
23 28 F4 EC FD 87 23 2A F4 EC 83 27 C4 F8 94 47
03 27 C4 FC B7 07 00 20 FD 17 BA 97 8E 07 B6 97
DC 43 23 24 F4 EC FD 87 23 26 F4 EC 03 28 04 ED
83 28 44 ED C6 87 83 25 84 EC 03 26 C4 EC 2E 87
33 87 E7 02 B2 87 C2 86 B3 87 D7 02 3E 97 C2 87
AE 86 B3 87 D7 02 C2 86 2E 86 B3 B6 C6 02 23 2A
D4 F4 23 28 F4 F4 83 27 44 F5 BA 97 23 2A F4 F4
03 25 84 F5 83 25 C4 F5 AA 87 03 28 04 F5 83 28
44 F5 42 87 33 86 E7 40 B2 87 2A 87 B3 37 F7 00
2E 87 C6 85 B3 06 B7 40 B3 87 F6 40 BE 86 32 87
B6 87 37 06 00 40 81 46 33 08 C7 00 C2 85 B3 B5
E5 00 B3 88 D7 00 B3 87 15 01 BE 88 42 87 C6 87
93 96 17 00 13 56 F7 01 23 24 C4 F4 03 26 84 F4
B2 96 23 24 D4 F4 FD 87 23 26 F4 F4 83 27 84 F4
23 20 F4 FA 83 27 84 FA 23 20 F4 EC FD 87 23 22
F4 EC 83 27 C4 F8 94 47 03 27 C4 FC B7 07 00 20
FD 17 BA 97 8E 07 B6 97 DC 43 23 2C F4 EA FD 87
23 2E F4 EA 03 28 04 EC 83 28 44 EC C6 87 83 25
84 EB 03 26 C4 EB 2E 87 33 87 E7 02 B2 87 C2 86
B3 87 D7 02 3E 97 C2 87 AE 86 B3 87 D7 02 C2 86
2E 86 B3 B6 C6 02 23 22 D4 F4 23 20 F4 F4 83 27
44 F4 BA 97 23 22 F4 F4 83 27 C4 FA 23 28 F4 EA
FD 87 23 2A F4 EA 83 27 C4 F8 94 47 03 27 C4 FC
B7 07 00 20 FD 17 BA 97 8E 07 B6 97 9C 43 23 24
F4 EA FD 87 23 26 F4 EA 03 28 04 EB 83 28 44 EB
C6 87 83 25 84 EA 03 26 C4 EA 2E 87 33 87 E7 02
B2 87 C2 86 B3 87 D7 02 3E 97 C2 87 AE 86 B3 87
D7 02 C2 86 2E 86 B3 B6 C6 02 23 2E D4 F2 23 2C
F4 F2 83 27 C4 F3 BA 97 23 2E F4 F2 03 25 04 F4
83 25 44 F4 AA 87 03 28 84 F3 83 28 C4 F3 42 87
33 86 E7 00 B2 87 2A 87 B3 B7 E7 00 2E 87 C6 85
B3 06 B7 00 B6 97 BE 86 32 87 B6 87 37 06 00 40
81 46 33 08 C7 00 C2 85 B3 B5 E5 00 B3 88 D7 00
B3 87 15 01 BE 88 42 87 C6 87 93 96 17 00 13 56
F7 01 23 28 C4 F2 03 26 04 F3 B2 96 23 28 D4 F2
FD 87 23 2A F4 F2 83 27 04 F3 23 22 F4 FA 03 27
04 FB 83 27 04 FA B3 06 F7 00 83 27 C4 FC 13 97
37 00 83 27 44 F8 3E 97 93 D7 16 40 1C C3 03 27
44 FB 83 27 44 FA B3 06 F7 00 83 27 C4 FC 13 97
37 00 83 27 44 F8 3E 97 93 D7 16 40 5C C3 03 27
04 FB 83 27 04 FA B3 06 F7 40 03 27 84 FC 83 27
C4 FC B3 07 F7 40 13 97 37 00 83 27 44 F8 3E 97
93 D7 16 40 1C C3 03 27 44 FA 83 27 44 FB B3 06
F7 40 03 27 84 FC 83 27 C4 FC B3 07 F7 40 13 97
37 00 83 27 44 F8 3E 97 93 D7 16 40 5C C3 83 27
C4 FC 85 07 23 26 F4 FC 03 27 84 FC 93 57 F7 01
BA 97 85 87 3E 87 83 27 C4 FC E3 5A F7 98 83 20
C1 15 03 24 81 15 03 29 41 15 83 29 01 15 03 2A
C1 14 83 2A 81 14 03 2B 41 14 83 2B 01 14 03 2C
C1 13 83 2C 81 13 03 2D 41 13 83 2D 01 13 35 61
82 80 69 71 23 26 11 12 23 24 81 12 23 22 21 13
23 20 31 13 23 2E 41 11 23 2C 51 11 23 2A 61 11
23 28 71 11 23 26 81 11 23 24 91 11 23 22 A1 11
23 20 B1 11 00 1A 23 2E A4 F8 23 2C B4 F8 23 2A
C4 F8 83 27 C4 F9 9C 43 DC 43 B9 EB 97 47 01 00
83 A7 07 EB 9C 43 DC 47 BE 86 61 46 85 45 17 35
01 00 13 05 25 C2 EF 90 C0 3E 97 47 01 00 83 A7
27 E9 9C 43 DC 47 BE 86 13 06 40 02 85 45 17 35
01 00 13 05 A5 BD EF 90 C0 3C 97 47 01 00 83 A7
27 E7 9C 43 DC 47 BE 85 29 45 EF 90 20 28 45 AF
83 27 C4 F9 9C 43 9C 43 23 24 F4 FC 83 27 84 F9
90 43 83 27 84 FC 13 97 37 00 83 27 84 F9 BA 97
94 43 83 27 C4 F9 D8 43 B3 07 D6 00 1C C3 83 27
84 F9 90 43 83 27 84 FC 13 97 37 00 83 27 84 F9
BA 97 94 43 83 27 C4 F9 D8 43 B3 07 D6 40 5C C3
83 27 C4 F9 DC 43 9C 43 3E 8F FD 87 BE 8F 7A 87
FE 87 93 56 27 00 93 98 E7 01 B6 98 13 18 E7 01
42 87 C6 87 33 05 E7 41 AA 86 B3 36 D7 00 B3 85
F7 41 B3 87 D5 40 BE 85 2A 87 AE 87 37 06 00 40
81 46 33 08 C7 00 C2 85 B3 B5 E5 00 B3 88 D7 00
B3 87 15 01 BE 88 42 87 C6 87 93 96 17 00 13 53
F7 01 36 93 93 D3 F7 41 83 27 C4 F9 D8 43 9A 87
1C C3 83 27 C4 F9 DC 43 DC 43 3E 8A FD 87 BE 8A
52 87 D6 87 93 56 27 00 93 9E E7 01 B6 9E 13 1E
E7 01 72 87 F6 87 33 05 47 41 AA 86 B3 36 D7 00
B3 85 57 41 B3 87 D5 40 BE 85 2A 87 AE 87 37 06
00 40 81 46 33 08 C7 00 C2 85 B3 B5 E5 00 B3 88
D7 00 B3 87 15 01 BE 88 42 87 C6 87 93 96 17 00
13 59 F7 01 36 99 93 D9 F7 41 83 27 C4 F9 D8 43
CA 87 5C C3 85 47 23 26 F4 FC 99 A5 83 27 C4 FC
13 97 37 00 83 27 84 F9 3E 97 1C 43 23 20 F4 FC
5C 43 23 22 F4 FC 03 27 84 FC 83 27 C4 FC B3 07
F7 40 13 97 37 00 83 27 84 F9 BA 97 9C 43 23 2C
F4 FA 03 27 84 FC 83 27 C4 FC B3 07 F7 40 13 97
37 00 83 27 84 F9 BA 97 DC 43 B3 07 F0 40 23 2E
F4 FA 83 27 04 FC 23 20 F4 F2 FD 87 23 22 F4 F2
03 28 04 F2 83 28 44 F2 42 87 C6 87 93 56 27 00
13 96 E7 01 23 22 C4 F4 03 26 44 F4 B2 96 23 22
D4 F4 93 17 E7 01 23 20 F4 F4 03 27 04 F4 83 27
44 F4 C2 86 33 05 D7 40 AA 86 B3 36 D7 00 46 86
B3 85 C7 40 B3 87 D5 40 BE 85 2A 87 AE 87 37 06
00 40 81 46 33 08 C7 00 C2 85 B3 B5 E5 00 B3 88
D7 00 B3 87 15 01 BE 88 42 87 C6 87 93 96 17 00
13 56 F7 01 23 24 C4 F8 03 26 84 F8 B2 96 23 24
D4 F8 FD 87 23 26 F4 F8 83 27 84 F8 23 20 F4 FC
83 27 44 FC 23 2C F4 F0 FD 87 23 2E F4 F0 03 28
84 F1 83 28 C4 F1 42 87 C6 87 93 56 27 00 13 96
E7 01 23 2E C4 F2 03 26 C4 F3 B2 96 23 2E D4 F2
93 17 E7 01 23 2C F4 F2 03 27 84 F3 83 27 C4 F3
C2 86 33 05 D7 40 AA 86 B3 36 D7 00 46 86 B3 85
C7 40 B3 87 D5 40 BE 85 2A 87 AE 87 37 06 00 40
81 46 33 08 C7 00 C2 85 B3 B5 E5 00 B3 88 D7 00
B3 87 15 01 BE 88 42 87 C6 87 93 96 17 00 13 56
F7 01 23 20 C4 F8 03 26 04 F8 B2 96 23 20 D4 F8
FD 87 23 22 F4 F8 83 27 04 F8 23 22 F4 FC 83 27
84 FB 23 28 F4 F0 FD 87 23 2A F4 F0 03 28 04 F1
83 28 44 F1 42 87 C6 87 93 56 27 00 13 96 E7 01
23 2A C4 F2 03 26 44 F3 B2 96 23 2A D4 F2 93 17
E7 01 23 28 F4 F2 03 27 04 F3 83 27 44 F3 C2 86
33 05 D7 40 AA 86 B3 36 D7 00 46 86 B3 85 C7 40
B3 87 D5 40 BE 85 2A 87 AE 87 37 06 00 40 81 46
33 08 C7 00 C2 85 B3 B5 E5 00 B3 88 D7 00 B3 87
15 01 BE 88 42 87 C6 87 93 96 17 00 13 56 F7 01
23 2C C4 F6 03 26 84 F7 B2 96 23 2C D4 F6 FD 87
23 2E F4 F6 83 27 84 F7 23 2C F4 FA 83 27 C4 FB
23 24 F4 F0 FD 87 23 26 F4 F0 03 28 84 F0 83 28
C4 F0 42 87 C6 87 93 56 27 00 13 96 E7 01 23 26
C4 F2 03 26 C4 F2 B2 96 23 26 D4 F2 93 17 E7 01
23 24 F4 F2 03 27 84 F2 83 27 C4 F2 C2 86 33 05
D7 40 AA 86 B3 36 D7 00 46 86 B3 85 C7 40 B3 87
D5 40 BE 85 2A 87 AE 87 37 06 00 40 81 46 33 08
C7 00 C2 85 B3 B5 E5 00 B3 88 D7 00 B3 87 15 01
BE 88 42 87 C6 87 93 96 17 00 13 56 F7 01 23 28
C4 F6 03 26 04 F7 B2 96 23 28 D4 F6 FD 87 23 2A
F4 F6 83 27 04 F7 23 2E F4 FA 03 27 04 FC 83 27
84 FB BA 97 23 28 F4 FA 03 27 44 FC 83 27 C4 FB
BA 97 23 2A F4 FA 03 27 04 FC 83 27 84 FB B3 07
F7 40 23 20 F4 FA 03 27 44 FC 83 27 C4 FB B3 07
F7 40 23 22 F4 FA 83 27 04 FA 23 20 F4 F0 FD 87
23 22 F4 F0 83 27 C4 F9 94 47 03 27 C4 FC B7 07
00 20 FD 17 BA 97 8E 07 B6 97 9C 43 23 2C F4 EE
FD 87 23 2E F4 EE 03 28 04 F0 83 28 44 F0 C6 87
83 25 84 EF 03 26 C4 EF 2E 87 33 87 E7 02 B2 87
C2 86 B3 87 D7 02 3E 97 C2 87 AE 86 B3 87 D7 02
C2 86 2E 86 B3 B6 C6 02 23 26 D4 F6 23 24 F4 F6
83 27 C4 F6 BA 97 23 26 F4 F6 83 27 44 FA 23 28
F4 EE FD 87 23 2A F4 EE 83 27 C4 F9 94 47 03 27
C4 FC B7 07 00 20 FD 17 BA 97 8E 07 B6 97 DC 43
23 24 F4 EE FD 87 23 26 F4 EE 03 28 04 EF 83 28
44 EF C6 87 83 25 84 EE 03 26 C4 EE 2E 87 33 87
E7 02 B2 87 C2 86 B3 87 D7 02 3E 97 C2 87 AE 86
B3 87 D7 02 C2 86 2E 86 B3 B6 C6 02 23 22 D4 F6
23 20 F4 F6 83 27 44 F6 BA 97 23 22 F4 F6 03 25
84 F6 83 25 C4 F6 AA 87 03 28 04 F6 83 28 44 F6
42 87 33 86 E7 40 B2 87 2A 87 B3 37 F7 00 2E 87
C6 85 B3 06 B7 40 B3 87 F6 40 BE 86 32 87 B6 87
37 06 00 40 81 46 33 08 C7 00 C2 85 B3 B5 E5 00
B3 88 D7 00 B3 87 15 01 BE 88 42 87 C6 87 93 96
17 00 13 56 F7 01 23 2C C4 F4 03 26 84 F5 B2 96
23 2C D4 F4 FD 87 23 2E F4 F4 83 27 84 F5 23 24
F4 FA 83 27 04 FA 23 20 F4 EE FD 87 23 22 F4 EE
83 27 C4 F9 94 47 03 27 C4 FC B7 07 00 20 FD 17
BA 97 8E 07 B6 97 DC 43 23 2C F4 EC FD 87 23 2E
F4 EC 03 28 04 EE 83 28 44 EE C6 87 83 25 84 ED
03 26 C4 ED 2E 87 33 87 E7 02 B2 87 C2 86 B3 87
D7 02 3E 97 C2 87 AE 86 B3 87 D7 02 C2 86 2E 86
B3 BB C6 02 3E 8B B3 07 77 01 BE 8B 83 27 44 FA
3E 8D FD 87 BE 8D 83 27 C4 F9 94 47 03 27 C4 FC
B7 07 00 20 FD 17 BA 97 8E 07 B6 97 9C 43 3E 8C
FD 87 BE 8C 33 87 8D 03 B3 87 AC 03 3E 97 B3 07
8D 03 B3 36 8D 03 23 2A D4 F4 23 28 F4 F4 83 27
44 F5 BA 97 23 2A F4 F4 03 25 04 F5 83 25 44 F5
AA 87 33 06 FB 00 B2 87 B3 B7 67 01 2E 87 B3 86
EB 00 B6 97 BE 86 32 87 B6 87 37 06 00 40 81 46
33 08 C7 00 C2 85 B3 B5 E5 00 B3 88 D7 00 B3 87
15 01 BE 88 42 87 C6 87 93 96 17 00 13 56 F7 01
23 24 C4 F4 03 26 84 F4 B2 96 23 24 D4 F4 FD 87
23 26 F4 F4 83 27 84 F4 23 26 F4 FA 03 26 04 FB
83 26 84 FA 83 27 C4 F9 D8 43 83 27 C4 FC 8E 07
3E 97 B3 07 D6 00 1C C3 03 26 44 FB 83 26 C4 FA
83 27 C4 F9 D8 43 83 27 C4 FC 8E 07 3E 97 B3 07
D6 00 5C C3 83 25 04 FB 03 26 84 FA 83 27 C4 F9
D4 43 03 27 84 FC 83 27 C4 FC B3 07 F7 40 8E 07
33 87 F6 00 B3 87 C5 40 1C C3 83 25 44 FB 03 26
C4 FA 83 27 C4 F9 D4 43 03 27 84 FC 83 27 C4 FC
B3 07 F7 40 8E 07 33 87 F6 00 B3 87 C5 40 5C C3
83 27 C4 F9 D4 43 03 27 84 FC 83 27 C4 FC B3 07
F7 40 8E 07 B6 97 D0 43 83 27 C4 F9 D4 43 03 27
84 FC 83 27 C4 FC B3 07 F7 40 8E 07 33 87 F6 00
B3 07 C0 40 5C C3 83 27 C4 FC 85 07 23 26 F4 FC
03 27 84 FC 93 57 F7 01 BA 97 85 87 3E 87 83 27
C4 FC E3 55 F7 9A 83 27 C4 F9 98 43 83 27 C4 F9
DC 43 03 26 44 F9 BE 85 3A 85 EF 40 70 53 83 20
C1 12 03 24 81 12 03 29 41 12 83 29 01 12 03 2A
C1 11 83 2A 81 11 03 2B 41 11 83 2B 01 11 03 2C
C1 10 83 2C 81 10 03 2D 41 10 83 2D 01 10 55 61
82 80 15 71 86 CF A2 CD CA CB CE C9 D2 C7 D6 C5
DA C3 DE C1 62 DF 66 DD 6A DB 6E D9 80 11 23 2E
A4 FA 23 2C B4 FA 23 2A C4 FA 23 28 D4 FA 83 27
44 FB 93 87 87 10 23 24 F4 FC 83 27 04 FB 13 97
37 00 83 27 C4 FB BA 97 23 26 F4 FC 83 27 C4 FB
9C 43 23 2C F4 F4 FD 87 23 2E F4 F4 03 28 84 F5
83 28 C4 F5 42 87 C6 87 93 56 27 00 13 96 E7 01
23 2E C4 F6 03 26 C4 F7 B2 96 23 2E D4 F6 93 17
E7 01 23 2C F4 F6 03 27 84 F7 83 27 C4 F7 C2 86
33 05 D7 40 AA 86 B3 36 D7 00 46 86 B3 85 C7 40
B3 87 D5 40 BE 85 2A 87 AE 87 37 06 00 40 81 46
33 08 C7 00 C2 85 B3 B5 E5 00 B3 88 D7 00 B3 87
15 01 BE 88 42 87 C6 87 93 96 17 00 13 56 F7 01
23 24 C4 FA 03 26 84 FA B2 96 23 24 D4 FA FD 87
23 26 F4 FA 03 27 84 FA 83 27 C4 FB 98 C3 83 27
C4 FB DC 43 23 28 F4 F4 FD 87 23 2A F4 F4 03 28
04 F5 83 28 44 F5 42 87 C6 87 93 56 27 00 13 96
E7 01 23 2A C4 F6 03 26 44 F7 B2 96 23 2A D4 F6
93 17 E7 01 23 28 F4 F6 03 27 04 F7 83 27 44 F7
C2 86 33 05 D7 40 AA 86 B3 36 D7 00 46 86 B3 85
C7 40 B3 87 D5 40 BE 85 2A 87 AE 87 37 06 00 40
81 46 33 08 C7 00 C2 85 B3 B5 E5 00 B3 88 D7 00
B3 87 15 01 BE 88 42 87 C6 87 93 96 17 00 13 56
F7 01 23 20 C4 FA 03 26 04 FA B2 96 23 20 D4 FA
FD 87 23 22 F4 FA 03 27 04 FA 83 27 C4 FB D8 C3
83 27 C4 FC 9C 43 23 24 F4 F4 FD 87 23 26 F4 F4
03 28 84 F4 83 28 C4 F4 42 87 C6 87 93 56 27 00
13 96 E7 01 23 26 C4 F6 03 26 C4 F6 B2 96 23 26
D4 F6 93 17 E7 01 23 24 F4 F6 03 27 84 F6 83 27
C4 F6 C2 86 33 05 D7 40 AA 86 B3 36 D7 00 46 86
B3 85 C7 40 B3 87 D5 40 BE 85 2A 87 AE 87 37 06
00 40 81 46 33 08 C7 00 C2 85 B3 B5 E5 00 B3 88
D7 00 B3 87 15 01 BE 88 42 87 C6 87 93 96 17 00
13 56 F7 01 23 2C C4 F8 03 26 84 F9 B2 96 23 2C
D4 F8 FD 87 23 2E F4 F8 03 27 84 F9 83 27 C4 FC
98 C3 83 27 C4 FC DC 43 23 20 F4 F4 FD 87 23 22
F4 F4 03 28 04 F4 83 28 44 F4 42 87 C6 87 93 56
27 00 13 96 E7 01 23 22 C4 F6 03 26 44 F6 B2 96
23 22 D4 F6 93 17 E7 01 23 20 F4 F6 03 27 04 F6
83 27 44 F6 C2 86 33 05 D7 40 AA 86 B3 36 D7 00
46 86 B3 85 C7 40 B3 87 D5 40 BE 85 2A 87 AE 87
37 06 00 40 81 46 33 08 C7 00 C2 85 B3 B5 E5 00
B3 88 D7 00 B3 87 15 01 BE 88 42 87 C6 87 93 96
17 00 13 56 F7 01 23 28 C4 F8 03 26 04 F9 B2 96
23 28 D4 F8 FD 87 23 2A F4 F8 03 27 04 F9 83 27
C4 FC D8 C3 83 27 C4 FC 9C 43 23 2C F4 F2 FD 87
23 2E F4 F2 83 27 84 FC 9C 43 23 28 F4 F2 FD 87
23 2A F4 F2 03 28 84 F3 83 28 C4 F3 C6 87 83 25
04 F3 03 26 44 F3 2E 87 33 87 E7 02 B2 87 C2 86
B3 87 D7 02 3E 97 C2 87 AE 86 B3 87 D7 02 C2 86
2E 86 B3 BD C6 02 3E 8D B3 07 B7 01 BE 8D 83 27
C4 FC DC 43 23 24 F4 F2 FD 87 23 26 F4 F2 83 27
84 FC DC 43 23 20 F4 F2 FD 87 23 22 F4 F2 03 28
84 F2 83 28 C4 F2 C6 87 83 25 04 F2 03 26 44 F2
2E 87 33 87 E7 02 B2 87 C2 86 B3 87 D7 02 3E 97
C2 87 AE 86 B3 87 D7 02 C2 86 2E 86 B3 B6 C6 02
23 26 D4 F8 23 24 F4 F8 83 27 C4 F8 BA 97 23 26
F4 F8 03 25 84 F8 83 25 C4 F8 AA 87 33 06 FD 40
B2 87 B3 37 FD 00 2E 87 B3 86 ED 40 B3 87 F6 40
BE 86 32 87 B6 87 37 06 00 40 81 46 33 08 C7 00
C2 85 B3 B5 E5 00 B3 88 D7 00 B3 87 15 01 BE 88
42 87 C6 87 93 96 17 00 13 56 F7 01 23 20 C4 F8
03 26 04 F8 B2 96 23 20 D4 F8 FD 87 23 22 F4 F8
83 27 04 F8 23 20 F4 FC 83 27 C4 FC 9C 43 3E 8B
FD 87 BE 8B 83 27 84 FC DC 43 3E 8A FD 87 BE 8A
33 87 4B 03 B3 87 6A 03 3E 97 B3 07 4B 03 B3 33
4B 03 3E 83 B3 07 77 00 BE 83 83 27 C4 FC DC 43
3E 8F FD 87 BE 8F 83 27 84 FC 9C 43 3E 8E FD 87
BE 8E 33 87 CF 03 B3 87 EE 03 3E 97 B3 07 CF 03
B3 3C CF 03 3E 8C B3 07 97 01 BE 8C 33 06 83 01
B2 87 B3 B7 67 00 B3 86 93 01 B6 97 BE 86 32 87
B6 87 37 06 00 40 81 46 33 08 C7 00 C2 85 B3 B5
E5 00 B3 88 D7 00 B3 87 15 01 BE 88 42 87 C6 87
93 96 17 00 13 59 F7 01 36 99 93 D9 F7 41 CA 87
23 22 F4 FC 83 27 84 FB 13 97 37 00 83 27 84 FC
BA 97 23 24 F4 FC 83 27 C4 FB 98 43 83 27 04 FC
1D 8F 83 27 C4 FC 98 C3 83 27 C4 FB D8 43 83 27
44 FC 1D 8F 83 27 C4 FC D8 C3 83 27 C4 FB 98 43
83 27 04 FC 3E 97 83 27 C4 FB 98 C3 83 27 C4 FB
D8 43 83 27 44 FC 3E 97 83 27 C4 FB D8 C3 83 27
C4 FC A1 07 23 26 F4 FC 83 27 C4 FB A1 07 23 2E
F4 FA 83 27 04 FB FD 17 23 28 F4 FA 83 27 04 FB
E3 96 07 B2 01 00 01 00 FE 40 6E 44 5E 49 CE 49
3E 4A AE 4A 1E 4B 8E 4B 7A 5C EA 5C 5A 5D CA 5D
2D 61 82 80 13 01 01 DA 23 2E 11 24 23 2C 81 24
23 2A 21 25 23 28 31 25 23 26 41 25 23 24 51 25
23 22 61 25 23 20 71 25 23 2E 81 23 23 2C 91 23
23 2A A1 23 23 28 B1 23 80 14 23 2E A4 F6 23 2C
B4 F6 23 2A C4 F6 23 28 D4 F6 83 27 04 F7 23 20
F4 FC 83 27 04 F7 86 07 23 2E F4 FA 03 27 04 F7
BA 87 86 07 BA 97 23 2C F4 FA 83 27 44 F7 93 87
87 10 23 26 F4 FC 83 27 C4 FC 23 24 F4 FC 83 27
84 FC 23 22 F4 FC 83 27 C4 F7 9C 43 23 2C F4 E6
FD 87 23 2E F4 E6 03 28 84 E7 83 28 C4 E7 42 87
C6 87 93 56 37 00 13 96 D7 01 23 2E C4 EA 03 26
C4 EB B2 96 23 2E D4 EA 93 17 D7 01 23 2C F4 EA
03 27 84 EB 83 27 C4 EB C2 86 33 05 D7 40 AA 86
B3 36 D7 00 46 86 B3 85 C7 40 B3 87 D5 40 BE 85
2A 87 AE 87 37 06 00 40 81 46 33 08 C7 00 C2 85
B3 B5 E5 00 B3 88 D7 00 B3 87 15 01 BE 88 42 87
C6 87 93 96 17 00 13 56 F7 01 23 24 C4 F6 03 26
84 F6 B2 96 23 24 D4 F6 FD 87 23 26 F4 F6 03 27
84 F6 83 27 C4 F7 98 C3 83 27 C4 F7 DC 43 23 28
F4 E6 FD 87 23 2A F4 E6 03 28 04 E7 83 28 44 E7
42 87 C6 87 93 56 37 00 13 96 D7 01 23 2A C4 EA
03 26 44 EB B2 96 23 2A D4 EA 93 17 D7 01 23 28
F4 EA 03 27 04 EB 83 27 44 EB C2 86 33 05 D7 40
AA 86 B3 36 D7 00 46 86 B3 85 C7 40 B3 87 D5 40
BE 85 2A 87 AE 87 37 06 00 40 81 46 33 08 C7 00
C2 85 B3 B5 E5 00 B3 88 D7 00 B3 87 15 01 BE 88
42 87 C6 87 93 96 17 00 13 56 F7 01 23 20 C4 F6
03 26 04 F6 B2 96 23 20 D4 F6 FD 87 23 22 F4 F6
03 27 04 F6 83 27 C4 F7 D8 C3 83 27 04 F7 13 97
37 00 83 27 C4 F7 BA 97 9C 43 23 24 F4 E6 FD 87
23 26 F4 E6 03 28 84 E6 83 28 C4 E6 42 87 C6 87
93 56 37 00 13 96 D7 01 23 26 C4 EA 03 26 C4 EA
B2 96 23 26 D4 EA 93 17 D7 01 23 24 F4 EA 03 27
84 EA 83 27 C4 EA C2 86 33 05 D7 40 AA 86 B3 36
D7 00 46 86 B3 85 C7 40 B3 87 D5 40 BE 85 2A 87
AE 87 37 06 00 40 81 46 33 08 C7 00 C2 85 B3 B5
E5 00 B3 88 D7 00 B3 87 15 01 BE 88 42 87 C6 87
93 96 17 00 13 56 F7 01 23 2C C4 F4 03 26 84 F5
B2 96 23 2C D4 F4 FD 87 23 2E F4 F4 83 27 04 F7
13 97 37 00 83 27 C4 F7 3E 97 83 27 84 F5 1C C3
83 27 04 F7 13 97 37 00 83 27 C4 F7 BA 97 DC 43
23 20 F4 E6 FD 87 23 22 F4 E6 03 28 04 E6 83 28
44 E6 42 87 C6 87 93 56 37 00 13 96 D7 01 23 22
C4 EA 03 26 44 EA B2 96 23 22 D4 EA 93 17 D7 01
23 20 F4 EA 03 27 04 EA 83 27 44 EA C2 86 33 05
D7 40 AA 86 B3 36 D7 00 46 86 B3 85 C7 40 B3 87
D5 40 BE 85 2A 87 AE 87 37 06 00 40 81 46 33 08
C7 00 C2 85 B3 B5 E5 00 B3 88 D7 00 B3 87 15 01
BE 88 42 87 C6 87 93 96 17 00 13 56 F7 01 23 28
C4 F4 03 26 04 F5 B2 96 23 28 D4 F4 FD 87 23 2A
F4 F4 83 27 04 F7 13 97 37 00 83 27 C4 F7 3E 97
83 27 04 F5 5C C3 83 27 C4 FB 13 97 37 00 83 27
C4 F7 BA 97 9C 43 23 2C F4 E4 FD 87 23 2E F4 E4
03 28 84 E5 83 28 C4 E5 42 87 C6 87 93 56 37 00
13 96 D7 01 23 2E C4 E8 03 26 C4 E9 B2 96 23 2E
D4 E8 93 17 D7 01 23 2C F4 E8 03 27 84 E9 83 27
C4 E9 C2 86 33 05 D7 40 AA 86 B3 36 D7 00 46 86
B3 85 C7 40 B3 87 D5 40 BE 85 2A 87 AE 87 37 06
00 40 81 46 33 08 C7 00 C2 85 B3 B5 E5 00 B3 88
D7 00 B3 87 15 01 BE 88 42 87 C6 87 93 96 17 00
13 56 F7 01 23 24 C4 F4 03 26 84 F4 B2 96 23 24
D4 F4 FD 87 23 26 F4 F4 83 27 C4 FB 13 97 37 00
83 27 C4 F7 3E 97 83 27 84 F4 1C C3 83 27 C4 FB
13 97 37 00 83 27 C4 F7 BA 97 DC 43 23 28 F4 E4
FD 87 23 2A F4 E4 03 28 04 E5 83 28 44 E5 42 87
C6 87 93 56 37 00 13 96 D7 01 23 2A C4 E8 03 26
44 E9 B2 96 23 2A D4 E8 93 17 D7 01 23 28 F4 E8
03 27 04 E9 83 27 44 E9 C2 86 33 05 D7 40 AA 86
B3 36 D7 00 46 86 B3 85 C7 40 B3 87 D5 40 BE 85
2A 87 AE 87 37 06 00 40 81 46 33 08 C7 00 C2 85
B3 B5 E5 00 B3 88 D7 00 B3 87 15 01 BE 88 42 87
C6 87 93 96 17 00 13 56 F7 01 23 20 C4 F4 03 26
04 F4 B2 96 23 20 D4 F4 FD 87 23 22 F4 F4 83 27
C4 FB 13 97 37 00 83 27 C4 F7 3E 97 83 27 04 F4
5C C3 83 27 84 FB 13 97 37 00 83 27 C4 F7 BA 97
9C 43 23 24 F4 E4 FD 87 23 26 F4 E4 03 28 84 E4
83 28 C4 E4 42 87 C6 87 93 56 37 00 13 96 D7 01
23 26 C4 E8 03 26 C4 E8 B2 96 23 26 D4 E8 93 17
D7 01 23 24 F4 E8 03 27 84 E8 83 27 C4 E8 C2 86
33 05 D7 40 AA 86 B3 36 D7 00 46 86 B3 85 C7 40
B3 87 D5 40 BE 85 2A 87 AE 87 37 06 00 40 81 46
33 08 C7 00 C2 85 B3 B5 E5 00 B3 88 D7 00 B3 87
15 01 BE 88 42 87 C6 87 93 96 17 00 13 56 F7 01
23 2C C4 F2 03 26 84 F3 B2 96 23 2C D4 F2 FD 87
23 2E F4 F2 83 27 84 FB 13 97 37 00 83 27 C4 F7
3E 97 83 27 84 F3 1C C3 83 27 84 FB 13 97 37 00
83 27 C4 F7 BA 97 DC 43 23 20 F4 E4 FD 87 23 22
F4 E4 03 28 04 E4 83 28 44 E4 42 87 C6 87 93 56
37 00 13 96 D7 01 23 22 C4 E8 03 26 44 E8 B2 96
23 22 D4 E8 93 17 D7 01 23 20 F4 E8 03 27 04 E8
83 27 44 E8 C2 86 33 05 D7 40 AA 86 B3 36 D7 00
46 86 B3 85 C7 40 B3 87 D5 40 BE 85 2A 87 AE 87
37 06 00 40 81 46 33 08 C7 00 C2 85 B3 B5 E5 00
B3 88 D7 00 B3 87 15 01 BE 88 42 87 C6 87 93 96
17 00 13 56 F7 01 23 28 C4 F2 03 26 04 F3 B2 96
23 28 D4 F2 FD 87 23 2A F4 F2 83 27 84 FB 13 97
37 00 83 27 C4 F7 3E 97 83 27 04 F3 5C C3 83 27
04 F7 13 97 37 00 83 27 C4 F7 BA 97 9C 43 23 2C
F4 E2 FD 87 23 2E F4 E2 83 27 C4 FC 9C 43 23 28
F4 E2 FD 87 23 2A F4 E2 03 28 84 E3 83 28 C4 E3
C6 87 83 25 04 E3 03 26 44 E3 2E 87 33 87 E7 02
B2 87 C2 86 B3 87 D7 02 3E 97 C2 87 AE 86 B3 87
D7 02 C2 86 2E 86 B3 B6 C6 02 23 26 D4 F2 23 24
F4 F2 83 27 C4 F2 BA 97 23 26 F4 F2 83 27 04 F7
13 97 37 00 83 27 C4 F7 BA 97 DC 43 23 24 F4 E2
FD 87 23 26 F4 E2 83 27 C4 FC DC 43 23 20 F4 E2
FD 87 23 22 F4 E2 03 28 84 E2 83 28 C4 E2 C6 87
83 25 04 E2 03 26 44 E2 2E 87 33 87 E7 02 B2 87
C2 86 B3 87 D7 02 3E 97 C2 87 AE 86 B3 87 D7 02
C2 86 2E 86 B3 B6 C6 02 23 22 D4 F2 23 20 F4 F2
83 27 44 F2 BA 97 23 22 F4 F2 03 25 84 F2 83 25
C4 F2 AA 87 03 28 04 F2 83 28 44 F2 42 87 33 86
E7 40 B2 87 2A 87 B3 37 F7 00 2E 87 C6 85 B3 06
B7 40 B3 87 F6 40 BE 86 32 87 B6 87 37 06 00 40
81 46 33 08 C7 00 C2 85 B3 B5 E5 00 B3 88 D7 00
B3 87 15 01 BE 88 42 87 C6 87 93 96 17 00 13 56
F7 01 23 2C C4 F0 03 26 84 F1 B2 96 23 2C D4 F0
FD 87 23 2E F4 F0 83 27 84 F1 23 24 F4 F8 83 27
04 F7 13 97 37 00 83 27 C4 F7 BA 97 9C 43 23 2C
F4 E0 FD 87 23 2E F4 E0 83 27 C4 FC DC 43 23 28
F4 E0 FD 87 23 2A F4 E0 03 28 84 E1 83 28 C4 E1
C6 87 83 25 04 E1 03 26 44 E1 2E 87 33 87 E7 02
B2 87 C2 86 B3 87 D7 02 3E 97 C2 87 AE 86 B3 87
D7 02 C2 86 2E 86 B3 B6 C6 02 23 2A D4 F0 23 28
F4 F0 83 27 44 F1 BA 97 23 2A F4 F0 83 27 04 F7
13 97 37 00 83 27 C4 F7 BA 97 DC 43 23 24 F4 E0
FD 87 23 26 F4 E0 83 27 C4 FC 9C 43 23 20 F4 E0
FD 87 23 22 F4 E0 03 28 84 E0 83 28 C4 E0 C6 87
83 25 04 E0 03 26 44 E0 2E 87 33 87 E7 02 B2 87
C2 86 B3 87 D7 02 3E 97 C2 87 AE 86 B3 87 D7 02
C2 86 2E 86 B3 B6 C6 02 23 26 D4 F0 23 24 F4 F0
83 27 C4 F0 BA 97 23 26 F4 F0 03 25 04 F1 83 25
44 F1 AA 87 03 28 84 F0 83 28 C4 F0 42 87 33 86
E7 00 B2 87 2A 87 B3 B7 E7 00 2E 87 C6 85 B3 06
B7 00 B6 97 BE 86 32 87 B6 87 37 06 00 40 81 46
33 08 C7 00 C2 85 B3 B5 E5 00 B3 88 D7 00 B3 87
15 01 BE 88 42 87 C6 87 93 96 17 00 13 56 F7 01
23 20 C4 F0 03 26 04 F0 B2 96 23 20 D4 F0 FD 87
23 22 F4 F0 83 27 04 F0 23 26 F4 F8 83 27 C4 FB
13 97 37 00 83 27 C4 F7 BA 97 9C 43 23 2C F4 DE
FD 87 23 2E F4 DE 83 27 84 FC 9C 43 23 28 F4 DE
FD 87 23 2A F4 DE 03 28 84 DF 83 28 C4 DF C6 87
83 25 04 DF 03 26 44 DF 2E 87 33 87 E7 02 B2 87
C2 86 B3 87 D7 02 3E 97 C2 87 AE 86 B3 87 D7 02
C2 86 2E 86 B3 B6 C6 02 23 2E D4 EE 23 2C F4 EE
83 27 C4 EF BA 97 23 2E F4 EE 83 27 C4 FB 13 97
37 00 83 27 C4 F7 BA 97 DC 43 23 24 F4 DE FD 87
23 26 F4 DE 83 27 84 FC DC 43 23 20 F4 DE FD 87
23 22 F4 DE 03 28 84 DE 83 28 C4 DE C6 87 83 25
04 DE 03 26 44 DE 2E 87 33 87 E7 02 B2 87 C2 86
B3 87 D7 02 3E 97 C2 87 AE 86 B3 87 D7 02 C2 86
2E 86 B3 B6 C6 02 23 2A D4 EE 23 28 F4 EE 83 27
44 EF BA 97 23 2A F4 EE 03 25 84 EF 83 25 C4 EF
AA 87 03 28 04 EF 83 28 44 EF 42 87 33 86 E7 40
B2 87 2A 87 B3 37 F7 00 2E 87 C6 85 B3 06 B7 40
B3 87 F6 40 BE 86 32 87 B6 87 37 06 00 40 81 46
33 08 C7 00 C2 85 B3 B5 E5 00 B3 88 D7 00 B3 87
15 01 BE 88 42 87 C6 87 93 96 17 00 13 56 F7 01
23 24 C4 EE 03 26 84 EE B2 96 23 24 D4 EE FD 87
23 26 F4 EE 83 27 84 EE 23 28 F4 F8 83 27 C4 FB
13 97 37 00 83 27 C4 F7 BA 97 9C 43 23 2C F4 DC
FD 87 23 2E F4 DC 83 27 84 FC DC 43 23 28 F4 DC
FD 87 23 2A F4 DC 03 28 84 DD 83 28 C4 DD C6 87
83 25 04 DD 03 26 44 DD 2E 87 33 87 E7 02 B2 87
C2 86 B3 87 D7 02 3E 97 C2 87 AE 86 B3 87 D7 02
C2 86 2E 86 B3 BC C6 02 3E 8C B3 07 97 01 BE 8C
83 27 C4 FB 13 97 37 00 83 27 C4 F7 BA 97 DC 43
23 24 F4 DC FD 87 23 26 F4 DC 83 27 84 FC 9C 43
23 20 F4 DC FD 87 23 22 F4 DC 03 28 84 DC 83 28
C4 DC C6 87 83 25 04 DC 03 26 44 DC 2E 87 33 87
E7 02 B2 87 C2 86 B3 87 D7 02 3E 97 C2 87 AE 86
B3 87 D7 02 C2 86 2E 86 B3 B6 C6 02 23 22 D4 EE
23 20 F4 EE 83 27 44 EE BA 97 23 22 F4 EE 03 25
04 EE 83 25 44 EE AA 87 33 06 FC 00 B2 87 B3 B7
87 01 2E 87 B3 86 EC 00 B6 97 BE 86 32 87 B6 87
37 06 00 40 81 46 33 08 C7 00 C2 85 B3 B5 E5 00
B3 88 D7 00 B3 87 15 01 BE 88 42 87 C6 87 93 96
17 00 13 56 F7 01 23 2C C4 EC 03 26 84 ED B2 96
23 2C D4 EC FD 87 23 2E F4 EC 83 27 84 ED 23 2A
F4 F8 83 27 84 FB 13 97 37 00 83 27 C4 F7 BA 97
9C 43 23 2C F4 DA FD 87 23 2E F4 DA 83 27 44 FC
9C 43 23 28 F4 DA FD 87 23 2A F4 DA 03 28 84 DB
83 28 C4 DB C6 87 83 25 04 DB 03 26 44 DB 2E 87
33 87 E7 02 B2 87 C2 86 B3 87 D7 02 3E 97 C2 87
AE 86 B3 87 D7 02 C2 86 2E 86 B3 BE C6 02 3E 8E
B3 07 D7 01 BE 8E 83 27 84 FB 13 97 37 00 83 27
C4 F7 BA 97 DC 43 23 24 F4 DA FD 87 23 26 F4 DA
83 27 44 FC DC 43 23 20 F4 DA FD 87 23 22 F4 DA
03 28 84 DA 83 28 C4 DA C6 87 83 25 04 DA 03 26
44 DA 2E 87 33 87 E7 02 B2 87 C2 86 B3 87 D7 02
3E 97 C2 87 AE 86 B3 87 D7 02 C2 86 2E 86 B3 B6
C6 02 23 2A D4 EC 23 28 F4 EC 83 27 44 ED BA 97
23 2A F4 EC 03 25 04 ED 83 25 44 ED AA 87 33 06
FE 40 B2 87 B3 37 FE 00 2E 87 B3 86 EE 40 B3 87
F6 40 BE 86 32 87 B6 87 37 06 00 40 81 46 33 08
C7 00 C2 85 B3 B5 E5 00 B3 88 D7 00 B3 87 15 01
BE 88 42 87 C6 87 93 96 17 00 13 56 F7 01 23 24
C4 EC 03 26 84 EC B2 96 23 24 D4 EC FD 87 23 26
F4 EC 83 27 84 EC 23 2C F4 F8 83 27 84 FB 13 97
37 00 83 27 C4 F7 BA 97 9C 43 3E 8B FD 87 BE 8B
83 27 44 FC DC 43 3E 8A FD 87 BE 8A 33 87 4B 03
B3 87 6A 03 3E 97 B3 07 4B 03 B3 33 4B 03 3E 83
B3 07 77 00 BE 83 83 27 84 FB 13 97 37 00 83 27
C4 F7 BA 97 DC 43 3E 89 FD 87 BE 89 83 27 44 FC
9C 43 3E 8F FD 87 BE 8F 33 87 E9 03 B3 87 2F 03
3E 97 B3 07 E9 03 B3 3D E9 03 3E 8D B3 07 B7 01
BE 8D 33 06 A3 01 B2 87 B3 B7 67 00 B3 86 B3 01
B6 97 BE 86 32 87 B6 87 37 06 00 40 81 46 33 08
C7 00 C2 85 B3 B5 E5 00 B3 88 D7 00 B3 87 15 01
BE 88 42 87 C6 87 93 96 17 00 13 56 F7 01 23 20
C4 EC 03 26 04 EC B2 96 23 20 D4 EC FD 87 23 22
F4 EC 83 27 04 EC 23 2E F4 F8 83 27 C4 F7 98 43
83 27 04 F9 B3 07 F7 40 23 28 F4 FA 83 27 C4 F7
D8 43 83 27 44 F9 B3 07 F7 40 23 2A F4 FA 83 27
C4 F7 98 43 83 27 04 F9 3E 97 83 27 C4 F7 98 C3
83 27 C4 F7 D8 43 83 27 44 F9 3E 97 83 27 C4 F7
D8 C3 03 27 84 F8 83 27 84 F9 BA 97 23 20 F4 FA
03 27 C4 F8 83 27 C4 F9 BA 97 23 22 F4 FA 03 27
84 F8 83 27 84 F9 B3 07 F7 40 23 24 F4 FA 03 27
C4 F8 83 27 C4 F9 B3 07 F7 40 23 26 F4 FA 83 27
C4 F7 90 43 83 26 04 FA 83 27 C4 FB 13 97 37 00
83 27 C4 F7 3E 97 B3 07 D6 40 1C C3 83 27 C4 F7
D0 43 83 26 44 FA 83 27 C4 FB 13 97 37 00 83 27
C4 F7 3E 97 B3 07 D6 40 5C C3 83 27 84 F7 13 97
37 00 83 27 C4 FC BA 97 23 26 F4 FC 83 27 84 F7
13 97 47 00 83 27 84 FC BA 97 23 24 F4 FC 03 27
84 F7 BA 87 86 07 BA 97 8E 07 3E 87 83 27 44 FC
BA 97 23 22 F4 FC 83 27 C4 F7 98 43 83 27 04 FA
3E 97 83 27 C4 F7 98 C3 83 27 C4 F7 D8 43 83 27
44 FA 3E 97 83 27 C4 F7 D8 C3 83 27 44 F7 DC 43
B5 CB 03 26 04 FB 83 26 C4 FA 83 27 04 F7 13 97
37 00 83 27 C4 F7 3E 97 B3 07 D6 40 1C C3 03 26
44 FB 83 26 84 FA 83 27 04 F7 13 97 37 00 83 27
C4 F7 3E 97 B3 07 D6 00 5C C3 03 26 04 FB 83 26
C4 FA 83 27 84 FB 13 97 37 00 83 27 C4 F7 3E 97
B3 07 D6 00 1C C3 03 26 44 FB 83 26 84 FA 83 27
84 FB 13 97 37 00 83 27 C4 F7 3E 97 B3 07 D6 40
5C C3 8D A8 03 26 04 FB 83 26 C4 FA 83 27 04 F7
13 97 37 00 83 27 C4 F7 3E 97 B3 07 D6 00 1C C3
03 26 44 FB 83 26 84 FA 83 27 04 F7 13 97 37 00
83 27 C4 F7 3E 97 B3 07 D6 40 5C C3 03 26 04 FB
83 26 C4 FA 83 27 84 FB 13 97 37 00 83 27 C4 F7
3E 97 B3 07 D6 40 1C C3 03 26 44 FB 83 26 84 FA
83 27 84 FB 13 97 37 00 83 27 C4 F7 3E 97 B3 07
D6 00 5C C3 83 27 C4 F7 A1 07 23 2E F4 F6 83 27
04 FC FD 17 23 20 F4 FC 83 27 04 FC 63 95 07 92
01 00 01 00 83 20 C1 25 03 24 81 25 03 29 41 25
83 29 01 25 03 2A C1 24 83 2A 81 24 03 2B 41 24
83 2B 01 24 03 2C C1 23 83 2C 81 23 03 2D 41 23
83 2D 01 23 13 01 01 26 82 80 41 71 23 26 11 1E
23 24 81 1E 23 22 21 1F 23 20 31 1F 23 2E 41 1D
23 2C 51 1D 23 2A 61 1D 23 28 71 1D 23 26 81 1D
23 24 91 1D 23 22 A1 1D 23 20 B1 1D 80 1B 23 26
A4 F8 23 24 B4 F8 23 22 C4 F8 23 20 D4 F8 83 27
04 F8 23 26 F4 FC 83 27 04 F8 86 07 23 20 F4 FC
03 27 84 F8 83 27 04 F8 B3 07 F7 02 83 26 44 F8
93 87 07 02 13 97 37 00 36 97 1C 47 23 28 F4 F8
5C 47 23 2A F4 F8 83 27 44 F8 93 87 87 10 23 22
F4 FC 83 27 44 FC 23 24 F4 FC 83 27 C4 F8 9C 43
23 2C F4 EA FD 87 23 2E F4 EA B7 B7 AA 2A 93 87
A7 AA 83 25 84 EB 03 26 C4 EB 32 87 33 07 F7 02
81 47 AE 86 B3 87 F6 02 B3 06 F7 00 B7 B7 AA 2A
93 87 A7 AA 2E 87 33 07 F7 02 2E 86 B3 37 F6 02
23 2E F4 F6 23 2C E4 F6 83 27 C4 F7 B6 97 23 2E
F4 F6 37 07 00 40 81 47 03 28 84 F7 83 28 C4 F7
C2 86 33 85 E6 00 AA 86 42 86 B3 B6 C6 00 46 86
B3 05 F6 00 B3 87 B6 00 BE 85 2A 87 AE 87 93 96
17 00 13 56 F7 01 23 28 C4 F6 03 26 04 F7 B2 96
23 28 D4 F6 FD 87 23 2A F4 F6 03 27 04 F7 83 27
C4 F8 98 C3 83 27 C4 F8 DC 43 23 28 F4 EA FD 87
23 2A F4 EA B7 B7 AA 2A 93 87 A7 AA 83 25 04 EB
03 26 44 EB 32 87 33 07 F7 02 81 47 AE 86 B3 87
F6 02 B3 06 F7 00 B7 B7 AA 2A 93 87 A7 AA 2E 87
33 07 F7 02 2E 86 B3 37 F6 02 23 26 F4 F6 23 24
E4 F6 83 27 C4 F6 B6 97 23 26 F4 F6 37 07 00 40
81 47 03 28 84 F6 83 28 C4 F6 C2 86 33 85 E6 00
AA 86 42 86 B3 B6 C6 00 46 86 B3 05 F6 00 B3 87
B6 00 BE 85 2A 87 AE 87 93 96 17 00 13 56 F7 01
23 20 C4 F6 03 26 04 F6 B2 96 23 20 D4 F6 FD 87
23 22 F4 F6 03 27 04 F6 83 27 C4 F8 D8 C3 83 27
04 F8 13 97 37 00 83 27 C4 F8 BA 97 9C 43 23 24
F4 EA FD 87 23 26 F4 EA B7 B7 AA 2A 93 87 A7 AA
83 25 84 EA 03 26 C4 EA 32 87 33 07 F7 02 81 47
AE 86 B3 87 F6 02 B3 06 F7 00 B7 B7 AA 2A 93 87
A7 AA 2E 87 33 07 F7 02 2E 86 B3 37 F6 02 23 2E
F4 F4 23 2C E4 F4 83 27 C4 F5 B6 97 23 2E F4 F4
37 07 00 40 81 47 03 28 84 F5 83 28 C4 F5 C2 86
33 85 E6 00 AA 86 42 86 B3 B6 C6 00 46 86 B3 05
F6 00 B3 87 B6 00 BE 85 2A 87 AE 87 93 96 17 00
13 56 F7 01 23 28 C4 F4 03 26 04 F5 B2 96 23 28
D4 F4 FD 87 23 2A F4 F4 83 27 04 F8 13 97 37 00
83 27 C4 F8 3E 97 83 27 04 F5 1C C3 83 27 04 F8
13 97 37 00 83 27 C4 F8 BA 97 DC 43 23 20 F4 EA
FD 87 23 22 F4 EA B7 B7 AA 2A 93 87 A7 AA 83 25
04 EA 03 26 44 EA 32 87 33 07 F7 02 81 47 AE 86
B3 87 F6 02 B3 06 F7 00 B7 B7 AA 2A 93 87 A7 AA
2E 87 33 07 F7 02 2E 86 B3 37 F6 02 23 26 F4 F4
23 24 E4 F4 83 27 C4 F4 B6 97 23 26 F4 F4 37 07
00 40 81 47 03 28 84 F4 83 28 C4 F4 C2 86 33 85
E6 00 AA 86 42 86 B3 B6 C6 00 46 86 B3 05 F6 00
B3 87 B6 00 BE 85 2A 87 AE 87 93 96 17 00 13 56
F7 01 23 20 C4 F4 03 26 04 F4 B2 96 23 20 D4 F4
FD 87 23 22 F4 F4 83 27 04 F8 13 97 37 00 83 27
C4 F8 3E 97 83 27 04 F4 5C C3 83 27 04 FC 13 97
37 00 83 27 C4 F8 BA 97 9C 43 23 2C F4 E8 FD 87
23 2E F4 E8 B7 B7 AA 2A 93 87 A7 AA 83 25 84 E9
03 26 C4 E9 32 87 33 07 F7 02 81 47 AE 86 B3 87
F6 02 B3 06 F7 00 B7 B7 AA 2A 93 87 A7 AA 2E 87
33 07 F7 02 2E 86 B3 37 F6 02 23 2E F4 F2 23 2C
E4 F2 83 27 C4 F3 B6 97 23 2E F4 F2 37 07 00 40
81 47 03 28 84 F3 83 28 C4 F3 C2 86 33 85 E6 00
AA 86 42 86 B3 B6 C6 00 46 86 B3 05 F6 00 B3 87
B6 00 BE 85 2A 87 AE 87 93 96 17 00 13 56 F7 01
23 28 C4 F2 03 26 04 F3 B2 96 23 28 D4 F2 FD 87
23 2A F4 F2 83 27 04 FC 13 97 37 00 83 27 C4 F8
3E 97 83 27 04 F3 1C C3 83 27 04 FC 13 97 37 00
83 27 C4 F8 BA 97 DC 43 23 28 F4 E8 FD 87 23 2A
F4 E8 B7 B7 AA 2A 93 87 A7 AA 83 25 04 E9 03 26
44 E9 32 87 33 07 F7 02 81 47 AE 86 B3 87 F6 02
B3 06 F7 00 B7 B7 AA 2A 93 87 A7 AA 2E 87 33 07
F7 02 2E 86 B3 37 F6 02 23 26 F4 F2 23 24 E4 F2
83 27 C4 F2 B6 97 23 26 F4 F2 37 07 00 40 81 47
03 28 84 F2 83 28 C4 F2 C2 86 33 85 E6 00 AA 86
42 86 B3 B6 C6 00 46 86 B3 05 F6 00 B3 87 B6 00
BE 85 2A 87 AE 87 93 96 17 00 13 56 F7 01 23 20
C4 F2 03 26 04 F2 B2 96 23 20 D4 F2 FD 87 23 22
F4 F2 83 27 04 FC 13 97 37 00 83 27 C4 F8 3E 97
83 27 04 F2 5C C3 83 27 04 F8 13 97 37 00 83 27
C4 F8 BA 97 9C 43 23 24 F4 E8 FD 87 23 26 F4 E8
83 27 84 FC 9C 43 23 20 F4 E8 FD 87 23 22 F4 E8
03 28 84 E8 83 28 C4 E8 C6 87 83 25 04 E8 03 26
44 E8 2E 87 33 87 E7 02 B2 87 C2 86 B3 87 D7 02
3E 97 C2 87 AE 86 B3 87 D7 02 C2 86 2E 86 B3 B6
C6 02 23 2E D4 F0 23 2C F4 F0 83 27 C4 F1 BA 97
23 2E F4 F0 83 27 04 F8 13 97 37 00 83 27 C4 F8
BA 97 DC 43 23 2C F4 E6 FD 87 23 2E F4 E6 83 27
84 FC DC 43 23 28 F4 E6 FD 87 23 2A F4 E6 03 28
84 E7 83 28 C4 E7 C6 87 83 25 04 E7 03 26 44 E7
2E 87 33 87 E7 02 B2 87 C2 86 B3 87 D7 02 3E 97
C2 87 AE 86 B3 87 D7 02 C2 86 2E 86 B3 B6 C6 02
23 2A D4 F0 23 28 F4 F0 83 27 44 F1 BA 97 23 2A
F4 F0 03 25 84 F1 83 25 C4 F1 AA 87 03 28 04 F1
83 28 44 F1 42 87 33 86 E7 40 B2 87 2A 87 B3 37
F7 00 2E 87 C6 85 B3 06 B7 40 B3 87 F6 40 BE 86
32 87 B6 87 37 06 00 40 81 46 33 08 C7 00 C2 85
B3 B5 E5 00 B3 88 D7 00 B3 87 15 01 BE 88 42 87
C6 87 93 96 17 00 13 56 F7 01 23 24 C4 F0 03 26
84 F0 B2 96 23 24 D4 F0 FD 87 23 26 F4 F0 83 27
84 F0 23 20 F4 FA 83 27 04 F8 13 97 37 00 83 27
C4 F8 BA 97 9C 43 23 24 F4 E6 FD 87 23 26 F4 E6
83 27 84 FC DC 43 23 20 F4 E6 FD 87 23 22 F4 E6
03 28 84 E6 83 28 C4 E6 C6 87 83 25 04 E6 03 26
44 E6 2E 87 33 87 E7 02 B2 87 C2 86 B3 87 D7 02
3E 97 C2 87 AE 86 B3 87 D7 02 C2 86 2E 86 B3 B6
C6 02 23 22 D4 F0 23 20 F4 F0 83 27 44 F0 BA 97
23 22 F4 F0 83 27 04 F8 13 97 37 00 83 27 C4 F8
BA 97 DC 43 23 2C F4 E4 FD 87 23 2E F4 E4 83 27
84 FC 9C 43 23 28 F4 E4 FD 87 23 2A F4 E4 03 28
84 E5 83 28 C4 E5 C6 87 83 25 04 E5 03 26 44 E5
2E 87 33 87 E7 02 B2 87 C2 86 B3 87 D7 02 3E 97
C2 87 AE 86 B3 87 D7 02 C2 86 2E 86 B3 B6 C6 02
23 2E D4 EE 23 2C F4 EE 83 27 C4 EF BA 97 23 2E
F4 EE 03 25 04 F0 83 25 44 F0 AA 87 03 28 84 EF
83 28 C4 EF 42 87 33 86 E7 00 B2 87 2A 87 B3 B7
E7 00 2E 87 C6 85 B3 06 B7 00 B6 97 BE 86 32 87
B6 87 37 06 00 40 81 46 33 08 C7 00 C2 85 B3 B5
E5 00 B3 88 D7 00 B3 87 15 01 BE 88 42 87 C6 87
93 96 17 00 13 56 F7 01 23 28 C4 EE 03 26 04 EF
B2 96 23 28 D4 EE FD 87 23 2A F4 EE 83 27 04 EF
23 22 F4 FA 83 27 04 FC 13 97 37 00 83 27 C4 F8
BA 97 9C 43 23 24 F4 E4 FD 87 23 26 F4 E4 83 27
44 FC 9C 43 23 20 F4 E4 FD 87 23 22 F4 E4 03 28
84 E4 83 28 C4 E4 C6 87 83 25 04 E4 03 26 44 E4
2E 87 33 87 E7 02 B2 87 C2 86 B3 87 D7 02 3E 97
C2 87 AE 86 B3 87 D7 02 C2 86 2E 86 B3 B6 C6 02
23 26 D4 EE 23 24 F4 EE 83 27 C4 EE BA 97 23 26
F4 EE 83 27 04 FC 13 97 37 00 83 27 C4 F8 BA 97
DC 43 23 2C F4 E2 FD 87 23 2E F4 E2 83 27 44 FC
DC 43 23 28 F4 E2 FD 87 23 2A F4 E2 03 28 84 E3
83 28 C4 E3 C6 87 83 25 04 E3 03 26 44 E3 2E 87
33 87 E7 02 B2 87 C2 86 B3 87 D7 02 3E 97 C2 87
AE 86 B3 87 D7 02 C2 86 2E 86 B3 B6 C6 02 23 22
D4 EE 23 20 F4 EE 83 27 44 EE BA 97 23 22 F4 EE
03 25 84 EE 83 25 C4 EE AA 87 03 28 04 EE 83 28
44 EE 42 87 33 86 E7 40 B2 87 2A 87 B3 37 F7 00
2E 87 C6 85 B3 06 B7 40 B3 87 F6 40 BE 86 32 87
B6 87 37 06 00 40 81 46 33 08 C7 00 C2 85 B3 B5
E5 00 B3 88 D7 00 B3 87 15 01 BE 88 42 87 C6 87
93 96 17 00 13 56 F7 01 23 2C C4 EC 03 26 84 ED
B2 96 23 2C D4 EC FD 87 23 2E F4 EC 83 27 84 ED
23 24 F4 FA 83 27 04 FC 13 97 37 00 83 27 C4 F8
BA 97 9C 43 23 24 F4 E2 FD 87 23 26 F4 E2 83 27
44 FC DC 43 23 20 F4 E2 FD 87 23 22 F4 E2 03 28
84 E2 83 28 C4 E2 C6 87 83 25 04 E2 03 26 44 E2
2E 87 33 87 E7 02 B2 87 C2 86 B3 87 D7 02 3E 97
C2 87 AE 86 B3 87 D7 02 C2 86 2E 86 B3 BC C6 02
3E 8C B3 07 97 01 BE 8C 83 27 04 FC 13 97 37 00
83 27 C4 F8 BA 97 DC 43 23 2C F4 E0 FD 87 23 2E
F4 E0 83 27 44 FC 9C 43 23 28 F4 E0 FD 87 23 2A
F4 E0 03 28 84 E1 83 28 C4 E1 C6 87 83 25 04 E1
03 26 44 E1 2E 87 33 87 E7 02 B2 87 C2 86 B3 87
D7 02 3E 97 C2 87 AE 86 B3 87 D7 02 C2 86 2E 86
B3 B6 C6 02 23 2A D4 EC 23 28 F4 EC 83 27 44 ED
BA 97 23 2A F4 EC 03 25 04 ED 83 25 44 ED AA 87
33 06 FC 00 B2 87 B3 B7 87 01 2E 87 B3 86 EC 00
B6 97 BE 86 32 87 B6 87 37 06 00 40 81 46 33 08
C7 00 C2 85 B3 B5 E5 00 B3 88 D7 00 B3 87 15 01
BE 88 42 87 C6 87 93 96 17 00 13 56 F7 01 23 24
C4 EC 03 26 84 EC B2 96 23 24 D4 EC FD 87 23 26
F4 EC 83 27 84 EC 23 26 F4 FA 03 27 04 FA 83 27
84 FA BA 97 23 28 F4 FA 03 27 44 FA 83 27 C4 FA
BA 97 23 2A F4 FA 03 27 04 FA 83 27 84 FA B3 07
F7 40 23 2C F4 F8 03 27 44 FA 83 27 C4 FA B3 07
F7 40 23 2E F4 F8 83 27 84 F8 13 97 37 00 83 27
84 FC BA 97 23 24 F4 FC 83 27 84 F8 13 97 47 00
83 27 44 FC BA 97 23 22 F4 FC 83 27 C4 F8 90 43
83 27 04 FB 93 D6 17 40 83 27 04 F8 13 97 37 00
83 27 C4 F8 3E 97 B3 07 D6 40 1C C3 83 27 C4 F8
D0 43 83 27 44 FB 93 D6 17 40 83 27 04 F8 13 97
37 00 83 27 C4 F8 3E 97 B3 07 D6 40 5C C3 83 27
84 F9 3E 8B FD 87 BE 8B 83 27 44 F9 3E 8A FD 87
BE 8A 33 87 4B 03 B3 87 6A 03 3E 97 B3 07 4B 03
B3 3E 4B 03 3E 8E B3 07 D7 01 BE 8E 37 07 00 40
81 47 33 05 EE 00 AA 86 B3 B6 C6 01 B3 85 FE 00
B3 87 B6 00 BE 85 2A 87 AE 87 93 96 17 00 13 56
F7 01 23 20 C4 EC 03 26 04 EC B2 96 23 20 D4 EC
FD 87 23 22 F4 EC 83 27 04 EC 23 2C F4 F8 83 27
C4 F9 3E 89 FD 87 BE 89 83 27 44 F9 3E 8F FD 87
BE 8F 33 87 E9 03 B3 87 2F 03 3E 97 B3 07 E9 03
B3 33 E9 03 3E 83 B3 07 77 00 BE 83 37 07 00 40
81 47 33 05 E3 00 AA 86 B3 B6 66 00 B3 85 F3 00
B3 87 B6 00 BE 85 2A 87 AE 87 93 96 17 00 13 5D
F7 01 36 9D 93 DD F7 41 EA 87 23 2E F4 F8 83 27
C4 F8 98 43 83 27 04 FB 3E 97 83 27 C4 F8 98 C3
83 27 C4 F8 D8 43 83 27 44 FB 3E 97 83 27 C4 F8
D8 C3 83 27 04 F8 13 97 37 00 83 27 C4 F8 BA 97
90 43 83 26 C4 F9 83 27 04 FC 13 97 37 00 83 27
C4 F8 3E 97 B3 07 D6 00 1C C3 83 27 04 F8 13 97
37 00 83 27 C4 F8 BA 97 D0 43 83 26 84 F9 83 27
04 FC 13 97 37 00 83 27 C4 F8 3E 97 B3 07 D6 40
5C C3 83 27 04 F8 13 97 37 00 83 27 C4 F8 BA 97
90 43 83 26 C4 F9 83 27 04 F8 13 97 37 00 83 27
C4 F8 3E 97 B3 07 D6 40 1C C3 83 27 04 F8 13 97
37 00 83 27 C4 F8 BA 97 D0 43 83 26 84 F9 83 27
04 F8 13 97 37 00 83 27 C4 F8 3E 97 B3 07 D6 00
5C C3 83 27 C4 F8 A1 07 23 26 F4 F8 83 27 C4 FC
FD 17 23 26 F4 FC 83 27 C4 FC 63 90 07 C4 01 00
01 00 83 20 C1 1E 03 24 81 1E 03 29 41 1E 83 29
01 1E 03 2A C1 1D 83 2A 81 1D 03 2B 41 1D 83 2B
01 1D 03 2C C1 1C 83 2C 81 1C 03 2D 41 1C 83 2D
01 1C 7D 61 82 80 13 01 01 AB 23 26 11 54 23 24
81 54 23 22 21 55 23 20 31 55 23 2E 41 53 23 2C
51 53 23 2A 61 53 23 28 71 53 23 26 81 53 23 24
91 53 23 22 A1 53 23 20 B1 53 13 04 01 55 23 26
A4 F2 23 24 B4 F2 23 22 C4 F2 23 20 D4 F2 83 27
44 F2 93 87 87 10 23 2A F4 FA 03 27 04 F2 83 27
84 F2 B3 07 F7 02 13 97 37 00 83 27 44 FB 3E 97
1C 43 23 20 F4 F4 5C 43 23 22 F4 F4 03 27 04 F2
83 27 84 F2 B3 07 F7 02 13 97 47 00 83 27 44 FB
3E 97 1C 43 23 2C F4 F2 5C 43 23 2E F4 F2 83 27
C4 F2 23 26 F4 FC 83 27 04 F2 13 97 37 00 83 27
C4 FC BA 97 23 24 F4 FC 83 27 04 F2 13 97 47 00
83 27 C4 FC BA 97 23 22 F4 FC 03 27 04 F2 BA 87
86 07 BA 97 8E 07 3E 87 83 27 C4 FC BA 97 23 20
F4 FC 83 27 04 F2 13 97 57 00 83 27 C4 FC BA 97
23 2E F4 FA 83 27 44 F2 93 87 87 10 23 28 F4 FA
23 2C 04 FA 6F 10 B0 5C 83 27 C4 FC 9C 43 23 2C
F4 CE FD 87 23 2E F4 CE B7 A7 99 19 93 87 97 99
83 25 84 CF 03 26 C4 CF 32 87 33 07 F7 02 81 47
AE 86 B3 87 F6 02 B3 06 F7 00 B7 A7 99 19 93 87
97 99 2E 87 33 07 F7 02 2E 86 B3 37 F6 02 23 26
F4 EE 23 24 E4 EE 83 27 C4 EE B6 97 23 26 F4 EE
37 07 00 40 81 47 03 28 84 EE 83 28 C4 EE C2 86
33 85 E6 00 AA 86 42 86 B3 B6 C6 00 46 86 B3 05
F6 00 B3 87 B6 00 BE 85 2A 87 AE 87 93 96 17 00
13 56 F7 01 23 20 C4 EE 03 26 04 EE B2 96 23 20
D4 EE FD 87 23 22 F4 EE 03 27 04 EE 83 27 C4 FC
98 C3 83 27 C4 FC DC 43 23 28 F4 CE FD 87 23 2A
F4 CE B7 A7 99 19 93 87 97 99 83 25 04 CF 03 26
44 CF 32 87 33 07 F7 02 81 47 AE 86 B3 87 F6 02
B3 06 F7 00 B7 A7 99 19 93 87 97 99 2E 87 33 07
F7 02 2E 86 B3 37 F6 02 23 2E F4 EC 23 2C E4 EC
83 27 C4 ED B6 97 23 2E F4 EC 37 07 00 40 81 47
03 28 84 ED 83 28 C4 ED C2 86 33 85 E6 00 AA 86
42 86 B3 B6 C6 00 46 86 B3 05 F6 00 B3 87 B6 00
BE 85 2A 87 AE 87 93 96 17 00 13 56 F7 01 23 28
C4 EC 03 26 04 ED B2 96 23 28 D4 EC FD 87 23 2A
F4 EC 03 27 04 ED 83 27 C4 FC D8 C3 83 27 84 FC
9C 43 23 24 F4 CE FD 87 23 26 F4 CE B7 A7 99 19
93 87 97 99 83 25 84 CE 03 26 C4 CE 32 87 33 07
F7 02 81 47 AE 86 B3 87 F6 02 B3 06 F7 00 B7 A7
99 19 93 87 97 99 2E 87 33 07 F7 02 2E 86 B3 37
F6 02 23 26 F4 EC 23 24 E4 EC 83 27 C4 EC B6 97
23 26 F4 EC 37 07 00 40 81 47 03 28 84 EC 83 28
C4 EC C2 86 33 85 E6 00 AA 86 42 86 B3 B6 C6 00
46 86 B3 05 F6 00 B3 87 B6 00 BE 85 2A 87 AE 87
93 96 17 00 13 56 F7 01 23 20 C4 EC 03 26 04 EC
B2 96 23 20 D4 EC FD 87 23 22 F4 EC 03 27 04 EC
83 27 84 FC 98 C3 83 27 84 FC DC 43 23 20 F4 CE
FD 87 23 22 F4 CE B7 A7 99 19 93 87 97 99 83 25
04 CE 03 26 44 CE 32 87 33 07 F7 02 81 47 AE 86
B3 87 F6 02 B3 06 F7 00 B7 A7 99 19 93 87 97 99
2E 87 33 07 F7 02 2E 86 B3 37 F6 02 23 2E F4 EA
23 2C E4 EA 83 27 C4 EB B6 97 23 2E F4 EA 37 07
00 40 81 47 03 28 84 EB 83 28 C4 EB C2 86 33 85
E6 00 AA 86 42 86 B3 B6 C6 00 46 86 B3 05 F6 00
B3 87 B6 00 BE 85 2A 87 AE 87 93 96 17 00 13 56
F7 01 23 28 C4 EA 03 26 04 EB B2 96 23 28 D4 EA
FD 87 23 2A F4 EA 03 27 04 EB 83 27 84 FC D8 C3
83 27 44 FC 9C 43 23 2C F4 CC FD 87 23 2E F4 CC
B7 A7 99 19 93 87 97 99 83 25 84 CD 03 26 C4 CD
32 87 33 07 F7 02 81 47 AE 86 B3 87 F6 02 B3 06
F7 00 B7 A7 99 19 93 87 97 99 2E 87 33 07 F7 02
2E 86 B3 37 F6 02 23 26 F4 EA 23 24 E4 EA 83 27
C4 EA B6 97 23 26 F4 EA 37 07 00 40 81 47 03 28
84 EA 83 28 C4 EA C2 86 33 85 E6 00 AA 86 42 86
B3 B6 C6 00 46 86 B3 05 F6 00 B3 87 B6 00 BE 85
2A 87 AE 87 93 96 17 00 13 56 F7 01 23 20 C4 EA
03 26 04 EA B2 96 23 20 D4 EA FD 87 23 22 F4 EA
03 27 04 EA 83 27 44 FC 98 C3 83 27 44 FC DC 43
23 28 F4 CC FD 87 23 2A F4 CC B7 A7 99 19 93 87
97 99 83 25 04 CD 03 26 44 CD 32 87 33 07 F7 02
81 47 AE 86 B3 87 F6 02 B3 06 F7 00 B7 A7 99 19
93 87 97 99 2E 87 33 07 F7 02 2E 86 B3 37 F6 02
23 2E F4 E8 23 2C E4 E8 83 27 C4 E9 B6 97 23 2E
F4 E8 37 07 00 40 81 47 03 28 84 E9 83 28 C4 E9
C2 86 33 85 E6 00 AA 86 42 86 B3 B6 C6 00 46 86
B3 05 F6 00 B3 87 B6 00 BE 85 2A 87 AE 87 93 96
17 00 13 56 F7 01 23 28 C4 E8 03 26 04 E9 B2 96
23 28 D4 E8 FD 87 23 2A F4 E8 03 27 04 E9 83 27
44 FC D8 C3 83 27 04 FC 9C 43 23 24 F4 CC FD 87
23 26 F4 CC B7 A7 99 19 93 87 97 99 83 25 84 CC
03 26 C4 CC 32 87 33 07 F7 02 81 47 AE 86 B3 87
F6 02 B3 06 F7 00 B7 A7 99 19 93 87 97 99 2E 87
33 07 F7 02 2E 86 B3 37 F6 02 23 26 F4 E8 23 24
E4 E8 83 27 C4 E8 B6 97 23 26 F4 E8 37 07 00 40
81 47 03 28 84 E8 83 28 C4 E8 C2 86 33 85 E6 00
AA 86 42 86 B3 B6 C6 00 46 86 B3 05 F6 00 B3 87
B6 00 BE 85 2A 87 AE 87 93 96 17 00 13 56 F7 01
23 20 C4 E8 03 26 04 E8 B2 96 23 20 D4 E8 FD 87
23 22 F4 E8 03 27 04 E8 83 27 04 FC 98 C3 83 27
04 FC DC 43 23 20 F4 CC FD 87 23 22 F4 CC B7 A7
99 19 93 87 97 99 83 25 04 CC 03 26 44 CC 32 87
33 07 F7 02 81 47 AE 86 B3 87 F6 02 B3 06 F7 00
B7 A7 99 19 93 87 97 99 2E 87 33 07 F7 02 2E 86
B3 37 F6 02 23 2E F4 E6 23 2C E4 E6 83 27 C4 E7
B6 97 23 2E F4 E6 37 07 00 40 81 47 03 28 84 E7
83 28 C4 E7 C2 86 33 85 E6 00 AA 86 42 86 B3 B6
C6 00 46 86 B3 05 F6 00 B3 87 B6 00 BE 85 2A 87
AE 87 93 96 17 00 13 56 F7 01 23 28 C4 E6 03 26
04 E7 B2 96 23 28 D4 E6 FD 87 23 2A F4 E6 03 27
04 E7 83 27 04 FC D8 C3 83 27 C4 FB 9C 43 23 2C
F4 CA FD 87 23 2E F4 CA B7 A7 99 19 93 87 97 99
83 25 84 CB 03 26 C4 CB 32 87 33 07 F7 02 81 47
AE 86 B3 87 F6 02 B3 06 F7 00 B7 A7 99 19 93 87
97 99 2E 87 33 07 F7 02 2E 86 B3 37 F6 02 23 26
F4 E6 23 24 E4 E6 83 27 C4 E6 B6 97 23 26 F4 E6
37 07 00 40 81 47 03 28 84 E6 83 28 C4 E6 C2 86
33 85 E6 00 AA 86 42 86 B3 B6 C6 00 46 86 B3 05
F6 00 B3 87 B6 00 BE 85 2A 87 AE 87 93 96 17 00
13 56 F7 01 23 20 C4 E6 03 26 04 E6 B2 96 23 20
D4 E6 FD 87 23 22 F4 E6 03 27 04 E6 83 27 C4 FB
98 C3 83 27 C4 FB DC 43 23 28 F4 CA FD 87 23 2A
F4 CA B7 A7 99 19 93 87 97 99 83 25 04 CB 03 26
44 CB 32 87 33 07 F7 02 81 47 AE 86 B3 87 F6 02
B3 06 F7 00 B7 A7 99 19 93 87 97 99 2E 87 33 07
F7 02 2E 86 B3 37 F6 02 23 2E F4 E4 23 2C E4 E4
83 27 C4 E5 B6 97 23 2E F4 E4 37 07 00 40 81 47
03 28 84 E5 83 28 C4 E5 C2 86 33 85 E6 00 AA 86
42 86 B3 B6 C6 00 46 86 B3 05 F6 00 B3 87 B6 00
BE 85 2A 87 AE 87 93 96 17 00 13 56 F7 01 23 28
C4 E4 03 26 04 E5 B2 96 23 28 D4 E4 FD 87 23 2A
F4 E4 03 27 04 E5 83 27 C4 FB D8 C3 03 27 C4 FC
1C 43 23 24 F4 F4 5C 43 23 26 F4 F4 83 27 84 FC
9C 43 23 24 F4 CA FD 87 23 26 F4 CA 03 27 84 FB
83 27 84 F2 B3 07 F7 02 13 97 37 00 83 27 04 FB
BA 97 9C 43 23 20 F4 CA FD 87 23 22 F4 CA 03 28
84 CA 83 28 C4 CA C6 87 83 25 04 CA 03 26 44 CA
2E 87 33 87 E7 02 B2 87 C2 86 B3 87 D7 02 3E 97
C2 87 AE 86 B3 87 D7 02 C2 86 2E 86 B3 B6 C6 02
23 26 D4 E4 23 24 F4 E4 83 27 C4 E4 BA 97 23 26
F4 E4 83 27 84 FC DC 43 23 2C F4 C8 FD 87 23 2E
F4 C8 03 27 84 FB 83 27 84 F2 B3 07 F7 02 13 97
37 00 83 27 04 FB BA 97 DC 43 23 28 F4 C8 FD 87
23 2A F4 C8 03 28 84 C9 83 28 C4 C9 C6 87 83 25
04 C9 03 26 44 C9 2E 87 33 87 E7 02 B2 87 C2 86
B3 87 D7 02 3E 97 C2 87 AE 86 B3 87 D7 02 C2 86
2E 86 B3 B6 C6 02 23 22 D4 E4 23 20 F4 E4 83 27
44 E4 BA 97 23 22 F4 E4 03 25 84 E4 83 25 C4 E4
AA 87 03 28 04 E4 83 28 44 E4 42 87 33 86 E7 40
B2 87 2A 87 B3 37 F7 00 2E 87 C6 85 B3 06 B7 40
B3 87 F6 40 BE 86 32 87 B6 87 37 06 00 40 81 46
33 08 C7 00 C2 85 B3 B5 E5 00 B3 88 D7 00 B3 87
15 01 BE 88 42 87 C6 87 93 96 17 00 13 56 F7 01
23 2C C4 E2 03 26 84 E3 B2 96 23 2C D4 E2 FD 87
23 2E F4 E2 83 27 84 E3 23 28 F4 F4 83 27 84 FC
9C 43 23 24 F4 C8 FD 87 23 26 F4 C8 03 27 84 FB
83 27 84 F2 B3 07 F7 02 13 97 37 00 83 27 04 FB
BA 97 DC 43 23 20 F4 C8 FD 87 23 22 F4 C8 03 28
84 C8 83 28 C4 C8 C6 87 83 25 04 C8 03 26 44 C8
2E 87 33 87 E7 02 B2 87 C2 86 B3 87 D7 02 3E 97
C2 87 AE 86 B3 87 D7 02 C2 86 2E 86 B3 B6 C6 02
23 2A D4 E2 23 28 F4 E2 83 27 44 E3 BA 97 23 2A
F4 E2 83 27 84 FC DC 43 23 2C F4 C6 FD 87 23 2E
F4 C6 03 27 84 FB 83 27 84 F2 B3 07 F7 02 13 97
37 00 83 27 04 FB BA 97 9C 43 23 28 F4 C6 FD 87
23 2A F4 C6 03 28 84 C7 83 28 C4 C7 C6 87 83 25
04 C7 03 26 44 C7 2E 87 33 87 E7 02 B2 87 C2 86
B3 87 D7 02 3E 97 C2 87 AE 86 B3 87 D7 02 C2 86
2E 86 B3 B6 C6 02 23 26 D4 E2 23 24 F4 E2 83 27
C4 E2 BA 97 23 26 F4 E2 03 25 04 E3 83 25 44 E3
AA 87 03 28 84 E2 83 28 C4 E2 42 87 33 86 E7 00
B2 87 2A 87 B3 B7 E7 00 2E 87 C6 85 B3 06 B7 00
B6 97 BE 86 32 87 B6 87 37 06 00 40 81 46 33 08
C7 00 C2 85 B3 B5 E5 00 B3 88 D7 00 B3 87 15 01
BE 88 42 87 C6 87 93 96 17 00 13 56 F7 01 23 20
C4 E2 03 26 04 E2 B2 96 23 20 D4 E2 FD 87 23 22
F4 E2 83 27 04 E2 23 2A F4 F4 83 27 44 FC 9C 43
23 24 F4 C6 FD 87 23 26 F4 C6 03 27 84 FB 83 27
84 F2 B3 07 F7 02 13 97 47 00 83 27 04 FB BA 97
9C 43 23 20 F4 C6 FD 87 23 22 F4 C6 03 28 84 C6
83 28 C4 C6 C6 87 83 25 04 C6 03 26 44 C6 2E 87
33 87 E7 02 B2 87 C2 86 B3 87 D7 02 3E 97 C2 87
AE 86 B3 87 D7 02 C2 86 2E 86 B3 B6 C6 02 23 2E
D4 E0 23 2C F4 E0 83 27 C4 E1 BA 97 23 2E F4 E0
83 27 44 FC DC 43 23 2C F4 C4 FD 87 23 2E F4 C4
03 27 84 FB 83 27 84 F2 B3 07 F7 02 13 97 47 00
83 27 04 FB BA 97 DC 43 23 28 F4 C4 FD 87 23 2A
F4 C4 03 28 84 C5 83 28 C4 C5 C6 87 83 25 04 C5
03 26 44 C5 2E 87 33 87 E7 02 B2 87 C2 86 B3 87
D7 02 3E 97 C2 87 AE 86 B3 87 D7 02 C2 86 2E 86
B3 B6 C6 02 23 2A D4 E0 23 28 F4 E0 83 27 44 E1
BA 97 23 2A F4 E0 03 25 84 E1 83 25 C4 E1 AA 87
03 28 04 E1 83 28 44 E1 42 87 33 86 E7 40 B2 87
2A 87 B3 37 F7 00 2E 87 C6 85 B3 06 B7 40 B3 87
F6 40 BE 86 32 87 B6 87 37 06 00 40 81 46 33 08
C7 00 C2 85 B3 B5 E5 00 B3 88 D7 00 B3 87 15 01
BE 88 42 87 C6 87 93 96 17 00 13 56 F7 01 23 24
C4 E0 03 26 84 E0 B2 96 23 24 D4 E0 FD 87 23 26
F4 E0 83 27 84 E0 23 2C F4 F4 83 27 44 FC 9C 43
23 24 F4 C4 FD 87 23 26 F4 C4 03 27 84 FB 83 27
84 F2 B3 07 F7 02 13 97 47 00 83 27 04 FB BA 97
DC 43 23 20 F4 C4 FD 87 23 22 F4 C4 03 28 84 C4
83 28 C4 C4 C6 87 83 25 04 C4 03 26 44 C4 2E 87
33 87 E7 02 B2 87 C2 86 B3 87 D7 02 3E 97 C2 87
AE 86 B3 87 D7 02 C2 86 2E 86 B3 B6 C6 02 23 22
D4 E0 23 20 F4 E0 83 27 44 E0 BA 97 23 22 F4 E0
83 27 44 FC DC 43 23 2C F4 C2 FD 87 23 2E F4 C2
03 27 84 FB 83 27 84 F2 B3 07 F7 02 13 97 47 00
83 27 04 FB BA 97 9C 43 23 28 F4 C2 FD 87 23 2A
F4 C2 03 28 84 C3 83 28 C4 C3 C6 87 83 25 04 C3
03 26 44 C3 2E 87 33 87 E7 02 B2 87 C2 86 B3 87
D7 02 3E 97 C2 87 AE 86 B3 87 D7 02 C2 86 2E 86
B3 B6 C6 02 23 2E D4 DE 23 2C F4 DE 83 27 C4 DF
BA 97 23 2E F4 DE 03 25 04 E0 83 25 44 E0 AA 87
03 28 84 DF 83 28 C4 DF 42 87 33 86 E7 00 B2 87
2A 87 B3 B7 E7 00 2E 87 C6 85 B3 06 B7 00 B6 97
BE 86 32 87 B6 87 37 06 00 40 81 46 33 08 C7 00
C2 85 B3 B5 E5 00 B3 88 D7 00 B3 87 15 01 BE 88
42 87 C6 87 93 96 17 00 13 56 F7 01 23 28 C4 DE
03 26 04 DF B2 96 23 28 D4 DE FD 87 23 2A F4 DE
83 27 04 DF 23 2E F4 F4 83 27 04 FC 9C 43 23 24
F4 C2 FD 87 23 26 F4 C2 03 27 84 FB 83 27 84 F2
33 07 F7 02 BA 87 86 07 BA 97 8E 07 3E 87 83 27
04 FB BA 97 9C 43 23 20 F4 C2 FD 87 23 22 F4 C2
03 28 84 C2 83 28 C4 C2 C6 87 83 25 04 C2 03 26
44 C2 2E 87 33 87 E7 02 B2 87 C2 86 B3 87 D7 02
3E 97 C2 87 AE 86 B3 87 D7 02 C2 86 2E 86 B3 B6
C6 02 23 26 D4 DE 23 24 F4 DE 83 27 C4 DE BA 97
23 26 F4 DE 83 27 04 FC DC 43 23 2C F4 C0 FD 87
23 2E F4 C0 03 27 84 FB 83 27 84 F2 33 07 F7 02
BA 87 86 07 BA 97 8E 07 3E 87 83 27 04 FB BA 97
DC 43 23 28 F4 C0 FD 87 23 2A F4 C0 03 28 84 C1
83 28 C4 C1 C6 87 83 25 04 C1 03 26 44 C1 2E 87
33 87 E7 02 B2 87 C2 86 B3 87 D7 02 3E 97 C2 87
AE 86 B3 87 D7 02 C2 86 2E 86 B3 B6 C6 02 23 22
D4 DE 23 20 F4 DE 83 27 44 DE BA 97 23 22 F4 DE
03 25 84 DE 83 25 C4 DE AA 87 03 28 04 DE 83 28
44 DE 42 87 33 86 E7 40 B2 87 2A 87 B3 37 F7 00
2E 87 C6 85 B3 06 B7 40 B3 87 F6 40 BE 86 32 87
B6 87 37 06 00 40 81 46 33 08 C7 00 C2 85 B3 B5
E5 00 B3 88 D7 00 B3 87 15 01 BE 88 42 87 C6 87
93 96 17 00 13 56 F7 01 23 2C C4 DC 03 26 84 DD
B2 96 23 2C D4 DC FD 87 23 2E F4 DC 83 27 84 DD
23 20 F4 F6 83 27 04 FC 9C 43 23 24 F4 C0 FD 87
23 26 F4 C0 03 27 84 FB 83 27 84 F2 33 07 F7 02
BA 87 86 07 BA 97 8E 07 3E 87 83 27 04 FB BA 97
DC 43 23 20 F4 C0 FD 87 23 22 F4 C0 03 28 84 C0
83 28 C4 C0 C6 87 83 25 04 C0 03 26 44 C0 2E 87
33 87 E7 02 B2 87 C2 86 B3 87 D7 02 3E 97 C2 87
AE 86 B3 87 D7 02 C2 86 2E 86 B3 B6 C6 02 23 2A
D4 DC 23 28 F4 DC 83 27 44 DD BA 97 23 2A F4 DC
83 27 04 FC DC 43 23 2C F4 BE FD 87 23 2E F4 BE
03 27 84 FB 83 27 84 F2 33 07 F7 02 BA 87 86 07
BA 97 8E 07 3E 87 83 27 04 FB BA 97 9C 43 23 28
F4 BE FD 87 23 2A F4 BE 03 28 84 BF 83 28 C4 BF
C6 87 83 25 04 BF 03 26 44 BF 2E 87 33 87 E7 02
B2 87 C2 86 B3 87 D7 02 3E 97 C2 87 AE 86 B3 87
D7 02 C2 86 2E 86 B3 B6 C6 02 23 26 D4 DC 23 24
F4 DC 83 27 C4 DC BA 97 23 26 F4 DC 03 25 04 DD
83 25 44 DD AA 87 03 28 84 DC 83 28 C4 DC 42 87
33 86 E7 00 B2 87 2A 87 B3 B7 E7 00 2E 87 C6 85
B3 06 B7 00 B6 97 BE 86 32 87 B6 87 37 06 00 40
81 46 33 08 C7 00 C2 85 B3 B5 E5 00 B3 88 D7 00
B3 87 15 01 BE 88 42 87 C6 87 93 96 17 00 13 56
F7 01 23 20 C4 DC 03 26 04 DC B2 96 23 20 D4 DC
FD 87 23 22 F4 DC 83 27 04 DC 23 22 F4 F6 83 27
C4 FB 9C 43 23 24 F4 BE FD 87 23 26 F4 BE 03 27
84 FB 83 27 84 F2 B3 07 F7 02 13 97 57 00 83 27
04 FB BA 97 9C 43 23 20 F4 BE FD 87 23 22 F4 BE
03 28 84 BE 83 28 C4 BE C6 87 83 25 04 BE 03 26
44 BE 2E 87 33 87 E7 02 B2 87 C2 86 B3 87 D7 02
3E 97 C2 87 AE 86 B3 87 D7 02 C2 86 2E 86 B3 B6
C6 02 23 2E D4 DA 23 2C F4 DA 83 27 C4 DB BA 97
23 2E F4 DA 83 27 C4 FB DC 43 23 2C F4 BC FD 87
23 2E F4 BC 03 27 84 FB 83 27 84 F2 B3 07 F7 02
13 97 57 00 83 27 04 FB BA 97 DC 43 23 28 F4 BC
FD 87 23 2A F4 BC 03 28 84 BD 83 28 C4 BD C6 87
83 25 04 BD 03 26 44 BD 2E 87 33 87 E7 02 B2 87
C2 86 B3 87 D7 02 3E 97 C2 87 AE 86 B3 87 D7 02
C2 86 2E 86 B3 B6 C6 02 23 2A D4 DA 23 28 F4 DA
83 27 44 DB BA 97 23 2A F4 DA 03 25 84 DB 83 25
C4 DB AA 87 03 28 04 DB 83 28 44 DB 42 87 33 86
E7 40 B2 87 2A 87 B3 37 F7 00 2E 87 C6 85 B3 06
B7 40 B3 87 F6 40 BE 86 32 87 B6 87 37 06 00 40
81 46 33 08 C7 00 C2 85 B3 B5 E5 00 B3 88 D7 00
B3 87 15 01 BE 88 42 87 C6 87 93 96 17 00 13 56
F7 01 23 24 C4 DA 03 26 84 DA B2 96 23 24 D4 DA
FD 87 23 26 F4 DA 83 27 84 DA 23 24 F4 F6 83 27
C4 FB 9C 43 23 24 F4 BC FD 87 23 26 F4 BC 03 27
84 FB 83 27 84 F2 B3 07 F7 02 13 97 57 00 83 27
04 FB BA 97 DC 43 23 20 F4 BC FD 87 23 22 F4 BC
03 28 84 BC 83 28 C4 BC C6 87 83 25 04 BC 03 26
44 BC 2E 87 33 87 E7 02 B2 87 C2 86 B3 87 D7 02
3E 97 C2 87 AE 86 B3 87 D7 02 C2 86 2E 86 B3 B6
C6 02 23 22 D4 DA 23 20 F4 DA 83 27 44 DA BA 97
23 22 F4 DA 83 27 C4 FB DC 43 23 2C F4 BA FD 87
23 2E F4 BA 03 27 84 FB 83 27 84 F2 B3 07 F7 02
13 97 57 00 83 27 04 FB BA 97 9C 43 23 28 F4 BA
FD 87 23 2A F4 BA 03 28 84 BB 83 28 C4 BB C6 87
83 25 04 BB 03 26 44 BB 2E 87 33 87 E7 02 B2 87
C2 86 B3 87 D7 02 3E 97 C2 87 AE 86 B3 87 D7 02
C2 86 2E 86 B3 B6 C6 02 23 2E D4 D8 23 2C F4 D8
83 27 C4 D9 BA 97 23 2E F4 D8 03 25 04 DA 83 25
44 DA AA 87 03 28 84 D9 83 28 C4 D9 42 87 33 86
E7 00 B2 87 2A 87 B3 B7 E7 00 2E 87 C6 85 B3 06
B7 00 B6 97 BE 86 32 87 B6 87 37 06 00 40 81 46
33 08 C7 00 C2 85 B3 B5 E5 00 B3 88 D7 00 B3 87
15 01 BE 88 42 87 C6 87 93 96 17 00 13 56 F7 01
23 28 C4 D8 03 26 04 D9 B2 96 23 28 D4 D8 FD 87
23 2A F4 D8 83 27 04 D9 23 26 F4 F6 03 27 04 F5
83 27 84 F6 BA 97 23 20 F4 F8 03 27 44 F5 83 27
C4 F6 BA 97 23 22 F4 F8 03 27 04 F5 83 27 84 F6
B3 07 F7 40 23 2C F4 F8 03 27 44 F5 83 27 C4 F6
B3 07 F7 40 23 2E F4 F8 03 27 84 F5 83 27 04 F6
BA 97 23 24 F4 F8 03 27 C4 F5 83 27 44 F6 BA 97
23 26 F4 F8 03 27 84 F5 83 27 04 F6 B3 07 F7 40
23 28 F4 F8 03 27 C4 F5 83 27 44 F6 B3 07 F7 40
23 2A F4 F8 83 27 C4 FC 94 43 03 27 04 F8 83 27
84 F8 BA 97 33 87 F6 00 83 27 C4 FC 98 C3 83 27
C4 FC D4 43 03 27 44 F8 83 27 C4 F8 BA 97 33 87
F6 00 83 27 C4 FC D8 C3 03 26 84 F4 83 27 04 F8
23 24 F4 BA FD 87 23 26 F4 BA 83 27 04 F4 23 20
F4 BA FD 87 23 22 F4 BA 03 28 84 BA 83 28 C4 BA
C6 87 03 25 04 BA 83 25 44 BA 2A 87 33 87 E7 02
AE 87 C2 86 B3 87 D7 02 3E 97 C2 87 AA 86 B3 87
D7 02 C2 86 AA 85 B3 B6 B6 02 23 2E D4 F0 23 2C
F4 F0 83 27 C4 F1 BA 97 23 2E F4 F0 37 07 00 40
81 47 03 28 84 F1 83 28 C4 F1 C2 86 33 85 E6 00
AA 86 23 2C 04 F1 23 2E 14 F1 03 28 84 F1 B3 B6
06 01 03 28 C4 F1 B3 05 F8 00 B3 87 B6 00 BE 85
2A 87 AE 87 93 96 17 00 93 55 F7 01 23 24 B4 D8
83 25 84 D8 AE 96 23 24 D4 D8 FD 87 23 26 F4 D8
83 27 84 D8 3E 96 83 27 84 F8 23 2C F4 B8 FD 87
23 2E F4 B8 83 27 84 F3 23 28 F4 B8 FD 87 23 2A
F4 B8 03 28 84 B9 83 28 C4 B9 C6 87 03 25 04 B9
83 25 44 B9 2A 87 33 87 E7 02 AE 87 C2 86 B3 87
D7 02 3E 97 C2 87 AA 86 B3 87 D7 02 C2 86 AA 85
B3 B6 B6 02 23 2A D4 F0 23 28 F4 F0 83 27 44 F1
BA 97 23 2A F4 F0 37 07 00 40 81 47 03 28 04 F1
83 28 44 F1 C2 86 33 85 E6 00 AA 86 23 28 04 F1
23 2A 14 F1 03 28 04 F1 B3 B6 06 01 03 28 44 F1
B3 05 F8 00 B3 87 B6 00 BE 85 2A 87 AE 87 93 96
17 00 93 55 F7 01 23 20 B4 D8 83 25 04 D8 AE 96
23 20 D4 D8 FD 87 23 22 F4 D8 83 27 04 D8 B2 97
23 28 F4 F6 03 26 C4 F4 83 27 44 F8 23 24 F4 B8
FD 87 23 26 F4 B8 83 27 04 F4 23 20 F4 B8 FD 87
23 22 F4 B8 03 28 84 B8 83 28 C4 B8 C6 87 03 25
04 B8 83 25 44 B8 2A 87 33 87 E7 02 AE 87 C2 86
B3 87 D7 02 3E 97 C2 87 AA 86 B3 87 D7 02 C2 86
AA 85 B3 B6 B6 02 23 26 D4 F0 23 24 F4 F0 83 27
C4 F0 BA 97 23 26 F4 F0 37 07 00 40 81 47 03 28
84 F0 83 28 C4 F0 C2 86 33 85 E6 00 AA 86 23 24
04 F1 23 26 14 F1 03 28 84 F0 B3 B6 06 01 03 28
C4 F0 B3 05 F8 00 B3 87 B6 00 BE 85 2A 87 AE 87
93 96 17 00 93 55 F7 01 23 2C B4 D6 83 25 84 D7
AE 96 23 2C D4 D6 FD 87 23 2E F4 D6 83 27 84 D7
3E 96 83 27 C4 F8 23 2C F4 B6 FD 87 23 2E F4 B6
83 27 84 F3 23 28 F4 B6 FD 87 23 2A F4 B6 03 28
84 B7 83 28 C4 B7 C6 87 03 25 04 B7 83 25 44 B7
2A 87 33 87 E7 02 AE 87 C2 86 B3 87 D7 02 3E 97
C2 87 AA 86 B3 87 D7 02 C2 86 AA 85 B3 B6 B6 02
23 22 D4 F0 23 20 F4 F0 83 27 44 F0 BA 97 23 22
F4 F0 37 07 00 40 81 47 03 28 04 F0 83 28 44 F0
C2 86 33 85 E6 00 AA 86 23 20 04 F1 23 22 14 F1
03 28 04 F0 B3 B6 06 01 03 28 44 F0 B3 05 F8 00
B3 87 B6 00 BE 85 2A 87 AE 87 93 96 17 00 93 55
F7 01 23 28 B4 D6 83 25 04 D7 AE 96 23 28 D4 D6
FD 87 23 2A F4 D6 83 27 04 D7 B2 97 23 2A F4 F6
83 27 C4 F9 23 24 F4 B6 FD 87 23 26 F4 B6 83 27
44 F4 23 20 F4 B6 FD 87 23 22 F4 B6 03 28 84 B6
83 28 C4 B6 C6 87 83 25 04 B6 03 26 44 B6 2E 87
33 87 E7 02 B2 87 C2 86 B3 87 D7 02 3E 97 C2 87
AE 86 B3 87 D7 02 C2 86 2E 86 B3 B6 C6 02 23 26
D4 D6 23 24 F4 D6 83 27 C4 D6 BA 97 23 26 F4 D6
37 07 00 40 81 47 03 28 84 D6 83 28 C4 D6 C2 86
33 85 E6 00 AA 86 42 86 B3 B6 C6 00 46 86 B3 05
F6 00 B3 87 B6 00 BE 85 2A 87 AE 87 93 96 17 00
13 56 F7 01 23 20 C4 D6 03 26 04 D6 B2 96 23 20
D4 D6 FD 87 23 22 F4 D6 03 26 04 D6 83 27 44 F9
23 2C F4 B4 FD 87 23 2E F4 B4 83 27 C4 F3 23 28
F4 B4 FD 87 23 2A F4 B4 03 28 84 B5 83 28 C4 B5
C6 87 03 25 04 B5 83 25 44 B5 2A 87 33 87 E7 02
AE 87 C2 86 B3 87 D7 02 3E 97 C2 87 AA 86 B3 87
D7 02 C2 86 AA 85 B3 B6 B6 02 23 2E D4 EE 23 2C
F4 EE 83 27 C4 EF BA 97 23 2E F4 EE 37 07 00 40
81 47 03 28 84 EF 83 28 C4 EF C2 86 33 85 E6 00
AA 86 23 2C 04 EF 23 2E 14 EF 03 28 84 EF B3 B6
06 01 03 28 C4 EF B3 05 F8 00 B3 87 B6 00 BE 85
2A 87 AE 87 93 96 17 00 93 55 F7 01 23 2C B4 D4
83 25 84 D5 AE 96 23 2C D4 D4 FD 87 23 2E F4 D4
83 27 84 D5 B2 97 23 2C F4 F6 83 27 84 F9 23 24
F4 B4 FD 87 23 26 F4 B4 83 27 44 F4 23 20 F4 B4
FD 87 23 22 F4 B4 03 28 84 B4 83 28 C4 B4 C6 87
83 25 04 B4 03 26 44 B4 2E 87 33 87 E7 02 B2 87
C2 86 B3 87 D7 02 3E 97 C2 87 AE 86 B3 87 D7 02
C2 86 2E 86 B3 B6 C6 02 23 2A D4 D4 23 28 F4 D4
83 27 44 D5 BA 97 23 2A F4 D4 37 07 00 40 81 47
03 28 04 D5 83 28 44 D5 C2 86 33 85 E6 00 AA 86
42 86 B3 B6 C6 00 46 86 B3 05 F6 00 B3 87 B6 00
BE 85 2A 87 AE 87 93 96 17 00 13 56 F7 01 23 24
C4 D4 03 26 84 D4 B2 96 23 24 D4 D4 FD 87 23 26
F4 D4 83 27 84 D4 33 06 F0 40 83 27 04 F9 23 2C
F4 B2 FD 87 23 2E F4 B2 83 27 C4 F3 23 28 F4 B2
FD 87 23 2A F4 B2 03 28 84 B3 83 28 C4 B3 C6 87
03 25 04 B3 83 25 44 B3 2A 87 33 87 E7 02 AE 87
C2 86 B3 87 D7 02 3E 97 C2 87 AA 86 B3 87 D7 02
C2 86 AA 85 B3 B6 B6 02 23 2A D4 EE 23 28 F4 EE
83 27 44 EF BA 97 23 2A F4 EE 37 07 00 40 81 47
03 28 04 EF 83 28 44 EF C2 86 33 85 E6 00 AA 86
23 28 04 EF 23 2A 14 EF 03 28 04 EF B3 B6 06 01
03 28 44 EF B3 05 F8 00 B3 87 B6 00 BE 85 2A 87
AE 87 93 96 17 00 93 55 F7 01 23 20 B4 D4 83 25
04 D4 AE 96 23 20 D4 D4 FD 87 23 22 F4 D4 83 27
04 D4 B3 07 F6 40 23 2E F4 F6 03 27 04 F7 83 27
84 F7 1D 8F 83 27 84 FC 98 C3 03 27 44 F7 83 27
C4 F7 1D 8F 83 27 84 FC D8 C3 03 27 04 F7 83 27
84 F7 3E 97 83 27 C4 FB 98 C3 03 27 44 F7 83 27
C4 F7 3E 97 83 27 C4 FB D8 C3 03 26 84 F4 83 27
04 F8 23 24 F4 B2 FD 87 23 26 F4 B2 83 27 84 F3
23 20 F4 B2 FD 87 23 22 F4 B2 03 28 84 B2 83 28
C4 B2 C6 87 03 25 04 B2 83 25 44 B2 2A 87 33 87
E7 02 AE 87 C2 86 B3 87 D7 02 3E 97 C2 87 AA 86
B3 87 D7 02 C2 86 AA 85 B3 BD B6 02 3E 8D B3 07
B7 01 BE 8D 37 07 00 40 81 47 33 05 ED 00 AA 86
B3 B6 A6 01 B3 85 FD 00 B3 87 B6 00 BE 85 2A 87
AE 87 93 96 17 00 93 55 F7 01 23 2C B4 D2 83 25
84 D3 AE 96 23 2C D4 D2 FD 87 23 2E F4 D2 83 27
84 D3 3E 96 83 27 84 F8 23 2C F4 B0 FD 87 23 2E
F4 B0 83 27 04 F4 23 28 F4 B0 FD 87 23 2A F4 B0
03 28 84 B1 83 28 C4 B1 C6 87 03 25 04 B1 83 25
44 B1 2A 87 33 87 E7 02 AE 87 C2 86 B3 87 D7 02
3E 97 C2 87 AA 86 B3 87 D7 02 C2 86 AA 85 B3 BC
B6 02 3E 8C B3 07 97 01 BE 8C 37 07 00 40 81 47
33 05 EC 00 AA 86 B3 B6 86 01 B3 85 FC 00 B3 87
B6 00 BE 85 2A 87 AE 87 93 96 17 00 93 55 F7 01
23 28 B4 D2 83 25 04 D3 AE 96 23 28 D4 D2 FD 87
23 2A F4 D2 83 27 04 D3 B2 97 23 20 F4 FA 03 26
C4 F4 83 27 44 F8 23 24 F4 B0 FD 87 23 26 F4 B0
83 27 84 F3 23 20 F4 B0 FD 87 23 22 F4 B0 03 28
84 B0 83 28 C4 B0 C6 87 03 25 04 B0 83 25 44 B0
2A 87 33 87 E7 02 AE 87 C2 86 B3 87 D7 02 3E 97
C2 87 AA 86 B3 87 D7 02 C2 86 AA 85 B3 BB B6 02
3E 8B B3 07 77 01 BE 8B 37 07 00 40 81 47 33 05
EB 00 AA 86 B3 B6 66 01 B3 85 FB 00 B3 87 B6 00
BE 85 2A 87 AE 87 93 96 17 00 93 55 F7 01 23 24
B4 D2 83 25 84 D2 AE 96 23 24 D4 D2 FD 87 23 26
F4 D2 83 27 84 D2 3E 96 83 27 C4 F8 23 2C F4 AE
FD 87 23 2E F4 AE 83 27 04 F4 23 28 F4 AE FD 87
23 2A F4 AE 03 28 84 AF 83 28 C4 AF C6 87 03 25
04 AF 83 25 44 AF 2A 87 33 87 E7 02 AE 87 C2 86
B3 87 D7 02 3E 97 C2 87 AA 86 B3 87 D7 02 C2 86
AA 85 B3 BA B6 02 3E 8A B3 07 57 01 BE 8A 37 07
00 40 81 47 33 05 EA 00 AA 86 B3 B6 46 01 B3 85
FA 00 B3 87 B6 00 BE 85 2A 87 AE 87 93 96 17 00
93 55 F7 01 23 20 B4 D2 83 25 04 D2 AE 96 23 20
D4 D2 FD 87 23 22 F4 D2 83 27 04 D2 B2 97 23 22
F4 FA 83 27 44 F9 23 24 F4 AE FD 87 23 26 F4 AE
83 27 44 F4 23 20 F4 AE FD 87 23 22 F4 AE 03 28
84 AE 83 28 C4 AE C6 87 83 25 04 AE 03 26 44 AE
2E 87 33 87 E7 02 B2 87 C2 86 B3 87 D7 02 3E 97
C2 87 AE 86 B3 87 D7 02 C2 86 2E 86 B3 B9 C6 02
3E 89 B3 07 37 01 BE 89 37 07 00 40 81 47 33 05
E9 00 AA 86 B3 B6 26 01 B3 85 F9 00 B3 87 B6 00
BE 85 2A 87 AE 87 93 96 17 00 13 56 F7 01 23 2C
C4 D0 03 26 84 D1 B2 96 23 2C D4 D0 FD 87 23 2E
F4 D0 03 26 84 D1 83 27 C4 F9 23 2C F4 AC FD 87
23 2E F4 AC 83 27 C4 F3 23 28 F4 AC FD 87 23 2A
F4 AC 03 28 84 AD 83 28 C4 AD C6 87 03 25 04 AD
83 25 44 AD 2A 87 33 87 E7 02 AE 87 C2 86 B3 87
D7 02 3E 97 C2 87 AA 86 B3 87 D7 02 C2 86 AA 85
B3 BF B6 02 3E 8F B3 07 F7 01 BE 8F 37 07 00 40
81 47 33 05 EF 00 AA 86 B3 B6 E6 01 B3 85 FF 00
B3 87 B6 00 BE 85 2A 87 AE 87 93 96 17 00 93 55
F7 01 23 28 B4 D0 83 25 04 D1 AE 96 23 28 D4 D0
FD 87 23 2A F4 D0 83 27 04 D1 B3 07 F6 40 23 24
F4 FA 83 27 84 F9 23 24 F4 AC FD 87 23 26 F4 AC
83 27 C4 F3 23 20 F4 AC FD 87 23 22 F4 AC 03 28
84 AC 83 28 C4 AC C6 87 83 25 04 AC 03 26 44 AC
2E 87 33 87 E7 02 B2 87 C2 86 B3 87 D7 02 3E 97
C2 87 AE 86 B3 87 D7 02 C2 86 2E 86 B3 BE C6 02
3E 8E B3 07 D7 01 BE 8E 37 07 00 40 81 47 33 05
EE 00 AA 86 B3 B6 C6 01 B3 85 FE 00 B3 87 B6 00
BE 85 2A 87 AE 87 93 96 17 00 13 56 F7 01 23 24
C4 D0 03 26 84 D0 B2 96 23 24 D4 D0 FD 87 23 26
F4 D0 03 26 84 D0 83 27 04 F9 23 2C F4 AA FD 87
23 2E F4 AA 83 27 44 F4 23 28 F4 AA FD 87 23 2A
F4 AA 03 28 84 AB 83 28 C4 AB C6 87 03 25 04 AB
83 25 44 AB 2A 87 33 87 E7 02 AE 87 C2 86 B3 87
D7 02 3E 97 C2 87 AA 86 B3 87 D7 02 C2 86 AA 85
B3 B3 B6 02 3E 83 B3 07 77 00 BE 83 37 07 00 40
81 47 33 05 E3 00 AA 86 B3 B6 66 00 B3 85 F3 00
B3 87 B6 00 BE 85 2A 87 AE 87 93 96 17 00 93 55
F7 01 23 20 B4 D0 83 25 04 D0 AE 96 23 20 D4 D0
FD 87 23 22 F4 D0 83 27 04 D0 B3 07 F6 40 23 26
F4 FA 03 27 04 FA 83 27 84 FA 3E 97 83 27 44 FC
98 C3 03 27 44 FA 83 27 C4 FA 3E 97 83 27 44 FC
D8 C3 03 27 04 FA 83 27 84 FA 1D 8F 83 27 04 FC
98 C3 03 27 44 FA 83 27 C4 FA 1D 8F 83 27 04 FC
D8 C3 83 27 C4 FC A1 07 23 26 F4 FC 83 27 84 FC
A1 07 23 24 F4 FC 83 27 44 FC A1 07 23 22 F4 FC
83 27 04 FC A1 07 23 20 F4 FC 83 27 C4 FB A1 07
23 2E F4 FA 83 27 84 FB 85 07 23 2C F4 FA 03 27
84 FB 83 27 04 F2 63 54 F7 00 6F E0 EF A2 01 00
01 00 83 20 C1 54 03 24 81 54 03 29 41 54 83 29
01 54 03 2A C1 53 83 2A 81 53 03 2B 41 53 83 2B
01 53 03 2C C1 52 83 2C 81 52 03 2D 41 52 83 2D
01 52 13 01 01 55 82 80 11 71 86 DF A2 DD CA DB
CE D9 D2 D7 D6 D5 DA D3 DE D1 E2 CF E6 CD EA CB
EE C9 00 02 23 2E A4 F8 23 2C B4 F8 23 2A C4 F8
23 28 D4 F8 23 26 E4 F8 83 27 44 F9 93 87 87 10
23 2C F4 FA 83 27 44 F9 9C 43 23 2A F4 FA 83 27
C4 F8 8E 07 3E 85 EF 40 A0 0E AA 87 23 28 F4 FA
83 27 04 FB B1 EB 97 F7 00 00 83 A7 67 5A 9C 43
DC 47 BE 86 5D 46 85 45 17 E5 00 00 13 05 C5 34
EF 40 30 2E 97 F7 00 00 83 A7 87 58 9C 43 DC 47
BE 86 65 46 85 45 17 E5 00 00 13 05 65 34 EF 40
50 2C 97 F7 00 00 83 A7 A7 56 9C 43 DC 47 BE 85
29 45 EF 40 B0 17 8D AB 23 26 04 FC A1 AB 83 27
C4 FC 23 24 F4 FC 23 22 04 FC 51 AA 83 27 84 FC
13 97 37 00 83 27 C4 F9 B3 86 E7 00 83 27 44 FC
13 97 37 00 83 27 04 FB 3E 97 9C 42 1C C3 DC 42
5C C3 83 27 44 FC 13 97 37 00 83 27 04 FB BA 97
9C 43 23 28 F4 F4 FD 87 23 2A F4 F4 B7 07 00 80
13 87 F7 FF 83 27 C4 F8 B3 47 F7 02 23 24 F4 F4
FD 87 23 26 F4 F4 03 28 04 F5 83 28 44 F5 C6 87
83 25 84 F4 03 26 C4 F4 2E 87 33 87 E7 02 B2 87
C2 86 B3 87 D7 02 3E 97 C2 87 AE 86 B3 87 D7 02
C2 86 2E 86 B3 BA C6 02 3E 8A B3 07 57 01 BE 8A
37 07 00 40 81 47 33 05 EA 00 AA 86 B3 B6 46 01
B3 85 FA 00 B3 87 B6 00 BE 85 2A 87 AE 87 93 96
17 00 13 56 F7 01 23 20 C4 F8 03 26 04 F8 B2 96
23 20 D4 F8 FD 87 23 22 F4 F8 83 27 44 FC 13 97
37 00 83 27 04 FB 3E 97 83 27 04 F8 1C C3 83 27
44 FC 13 97 37 00 83 27 04 FB BA 97 DC 43 23 20
F4 F4 FD 87 23 22 F4 F4 B7 07 00 80 13 87 F7 FF
83 27 C4 F8 B3 47 F7 02 3E 8C FD 87 BE 8C 03 26
04 F4 83 26 44 F4 B6 87 33 87 87 03 B2 87 B3 87
FC 02 3E 97 B2 87 B3 87 87 03 B2 86 B3 B9 86 03
3E 89 B3 07 37 01 BE 89 37 07 00 40 81 47 33 05
E9 00 AA 86 B3 B6 26 01 B3 85 F9 00 B3 87 B6 00
BE 85 2A 87 AE 87 93 96 17 00 13 5D F7 01 36 9D
93 DD F7 41 83 27 44 FC 13 97 37 00 83 27 04 FB
3E 97 EA 87 5C C3 03 27 84 FC 83 27 04 F9 BA 97
23 24 F4 FC 83 27 44 FC 85 07 23 22 F4 FC 03 27
44 FC 83 27 C4 F8 E3 43 F7 E6 83 27 C4 FC 23 24
F4 FC 23 22 04 FC 61 A6 23 2E 04 FA 83 27 84 FC
13 97 37 00 83 27 C4 F9 B3 86 E7 00 03 27 04 FB
1C 43 9C C2 5C 43 DC C2 85 47 23 20 F4 FC 35 AE
03 27 84 FC 83 27 84 F9 33 07 F7 02 83 27 C4 FB
BA 97 23 2E F4 FA 03 27 C4 FB 83 27 44 FB 63 4A
F7 00 03 27 C4 FB 83 27 44 FB B3 07 F7 40 23 2E
F4 FA 83 27 04 FC 13 97 37 00 83 27 04 FB BA 97
9C 43 23 2C F4 F2 FD 87 23 2E F4 F2 83 27 C4 FB
13 97 37 00 83 27 84 FB BA 97 9C 43 23 28 F4 F2
FD 87 23 2A F4 F2 03 28 84 F3 83 28 C4 F3 C6 87
83 25 04 F3 03 26 44 F3 2E 87 33 87 E7 02 B2 87
C2 86 B3 87 D7 02 3E 97 C2 87 AE 86 B3 87 D7 02
C2 86 2E 86 B3 B6 C6 02 23 2E D4 F6 23 2C F4 F6
83 27 C4 F7 BA 97 23 2E F4 F6 83 27 04 FC 13 97
37 00 83 27 04 FB BA 97 DC 43 23 24 F4 F2 FD 87
23 26 F4 F2 83 27 C4 FB 13 97 37 00 83 27 84 FB
BA 97 DC 43 23 20 F4 F2 FD 87 23 22 F4 F2 03 28
84 F2 83 28 C4 F2 C6 87 83 25 04 F2 03 26 44 F2
2E 87 33 87 E7 02 B2 87 C2 86 B3 87 D7 02 3E 97
C2 87 AE 86 B3 87 D7 02 C2 86 2E 86 B3 B6 C6 02
23 2A D4 F6 23 28 F4 F6 83 27 44 F7 BA 97 23 2A
F4 F6 03 25 84 F7 83 25 C4 F7 AA 87 03 28 04 F7
83 28 44 F7 42 87 33 86 E7 40 B2 87 2A 87 B3 37
F7 00 2E 87 C6 85 B3 06 B7 40 B3 87 F6 40 BE 86
32 87 B6 87 37 06 00 40 81 46 33 08 C7 00 C2 85
B3 B5 E5 00 B3 88 D7 00 B3 87 15 01 BE 88 42 87
C6 87 93 96 17 00 13 56 F7 01 23 24 C4 F6 03 26
84 F6 B2 96 23 24 D4 F6 FD 87 23 26 F4 F6 83 27
84 F6 23 24 F4 FA 83 27 04 FC 13 97 37 00 83 27
04 FB BA 97 9C 43 23 2C F4 F0 FD 87 23 2E F4 F0
83 27 C4 FB 13 97 37 00 83 27 84 FB BA 97 DC 43
23 28 F4 F0 FD 87 23 2A F4 F0 03 28 84 F1 83 28
C4 F1 C6 87 83 25 04 F1 03 26 44 F1 2E 87 33 87
E7 02 B2 87 C2 86 B3 87 D7 02 3E 97 C2 87 AE 86
B3 87 D7 02 C2 86 2E 86 B3 BB C6 02 3E 8B B3 07
77 01 BE 8B 83 27 04 FC 13 97 37 00 83 27 04 FB
BA 97 DC 43 23 24 F4 F0 FD 87 23 26 F4 F0 83 27
C4 FB 13 97 37 00 83 27 84 FB BA 97 9C 43 23 20
F4 F0 FD 87 23 22 F4 F0 03 28 84 F0 83 28 C4 F0
C6 87 83 25 04 F0 03 26 44 F0 2E 87 33 87 E7 02
B2 87 C2 86 B3 87 D7 02 3E 97 C2 87 AE 86 B3 87
D7 02 C2 86 2E 86 B3 B6 C6 02 23 22 D4 F6 23 20
F4 F6 83 27 44 F6 BA 97 23 22 F4 F6 03 25 04 F6
83 25 44 F6 AA 87 33 06 FB 00 B2 87 B3 B7 67 01
2E 87 B3 86 EB 00 B6 97 BE 86 32 87 B6 87 37 06
00 40 81 46 33 08 C7 00 C2 85 B3 B5 E5 00 B3 88
D7 00 B3 87 15 01 BE 88 42 87 C6 87 93 96 17 00
13 56 F7 01 23 2C C4 F4 03 26 84 F5 B2 96 23 2C
D4 F4 FD 87 23 2E F4 F4 83 27 84 F5 23 26 F4 FA
83 27 84 FC 13 97 37 00 83 27 C4 F9 BA 97 90 43
83 26 84 FA 83 27 84 FC 13 97 37 00 83 27 C4 F9
3E 97 B3 07 D6 00 1C C3 83 27 84 FC 13 97 37 00
83 27 C4 F9 BA 97 D0 43 83 26 C4 FA 83 27 84 FC
13 97 37 00 83 27 C4 F9 3E 97 B3 07 D6 00 5C C3
83 27 04 FC 85 07 23 20 F4 FC 03 27 04 FC 83 27
C4 F8 E3 4F F7 CA 03 27 84 FC 83 27 04 F9 BA 97
23 24 F4 FC 83 27 44 FC 85 07 23 22 F4 FC 03 27
44 FC 83 27 C4 F8 E3 49 F7 C6 83 27 C4 FC 85 07
23 26 F4 FC 03 27 C4 FC 83 27 04 F9 E3 41 F7 AA
03 25 04 FB EF 30 50 32 FE 50 6E 54 5E 59 CE 59
3E 5A AE 5A 1E 5B 8E 5B 7E 4C EE 4C 5E 4D CE 4D
11 61 82 80 39 71 06 DE 22 DC 80 00 23 2E A4 FC
23 2C B4 FC 23 2A C4 FC 23 28 D4 FC 23 26 E4 FC
23 24 F4 FC 83 27 C4 FD 23 26 F4 FE 83 27 C4 FC
13 87 47 00 23 26 E4 FC 9C 43 23 24 F4 FE 83 27
C4 FC 13 87 47 00 23 26 E4 FC 9C 43 23 22 F4 FE
03 27 84 FE 83 27 44 FE B3 07 F7 02 8E 07 03 27
C4 FD BA 97 23 20 F4 FE 03 27 44 FE 85 47 63 12
F7 04 83 27 C4 FD 03 27 84 FD 14 43 94 C3 58 43
D8 C3 03 27 04 FD 83 27 44 FD B3 07 F7 02 8E 07
03 27 84 FD BA 97 23 2C F4 FC 83 27 C4 FD A1 07
23 2E F4 FC 03 27 C4 FD 83 27 04 FE E3 13 F7 FC
A1 A8 03 27 84 FE 83 27 44 FD 33 06 F7 02 83 27
84 FC 03 27 C4 FC 83 26 04 FD 83 25 84 FD 03 25
C4 FD 0D 3F 03 27 04 FD 83 27 44 FD B3 07 F7 02
8E 07 03 27 84 FD BA 97 23 2C F4 FC 83 27 44 FE
8E 07 03 27 C4 FD BA 97 23 2E F4 FC 03 27 C4 FD
83 27 04 FE E3 17 F7 FA 83 27 C4 FE 23 2E F4 FC
03 27 84 FE 95 47 63 0F F7 06 03 27 84 FE 95 47
63 C5 E7 08 03 27 84 FE 91 47 63 09 F7 04 03 27
84 FE 91 47 63 CB E7 06 03 27 84 FE 89 47 63 08
F7 00 03 27 84 FE 8D 47 63 0E F7 00 B9 A8 83 26
44 FE 03 26 84 FC 83 25 44 FD 03 25 C4 FD EF B0
4F FF 85 A0 83 27 44 FE BE 86 03 26 84 FC 83 25
44 FD 03 25 C4 FD EF C0 5F CB A1 A0 83 27 44 FE
BE 86 03 26 84 FC 83 25 44 FD 03 25 C4 FD EF B0
7F D0 05 A8 83 26 44 FE 03 26 84 FC 83 25 44 FD
03 25 C4 FD EF D0 3F 91 29 A8 03 27 84 FE 83 26
44 FE 03 26 84 FC 83 25 44 FD 03 25 C4 FD 29 30
01 00 01 00 F2 50 62 54 21 61 82 80 79 71 06 D6
22 D4 00 18 23 2E A4 FC 23 2C B4 FC 91 47 23 26
F4 FE 03 25 C4 FD EF 30 30 07 2A 87 AE 87 3A 85
BE 85 EF 00 30 11 2A 87 AE 87 3A 85 BE 85 EF 00
D0 1D 23 20 A4 FE 23 22 B4 FE B9 A8 03 27 C4 FE
89 47 63 0B F7 00 03 27 C4 FE 91 47 63 1A F7 00
89 47 23 26 F4 FE 19 A8 8D 47 23 26 F4 FE 39 A0
83 27 C4 FE 89 07 23 26 F4 FE 01 00 03 25 C4 FE
EF 30 90 01 2A 87 AE 87 3A 86 BE 86 03 25 04 FE
83 25 44 FE EF 20 90 4B AA 87 63 C3 07 00 29 A0
83 27 C4 FD 23 26 F4 FE 03 27 C4 FD 83 27 C4 FE
B3 67 F7 02 C1 FF 03 27 C4 FD 83 27 C4 FE B3 47
F7 02 23 2E F4 FC 83 27 84 FD 13 87 47 00 23 2C
E4 FC 03 27 C4 FE 98 C3 83 27 84 FD 13 87 47 00
23 2C E4 FC 03 27 C4 FD 98 C3 03 27 C4 FD 85 47
E3 CC E7 FA 01 00 01 00 B2 50 22 54 45 61 82 80
5D 71 86 C6 A2 C4 A6 C2 CA C0 4E DE 52 DC 56 DA
80 08 23 2E A4 FA 23 2C B4 FA 23 2A C4 FA 23 28
D4 FA 23 2E 04 FC 03 27 C4 FB B7 07 00 20 93 87
A7 FB 63 F4 E7 00 81 47 F5 AA 83 27 C4 FB 93 87
17 02 8E 07 23 26 F4 FC 83 27 04 FB 89 EB 03 25
C4 FC EF 30 E0 7E AA 87 23 2E F4 FC 25 A0 83 27
44 FB 81 CF 83 27 04 FB 9C 43 03 27 C4 FC 63 E6
E7 00 83 27 44 FB 23 2E F4 FC 83 27 04 FB 03 27
C4 FC 98 C3 83 27 C4 FD 63 84 07 1A 83 27 C4 FD
03 27 C4 FB 98 C3 83 27 C4 FD 03 27 84 FB D8 C3
23 2C 04 FC 8D AA 97 E7 00 00 93 87 67 AB 98 43
DC 43 23 20 E4 FC 23 22 F4 FC 97 E7 00 00 93 87
A7 AA 90 43 D4 43 03 25 04 FC 83 25 44 FC EF 20
50 43 2A 87 AE 87 3A 8A BE 8A 03 25 84 FD EF 30
A0 6B 2A 87 AE 87 3A 86 BE 86 52 85 D6 85 EF 20
50 41 2A 87 AE 87 3A 8A BE 8A 03 25 C4 FB EF 30
A0 69 2A 87 AE 87 3A 86 BE 86 52 85 D6 85 EF 20
E0 50 2A 87 AE 87 23 28 E4 FC 23 2A F4 FC 83 27
C4 FD DC 43 89 CF 03 29 04 FD 03 27 44 FD B7 07
00 80 B3 49 F7 00 23 28 24 FD 23 2A 34 FD 03 25
04 FD 83 25 44 FD 85 27 2A 87 AE 87 97 E6 00 00
93 86 06 A2 90 42 D4 42 3A 85 BE 85 EF 20 70 3A
2A 87 AE 87 3A 85 BE 85 97 E7 00 00 93 87 C7 A0
90 43 D4 43 EF 10 B0 71 2A 87 AE 87 3A 85 BE 85
69 2F 2A 87 AE 87 83 26 C4 FD 13 86 86 10 83 26
84 FD 8E 06 B3 04 D6 00 3A 85 BE 85 EF 30 A0 59
AA 87 9C C0 03 25 04 FD 83 25 44 FD EF 00 70 0E
2A 87 AE 87 97 E6 00 00 93 86 86 9B 90 42 D4 42
3A 85 BE 85 EF 20 F0 33 2A 87 AE 87 3A 85 BE 85
97 E7 00 00 93 87 47 9A 90 43 D4 43 EF 10 30 6B
2A 87 AE 87 3A 85 BE 85 0D 2F 2A 87 AE 87 83 26
C4 FD 13 86 86 10 83 26 84 FD 8E 06 B3 04 D6 00
3A 85 BE 85 EF 30 20 53 AA 87 DC C0 83 27 84 FD
85 07 23 2C F4 FC 03 27 84 FD 83 27 C4 FB E3 44
F7 E8 83 27 C4 FD A1 07 BE 85 03 25 C4 FB F9 39
83 27 C4 FD 3E 85 B6 40 26 44 96 44 06 49 F2 59
62 5A D2 5A 61 61 82 80 79 71 06 D6 22 D4 00 18
23 2E A4 FC 23 2C B4 FC 23 2A C4 FC 23 28 D4 FC
03 27 84 FD 83 27 44 FD 63 12 F7 10 83 27 44 FD
B1 EB 97 F7 00 00 83 A7 A7 A9 9C 43 DC 47 BE 86
5D 46 85 45 17 E5 00 00 13 05 45 87 EF 30 70 7D
97 F7 00 00 83 A7 C7 A7 9C 43 DC 47 BE 86 45 46
85 45 17 E5 00 00 13 05 E5 86 EF 30 90 7B 97 F7
00 00 83 A7 E7 A5 9C 43 DC 47 BE 85 29 45 EF 30
F0 66 D9 A0 83 27 C4 FD 9C 43 8E 07 3E 85 EF 30
20 57 AA 87 23 26 F4 FE 83 27 C4 FE B1 EB 97 F7
00 00 83 A7 E7 A2 9C 43 DC 47 BE 86 5D 46 85 45
17 E5 00 00 13 05 45 83 EF 30 B0 76 97 F7 00 00
83 A7 07 A1 9C 43 DC 47 BE 86 61 46 85 45 17 E5
00 00 13 05 E5 82 EF 30 D0 74 97 F7 00 00 83 A7
27 9F 9C 43 DC 47 BE 85 29 45 EF 30 30 60 A9 A8
83 27 C4 FD 13 87 87 00 83 27 C4 FD 83 26 04 FD
05 46 83 25 84 FD 03 25 C4 FE ED 3A 83 27 C4 FD
9C 43 8E 07 3E 86 83 25 C4 FE 03 25 44 FD EF 40
00 70 03 25 C4 FE EF 30 20 4E 39 A8 83 27 C4 FD
13 87 87 00 83 27 C4 FD 83 26 04 FD 05 46 83 25
84 FD 03 25 44 FD 7D 3A B2 50 22 54 45 61 82 80
01 11 06 CE 22 CC 00 10 23 26 A4 FE 23 24 B4 FE
23 22 C4 FE 85 46 03 26 44 FE 83 25 84 FE 03 25
C4 FE 59 3D 01 00 F2 40 62 44 05 61 82 80 41 11
06 C6 22 C4 00 08 01 00 B2 40 22 44 41 01 82 80
79 71 06 D6 22 D4 00 18 23 2E A4 FC 83 27 C4 FD
23 26 F4 FE 09 A8 83 27 C4 FE 13 D7 F7 01 BA 97
85 87 23 26 F4 FE 83 27 C4 FE 85 8B ED D7 31 A8
83 27 C4 FE 37 57 55 55 13 07 67 55 33 97 E7 02
FD 87 B3 07 F7 40 23 26 F4 FE 83 26 C4 FE B7 57
55 55 93 87 67 55 33 97 F6 02 93 D7 F6 41 1D 8F
BA 87 86 07 BA 97 33 87 F6 40 79 D3 39 A8 83 27
C4 FE 37 67 66 66 13 07 77 66 33 97 E7 02 05 87
FD 87 B3 07 F7 40 23 26 F4 FE 83 26 C4 FE B7 67
66 66 93 87 77 66 B3 97 F6 02 13 D7 17 40 93 D7
F6 41 1D 8F BA 87 8A 07 BA 97 33 87 F6 40 61 D3
03 27 C4 FE 85 47 63 D8 E7 00 83 27 C4 FD 85 07
23 2E F4 FC A1 B7 01 00 83 27 C4 FD 3E 85 B2 50
22 54 45 61 82 80 5D 71 86 C6 A2 C4 A6 C2 80 08
23 26 A4 FC 23 24 B4 FC 23 22 C4 FC 23 20 D4 FC
23 2E E4 FA 23 2E 04 FC 85 47 23 24 F4 FE D1 47
23 22 F4 FE 23 20 04 FE 23 26 04 FE 99 A8 23 2C
04 FC 83 27 C4 FE 8A 07 03 27 C4 FC BA 97 9C 43
13 07 84 FD BA 86 01 46 83 25 44 FC 3E 85 09 36
83 27 84 FD 03 27 44 FE BA 97 23 22 F4 FE 83 27
C4 FE 8A 07 03 27 C4 FC BA 97 9C 43 03 27 84 FE
B3 07 F7 02 23 24 F4 FE 83 27 C4 FE 85 07 23 26
F4 FE 03 27 C4 FE 83 27 84 FC E3 42 F7 FA 83 27
84 FC 8A 07 03 27 44 FE BA 97 23 22 F4 FE 83 27
84 FC 8A 07 03 27 44 FE BA 97 23 22 F4 FE 83 27
84 FE 8E 07 03 27 44 FE BA 97 23 22 F4 FE 83 27
C4 FB 89 EB 03 25 44 FE EF 30 80 2C AA 87 23 20
F4 FE 0D A0 83 27 C4 FB 9C 43 03 27 44 FE 63 E6
E7 00 83 27 04 FC 23 20 F4 FE 83 27 C4 FB 03 27
44 FE 98 C3 83 27 04 FE 99 E3 81 47 A1 A2 83 27
04 FE 23 2E F4 FC 83 27 C4 FD 03 27 84 FE 98 C3
83 27 C4 FD 03 27 84 FC D8 C3 83 27 04 FE D1 07
23 20 F4 FE 83 27 C4 FD 03 27 04 FE D8 C7 83 27
84 FC 8A 07 03 27 04 FE BA 97 23 20 F4 FE 83 27
C4 FD 03 27 04 FE 98 C7 83 27 84 FC 8A 07 03 27
04 FE BA 97 23 20 F4 FE 83 27 C4 FD 03 27 04 FE
98 CB 83 27 84 FE 8E 07 03 27 04 FE BA 97 23 20
F4 FE 23 26 04 FE 71 A0 83 27 C4 FE 8A 07 03 27
C4 FC 3E 97 83 27 C4 FD 94 47 83 27 C4 FE 8A 07
B6 97 18 43 98 C3 83 27 C4 FD 98 47 83 27 C4 FE
8A 07 BA 97 9C 43 13 07 44 FD BA 86 01 46 83 25
44 FC 3E 85 71 3A 83 27 C4 FD 98 47 83 27 C4 FE
8A 07 BA 97 88 43 83 27 C4 FD D8 47 83 27 C4 FE
8A 07 B3 04 F7 00 93 07 44 FD BE 86 03 26 04 FE
83 25 44 FC B5 32 AA 87 9C C0 83 27 44 FD 03 27
04 FE BA 97 23 20 F4 FE 83 27 C4 FE 85 07 23 26
F4 FE 03 27 C4 FE 83 27 84 FC E3 47 F7 F6 03 27
04 FE 83 27 C4 FD 1D 8F 83 27 44 FE 63 02 F7 02
97 E7 00 00 83 A7 C7 63 9C 43 DC 47 BE 86 13 06
30 0D 85 45 17 D5 00 00 13 05 85 49 EF 30 70 37
83 27 C4 FD 3E 85 B6 40 26 44 96 44 61 61 82 80
39 71 06 DE 22 DC 80 00 23 26 A4 FC 23 24 B4 FC
23 22 C4 FC 83 27 84 FC 23 22 F4 FE 83 27 C4 FC
DC 43 85 8B 95 CF 83 27 44 FC 23 20 F4 FE 03 27
84 FC 83 27 44 FC 63 1A F7 02 83 27 C4 FC 98 4B
83 27 C4 FC 9C 43 8E 07 3E 86 83 25 84 FC 3A 85
EF 40 E0 30 83 27 C4 FC 9C 4B 23 22 F4 FE 31 A0
83 27 C4 FC 9C 4B 23 20 F4 FE 23 24 04 FE 75 A8
83 27 C4 FC 98 47 83 27 84 FE 8A 07 BA 97 9C 43
23 2E F4 FC 83 27 C4 FC 98 43 83 27 C4 FD B3 47
F7 02 23 2C F4 FC 23 26 04 FE 99 A0 83 27 C4 FC
D8 47 83 27 84 FE 8A 07 BA 97 88 43 83 27 C4 FE
8E 07 03 27 44 FE B3 05 F7 00 03 27 C4 FE 83 27
C4 FD B3 07 F7 02 8E 07 03 27 04 FE BA 97 83 26
84 FD 3E 86 95 3C 83 27 C4 FE 85 07 23 26 F4 FE
03 27 C4 FE 83 27 84 FD E3 4A F7 FA 83 27 C4 FC
9C 4B 03 27 04 FE 63 1C F7 00 83 27 44 FC 23 20
F4 FE 83 27 C4 FC 9C 4B 23 22 F4 FE 11 A8 83 27
C4 FC 9C 4B 23 20 F4 FE 83 27 44 FC 23 22 F4 FE
83 27 84 FE 85 07 23 24 F4 FE 83 27 C4 FC DC 43
03 27 84 FE E3 4E F7 F2 01 00 01 00 F2 50 62 54
21 61 82 80 01 11 22 CC 26 CA 4A C8 4E C6 2A 89
AE 89 06 CE 7D 2C AA 84 2E 84 4A 86 CE 86 4A 85
CE 85 EF 20 10 6A 09 E9 4A 85 CE 85 01 46 81 46
EF 20 C0 3D 63 4B 05 00 F2 40 A2 85 62 44 42 49
B2 49 26 85 D2 44 05 61 82 80 EF 40 00 09 01 46
81 46 93 07 10 02 1C C1 B6 85 32 85 EF 10 10 58
AA 84 2E 84 D1 BF B7 07 00 80 13 87 F7 FF 37 26
E9 3F 6D 8F 13 06 B6 1F 63 71 E6 04 01 11 06 CE
37 06 F0 7F 63 69 C7 00 2A 86 AE 86 EF 20 10 08
F2 40 05 61 82 80 0A 86 EF 00 D0 09 13 77 35 00
05 48 02 45 92 45 22 46 B2 46 63 00 07 03 89 48
63 08 17 01 05 E3 8D 29 E1 BF 01 46 81 46 AD A1
A5 21 B7 07 00 80 BD 8D E1 B7 DD 25 B7 07 00 80
BD 8D 7D BF 42 87 E9 2D 65 BF 13 D7 45 41 79 71
13 77 F7 7F 06 D6 93 08 17 C0 CD 46 63 CD 16 07
63 C6 08 0E B7 0F 10 00 93 8E FF FF B3 DE 1E 41
33 F6 BE 00 49 8E AA 86 2E 87 29 CA 59 67 03 26
87 DF 83 26 C7 DF 76 C6 46 CC 2E CA 2E C2 2A C4
2E C8 EF 10 C0 72 01 46 81 46 EF 20 C0 22 12 4E
22 43 63 53 A0 02 42 4F B2 4E 63 5A 0F 00 E2 48
D2 47 B7 0F 10 00 B3 DF 1F 41 33 8F FF 00 93 CE
FE FF 33 FE EE 01 01 43 9A 86 72 87 B2 50 36 85
BA 85 45 61 82 80 93 06 30 03 63 DF 16 01 13 06
00 40 AA 86 2E 87 E3 93 C8 FE AE 86 2A 86 EF 10
00 6D AA 86 2E 87 D9 BF 13 07 D7 BE FD 5E B3 DE
EE 00 33 F6 AE 00 AA 86 2E 87 69 D2 59 67 03 26
87 DF 83 26 C7 DF 76 C8 46 CC 2E CA 2A C6 2E C2
2A C4 2A CE EF 10 A0 69 01 46 81 46 EF 20 A0 19
12 4E 22 43 E3 5A A0 F8 32 48 C2 4E 42 83 63 4F
0E 04 93 CE FE FF 33 F3 6E 00 BD BF 59 67 03 26
87 DF 83 26 C7 DF 2E C8 2A C6 2A C4 2E C2 EF 10
00 66 01 46 81 46 EF 20 00 16 12 4E 22 43 E3 5D
A0 F4 63 45 0E 00 01 43 01 4E B9 B7 B7 05 00 80
32 48 13 83 F5 FF 33 73 C3 01 33 63 03 01 2E 8E
E3 0C 03 F2 01 43 37 0E F0 BF 3D B7 E2 48 51 47
D2 47 F2 4F 63 8C E8 00 13 07 40 03 33 07 17 41
05 43 33 13 E3 00 42 93 E3 75 F3 F9 13 8E 17 00
49 B7 B7 07 00 80 13 87 F7 FF 37 26 E9 3F 6D 8F
13 06 B6 1F 63 72 E6 04 01 11 06 CE 37 06 F0 7F
63 69 C7 00 2A 86 AE 86 EF 20 40 69 F2 40 05 61
82 80 0A 86 45 2D 93 76 35 00 05 47 02 45 92 45
22 48 B2 48 63 85 E6 02 09 46 63 8B C6 00 42 86
9D E2 C6 86 31 23 D9 BF 01 46 81 46 01 47 09 A3
42 86 C6 86 F5 29 B7 07 00 80 BD 8D C1 B7 42 86
C6 86 9D 24 65 BF C6 86 85 24 B7 07 00 80 BD 8D
75 B7 01 11 37 07 F0 7F 06 CE B3 76 B7 00 2E 88
AA 87 63 8F E6 1E AE 86 2A 87 63 52 B0 0C 13 D8
45 41 63 03 08 0E B7 07 10 00 13 86 F7 FF 13 08
18 C0 F1 8E 13 76 18 00 DD 8E 11 C6 93 57 F7 01
86 06 BE 96 06 07 86 06 93 57 F7 01 B6 97 13 53
18 40 06 07 D9 45 01 4E 81 46 37 06 20 00 33 85
C6 00 13 58 F7 01 FD 15 63 C6 A7 00 89 8F B3 06
C5 00 32 9E 86 07 C2 97 06 07 05 82 ED F1 81 4E
81 48 13 08 00 02 37 06 00 80 0D A8 63 91 D7 0A
63 6F B7 08 B3 88 C5 00 81 47 63 D6 05 00 13 C5
F8 FF 7D 81 AA 96 0D 8F 93 55 F7 01 BE 95 7D 18
B2 9E 06 07 05 82 AE 87 63 05 08 08 B3 05 16 01
E3 D6 F6 FC B3 88 C5 00 13 C5 F8 FF 6D 8D 7D 81
95 8F AA 96 63 73 B7 00 FD 17 86 07 E9 B7 93 98
15 00 93 D8 18 00 B3 E8 A8 00 63 8C 08 06 63 92
05 14 93 57 B7 00 AD 16 56 07 E5 DF 13 D6 47 01
36 88 63 16 06 14 BE 86 81 47 86 06 93 95 B6 00
3E 86 85 07 E3 DB 05 FE 93 05 00 02 9D 8D B3 55
B7 00 CD 8E 33 17 F7 00 33 08 C8 40 ED BD 86 07
93 55 F7 01 BE 95 7D 18 05 82 06 07 AE 87 E3 1F
08 F6 D9 8D 85 E5 13 D8 1E 00 13 57 1E 40 B7 06
E0 3F 52 03 93 17 FE 01 36 97 B3 E7 07 01 33 08
E3 00 F2 40 3E 85 C2 85 05 61 82 80 03 A5 81 96
42 C6 83 A5 C1 96 03 A6 01 96 83 A6 41 96 03 A8
81 96 83 A8 C1 96 72 C4 1A C2 76 C0 22 CC 26 CA
42 84 C6 84 EF 20 80 4A 2A 86 AE 86 22 85 A6 85
EF 10 D0 79 82 4E 12 43 22 4E 32 48 63 4D A0 04
03 A5 81 96 83 A5 C1 96 03 A6 01 96 83 A6 41 96
7D 57 63 82 EE 08 03 A8 C1 96 83 A7 81 96 72 C4
1A C2 76 C0 3E 84 C2 84 EF 10 60 3A 2A 86 AE 86
22 85 A6 85 EF 10 90 75 82 4E 12 43 22 4E 63 5B
05 00 89 0E 93 B7 1E 00 62 44 D2 44 3E 9E 13 D8
1E 00 A1 B7 85 0E 62 44 D2 44 13 D8 1E 00 35 BF
2A 86 AE 86 2A C2 2E C0 EF 10 B0 7D 12 46 82 46
EF 10 E0 35 F2 40 AA 87 2E 88 3E 85 C2 85 05 61
82 80 2A 86 EF 20 80 40 2A 86 AE 86 EF 10 10 0D
AA 87 2E 88 39 BF 62 44 D2 44 05 0E FD BD 7D 56
BE 86 33 08 C8 40 C1 BB 5D 71 93 97 15 00 CA C0
4E DE 5A D8 5E D6 86 C6 A2 C4 A6 C2 62 D4 66 D2
85 83 37 07 40 3E 2E 89 32 8B B6 8B AA 89 63 FC
E7 0E EF 20 50 1A 63 07 05 24 4E 86 CA 86 4E 85
CA 85 52 DC 56 DA EF 10 D0 75 03 A6 01 82 83 A6
41 82 AA 84 2E 84 EF 10 D0 74 03 A6 81 82 83 A6
C1 82 EF 10 C0 2C 26 86 A2 86 EF 10 90 73 03 A6
01 83 83 A6 41 83 EF 20 60 37 26 86 A2 86 EF 10
50 72 03 A6 81 83 83 A6 C1 83 EF 10 40 2A 26 86
A2 86 EF 10 10 71 03 A6 01 84 83 A6 41 84 EF 20
E0 34 26 86 A2 86 EF 10 D0 6F 03 A6 81 84 83 A6
C1 84 EF 10 C0 27 26 86 A2 86 EF 10 90 6E 2A 8C
AE 8C 03 A6 01 85 83 A6 41 85 26 85 A2 85 EF 10
50 6D 2A 8A AE 8A 62 86 26 85 E6 86 A2 85 EF 10
50 6C 2A 84 AE 84 5A 86 DE 86 4E 85 CA 85 EF 10
50 6B 2A 86 AE 86 22 85 A6 85 EF 20 20 2F 2A 86
AE 86 52 85 D6 85 EF 20 60 2E D9 67 2A 86 AE 86
03 A5 07 E1 83 A5 47 E1 EF 20 40 2D 2A 87 62 5A
D2 5A AE 87 35 A2 2A 86 AE 86 3E C6 52 DC 56 DA
EF 10 30 67 03 A6 01 82 83 A6 41 82 AA 84 2E 84
EF 10 30 66 03 A6 81 82 83 A6 C1 82 EF 10 20 1E
26 86 A2 86 EF 10 F0 64 03 A6 01 83 83 A6 41 83
EF 20 C0 28 26 86 A2 86 EF 10 B0 63 03 A6 81 83
83 A6 C1 83 EF 10 A0 1B 26 86 A2 86 EF 10 70 62
03 A6 01 84 83 A6 41 84 EF 20 40 26 26 86 A2 86
EF 10 30 61 03 A6 81 84 83 A6 C1 84 EF 10 20 19
26 86 A2 86 EF 10 F0 5F B2 47 37 37 D3 3F 13 07
27 33 2A 8C AE 8C E3 76 F7 F0 6A D0 6E CE 37 07
E9 3F 63 64 F7 0A D9 65 03 A5 05 E1 B7 06 E0 FF
83 A5 45 E1 B6 97 01 48 01 46 BE 86 42 8A BE 8A
EF 20 C0 20 2A 8D AE 8D 03 A6 01 85 83 A6 41 85
26 85 A2 85 EF 10 F0 5A 52 86 D6 86 EF 20 00 1F
2A 8A AE 8A 62 86 26 85 E6 86 A2 85 EF 10 70 59
2A 84 AE 84 5A 86 DE 86 4E 85 CA 85 EF 10 70 58
2A 86 AE 86 22 85 A6 85 EF 20 40 1C 2A 86 AE 86
52 85 D6 85 EF 20 80 1B 2A 86 AE 86 6A 85 EE 85
EF 20 C0 1A 62 5A D2 5A 02 5D F2 4D 2A 87 AE 87
B6 40 26 44 96 44 06 49 F2 59 42 5B B2 5B 22 5C
92 5C 3A 85 BE 85 61 61 82 80 D9 67 59 67 03 AD
07 E0 83 AD 47 E0 03 28 C7 E0 83 27 87 E0 C2 8A
3E 8A 9D B7 D9 67 03 A7 07 E1 83 A7 47 E1 C9 B7
39 71 93 97 15 00 4A D8 4E D6 5A D0 5E CE 62 CC
06 DE 85 83 37 08 40 3E 2E 89 B2 8B 36 8C 3A 8B
AA 89 63 F8 07 01 EF 20 00 72 4E 87 CA 87 63 0E
05 0A 4E 86 CA 86 4E 85 CA 85 22 DC 26 DA 52 D4
56 D2 EF 10 10 4D 2A 84 AE 84 2A 86 AE 86 4E 85
CA 85 EF 10 10 4C 03 A6 81 85 83 A6 C1 85 2A 8A
AE 8A 22 85 A6 85 EF 10 D0 4A 03 A6 01 86 83 A6
41 86 EF 20 A0 0E 22 86 A6 86 EF 10 90 49 03 A6
81 86 83 A6 C1 86 EF 10 80 01 22 86 A6 86 EF 10
50 48 03 A6 01 87 83 A6 41 87 EF 20 20 0C 22 86
A6 86 EF 10 10 47 03 A6 81 87 83 A6 C1 87 EF 00
10 7F 63 16 0B 04 2A 86 AE 86 22 85 A6 85 EF 10
50 45 03 A6 01 88 83 A6 41 88 EF 20 20 09 52 86
D6 86 EF 10 10 44 4E 86 CA 86 EF 00 50 7C 62 54
D2 54 22 5A 92 5A 2A 87 AE 87 F2 50 42 59 B2 59
02 5B F2 4B 62 4C 3A 85 BE 85 21 61 82 80 03 A6
01 85 83 A6 41 85 5E 8B 2A C4 2E C6 5A 85 E2 85
66 CA EF 10 10 40 22 47 B2 47 AE 8C 3A 86 BE 86
E2 8B D6 85 2A 8C 52 85 EF 10 B0 3E 2A 86 AE 86
62 85 E6 85 EF 20 80 02 22 86 A6 86 EF 10 70 3D
5A 86 DE 86 EF 20 80 01 03 A6 01 88 83 A6 41 88
2A 84 AE 84 52 85 D6 85 EF 10 B0 3B 2A 86 AE 86
22 85 A6 85 EF 00 B0 73 2A 86 AE 86 4E 85 CA 85
EF 10 D0 7E 2A 87 62 54 D2 54 22 5A 92 5A D2 4C
AE 87 A5 B7 93 97 15 00 B7 26 E9 3F 85 83 93 86
B6 1F 63 FF F6 14 1D 71 B7 E6 02 40 A2 CC 62 DC
86 CE 93 86 B6 97 32 84 2E 8C 63 E9 F6 06 CA C8
CE C6 3E C2 63 53 B0 3E 03 A6 81 88 83 A6 C1 88
EF 10 D0 79 92 47 37 27 F9 3F 13 07 B7 1F 2A 89
AE 89 63 82 E7 14 03 A6 01 89 83 A6 41 89 EF 10
F0 77 2A 86 AE 86 2A C4 2E C2 4A 85 CE 85 EF 10
F0 76 03 A6 01 89 83 A6 41 89 EF 10 30 76 92 47
22 47 46 49 B6 49 18 C0 5C C0 08 C4 4C C4 05 47
F6 40 66 44 62 5C 3A 85 25 61 82 80 B7 26 39 41
93 86 B6 1F 63 F8 F6 12 B7 06 F0 7F 63 FB D7 0C
13 D7 47 41 13 07 A7 BE D2 C4 3A 8A 52 07 99 8F
BE 85 3E C2 CA C8 CE C6 A6 CA 2A C4 EF 20 A0 4F
EF 20 80 55 2A 83 AE 83 22 45 92 45 1A 86 9E 86
1A CC 1E CE EF 10 90 6F 03 A6 01 8C 83 A6 41 8C
EF 10 30 2A AE 89 2A 89 EF 20 E0 4C EF 20 C0 52
2A 88 AE 88 42 86 C6 86 4A 85 CE 85 42 D0 46 D2
EF 10 D0 6C 03 A6 01 8C 83 A6 41 8C EF 10 70 27
38 08 2A D4 2E D6 8D 47 08 4B 4C 4B 01 46 61 17
81 46 BE 84 FD 17 3A C4 3E C2 EF 10 70 08 92 47
22 47 7D D1 D5 67 09 47 A6 86 52 86 28 08 93 87
47 DB A2 85 A5 26 2A 87 63 44 0C 22 F6 40 66 44
D6 44 46 49 B6 49 26 4A 62 5C 3A 85 25 61 82 80
01 47 08 C2 4C C2 23 24 06 00 23 26 06 00 3A 85
82 80 2A 86 AE 86 EF 10 70 65 08 C4 4C C4 08 C0
4C C0 01 47 F5 BD 03 A6 81 89 83 A6 C1 89 EF 10
F0 63 03 A6 01 8A 83 A6 41 8A 2A 89 AE 89 EF 10
F0 62 2A 86 AE 86 2A C4 2E C2 4A 85 CE 85 EF 10
F0 61 03 A6 01 8A 83 A6 41 8A EF 10 30 61 22 47
92 47 45 BD 3E C4 A6 CA CA C8 CE C6 D2 C4 D6 C2
5E DE 66 DA 6A D8 F1 24 03 A6 81 8A 83 A6 C1 8A
2A 8A AE 8A EF 10 F0 19 03 A6 01 85 83 A6 41 85
EF 00 F0 51 EF 20 20 3C 2A C2 EF 20 E0 41 03 A6
81 88 83 A6 C1 88 AA 89 2E 89 AA 8B AE 84 EF 10
50 17 2A 86 AE 86 52 85 D6 85 EF 10 30 5B 03 A6
01 89 83 A6 41 89 AA 88 2E 88 4E 85 CA 85 C6 89
42 89 C6 8C 42 8D EF 10 D0 14 AE 86 2A 86 2A 8A
AE 8A 4E 85 CA 85 EF 10 70 58 12 47 FD 46 A2 47
AA 88 2E 88 63 CF E6 00 D5 66 93 86 46 D3 13 16
27 00 B2 96 83 A6 C6 FF 63 85 F6 00 08 C0 4C C0
55 A0 93 D6 45 01 D1 87 93 F6 F6 7F B3 86 D7 40
41 46 E3 55 D6 FE 03 A6 81 89 83 A6 C1 89 5E 85
A6 85 3A C4 3E C2 DA C0 EF 10 B0 0E AA 8A 2A 86
AE 86 2E 8B 66 85 EA 85 EF 10 50 52 2A 86 AE 86
2A 89 AE 89 66 85 EA 85 EF 10 50 51 56 86 DA 86
EF 10 D0 50 03 A6 01 8A 83 A6 41 8A 2A 8A AE 8A
5E 85 A6 85 EF 10 F0 0A 52 86 D6 86 EF 10 10 4F
AE 86 2A 86 2A 8A AE 8A 4A 85 CE 85 EF 10 10 4E
92 47 93 D6 45 01 93 F6 F6 7F 95 8F 93 06 10 03
22 47 AA 88 2E 88 63 C4 F6 08 06 4B 08 C0 4C C0
CA 8C 4E 8D 46 86 C2 86 66 85 EA 85 3A C2 46 C6
42 C4 EF 10 B0 4A 52 86 D6 86 EF 10 30 4A 08 C4
4C C4 12 47 63 50 0C 02 22 48 B2 48 B7 07 00 80
33 48 F8 00 AD 8F 23 20 14 01 33 07 E0 40 23 22
04 01 5C C4 F6 40 66 44 D6 44 46 49 B6 49 26 4A
96 4A F2 5B D2 5C 42 5D 62 5C 3A 85 25 61 82 80
54 40 5C 44 37 06 00 80 B1 8E B1 8F D6 44 46 49
B6 49 26 4A 33 07 A0 40 54 C0 5C C4 D5 B9 03 A6
01 8B 83 A6 41 8B A6 85 5E 85 3A C2 EF 10 60 7E
2A 8A AE 8A 2A 86 AE 86 4A 85 CE 85 EF 10 10 42
4A 88 26 8B 2A 86 AE 86 2A 89 AE 84 AA 8C 2E 8D
42 85 CE 85 EF 10 90 40 52 86 D6 86 EF 10 10 40
03 A6 81 8B 83 A6 C1 8B 2E 8A AA 89 DA 85 5E 85
EF 10 20 7A D2 86 4E 86 EF 10 50 3E 2A 86 AE 86
2A 8A AE 8A 4A 85 A6 85 EF 10 50 3D 12 47 06 4B
08 C0 AA 88 4C C0 2E 88 31 B7 03 A6 81 88 83 A6
C1 88 EF 00 D0 2F 92 47 37 27 F9 3F 13 07 B7 1F
2A 89 AE 89 63 80 E7 04 03 A6 01 89 83 A6 41 89
EF 00 F0 2D 2A 86 AE 86 2A C4 2E C2 4A 85 CE 85
EF 10 D0 38 03 A6 01 89 83 A6 41 89 EF 00 30 2C
92 47 22 47 18 C0 46 49 B6 49 5C C0 08 C4 4C C4
7D 57 39 B9 03 A6 81 89 83 A6 C1 89 EF 00 30 2A
03 A6 01 8A 83 A6 41 8A 2A 89 AE 89 EF 00 30 29
2A 86 AE 86 2A C4 2E C2 4A 85 CE 85 EF 10 10 34
03 A6 01 8A 83 A6 41 8A EF 00 70 27 22 47 92 47
55 BF 86 05 93 D7 15 00 BE 85 82 80 13 01 01 D4
23 2C 81 2A BA C2 3A 84 55 67 13 18 24 00 13 07
07 F0 42 97 23 2A 91 2A 23 22 51 2B 23 2E 11 2A
23 28 21 2B 23 26 31 2B 23 24 41 2B 23 20 61 2B
23 2E 71 29 23 2C 81 29 23 2A 91 29 23 28 A1 29
23 26 B1 29 31 58 2A CE 2E D0 3E DC 04 43 36 8E
93 8A F6 FF 63 4E 06 69 B7 B7 AA 2A 13 07 D6 FF
93 87 B7 AA B3 17 F7 02 7D 87 89 87 99 8F 3E D2
85 07 13 97 27 00 99 8F 8E 07 33 87 54 01 B2 97
63 43 07 04 92 56 05 07 13 09 01 0A 33 84 56 41
33 0A 87 00 62 57 93 19 24 00 3E 8B BA 99 F2 8B
01 45 81 45 63 46 04 00 03 A5 09 00 EF 20 C0 0B
23 20 A9 00 23 22 B9 00 05 04 21 09 91 09 E3 11
44 FF DA 87 5E 8E 98 13 3A CA 63 C5 04 2C BA 8D
56 84 B3 88 C4 01 63 CF 0A 28 72 47 13 1B 3E 00
93 09 81 09 DA 99 33 09 67 01 26 C0 BE 8C C6 8B
56 C4 5A C8 3A 8C 72 8D 4E 8B E2 8A 81 44 01 4A
03 26 0B 00 83 26 4B 00 03 A5 0A 00 83 A5 4A 00
A1 0A 61 1B EF 10 E0 5B 2A 86 AE 86 26 85 D2 85
EF 00 F0 13 AA 84 2E 8A E3 9C 2A FD 23 A0 AD 00
23 A2 BD 00 05 04 A1 0D A1 09 E3 1F 74 FB 82 44
A2 4A 42 4B E6 87 6A 8E 83 A6 41 8C 36 C6 83 A6
01 85 83 A8 41 8D 03 A7 41 85 03 A8 01 8D B6 C4
F2 46 03 A6 01 8C 42 D4 46 D6 03 A8 81 8D 83 A8
C1 8D BA C6 03 A5 81 8C 13 97 24 00 83 A5 C1 8C
33 84 66 01 F4 00 33 8A E6 00 26 8C B4 00 26 CC
F2 44 36 97 42 D8 46 DA 2A C0 2E C2 32 C4 3A DE
3E C8 F2 C0 93 17 3C 00 3E CE D2 47 13 17 3C 00
BA 97 83 AB 07 00 83 AC 47 00 63 53 80 07 D2 47
93 08 81 1D 33 8B E8 00 13 0D 01 05 93 8D 87 FF
02 46 92 46 5E 85 E6 85 EF 10 A0 4F EF 10 B0 72
EF 10 90 78 22 46 B2 46 2A 89 AE 89 EF 10 60 4E
2A 86 AE 86 5E 85 E6 85 EF 10 50 12 EF 10 B0 70
03 26 0B 00 83 26 4B 00 23 20 AD 00 CE 85 4A 85
EF 00 F0 04 61 1B 11 0D AA 8B AE 8C E3 9A 6D FB
42 4B 5E 85 E6 85 5A 86 F5 2D 22 56 B2 56 2A 89
AE 89 EF 10 00 4A EF F0 4F 8B 42 56 D2 56 EF 10
40 49 2A 86 AE 86 4A 85 CE 85 EF 10 30 0D AE 89
2A 89 EF 10 50 6B 2A 8D EF 10 10 71 2A 86 AE 86
4A 85 CE 85 EF 10 90 0B AA 89 2E 89 63 54 60 15
93 07 FC FF 8A 07 93 87 07 05 42 47 8A 97 94 43
61 46 19 8E B3 D5 C6 40 33 96 C5 00 DD 4D 91 8E
B3 8D ED 40 94 C3 B3 DD B6 41 2E 9D 63 40 B0 41
4E 85 CA 85 01 46 81 46 EF 10 80 25 63 1A 05 1C
E2 47 63 DE 87 01 13 18 2C 00 FC 00 C2 97 81 46
98 43 F1 17 D9 8E E3 9D 47 FF 63 98 06 3E E2 47
93 09 1C 00 8A 07 8A 97 FC 47 63 9E 07 3C F2 57
85 46 98 43 F1 17 85 06 6D DF B3 0C DC 00 92 57
62 57 33 89 87 01 86 47 11 07 0A 09 E2 97 8E 07
3A 99 18 11 33 8C E7 00 F2 47 B8 13 52 CE B3 0B
F7 00 62 8A 03 25 09 00 EF 10 10 65 23 20 AA 00
23 22 BA 00 63 CB 0A 06 52 8C A6 8D 01 4D 01 4B
03 26 0C 00 83 26 4C 00 03 A5 0D 00 83 A5 4D 00
A1 0D 61 1C EF 10 E0 38 2A 86 AE 86 6A 85 DA 85
39 27 2A 8D 2E 8B E3 9D 8D FC 23 A0 AB 01 23 A2
6B 01 85 09 11 09 21 0A A1 0B E3 D5 3C FB 72 4A
66 8C 0D BD 13 07 14 00 23 A0 0D 00 23 A2 0D 00
09 04 63 09 17 01 23 A4 0D 00 23 A6 0D 00 C1 0D
E3 12 14 FF 13 1B 3E 00 45 BB 01 4D 01 4B 23 A0
AB 01 23 A2 6B 01 85 09 11 09 21 0A A1 0B E3 D3
3C F7 75 BF C2 47 63 88 07 2A 26 46 B6 46 81 4D
EF 10 60 1A E3 4E 05 EC 05 0D 89 4D 63 5C 80 2B
C6 4C 9C 08 BE 86 01 46 63 9B 0C 00 05 06 91 07
63 58 86 03 83 AC 07 00 BE 86 E3 89 0C FE B7 05
00 01 33 88 95 41 23 A0 06 01 FD 15 29 A0 98 43
33 87 E5 40 98 C3 05 06 91 07 E3 4A 86 FF 85 4C
C2 47 63 50 F0 02 42 47 85 47 63 03 F7 2C 89 47
63 19 F7 00 93 17 2C 00 8A 97 F4 47 AA 06 A9 82
F4 C7 89 47 E3 96 FD E6 D9 67 03 A5 07 E1 83 A5
47 E1 4E 86 CA 86 EF 10 60 6D AA 89 2E 89 E3 89
0C E4 D9 67 03 A5 07 E1 83 A5 47 E1 42 46 D9 21
2A 86 AE 86 4E 85 CA 85 EF 10 40 6B AA 89 2E 89
4E 85 CA 85 01 46 81 46 EF 10 80 08 E3 0A 05 E2
C2 47 4E 85 CA 85 33 06 F0 40 E2 44 3E C0 59 29
03 AA 01 8C 83 AA 41 8C 2A 89 52 86 D6 86 AE 89
EF 10 60 0C 63 4E 05 3A 03 A6 81 8C 83 A6 C1 8C
4A 85 CE 85 EF 10 E0 21 EF 10 F0 44 2A 84 EF 10
B0 4A 52 86 D6 86 EF 10 C0 20 AE 86 2A 86 CE 85
4A 85 EF 10 A0 64 EF 10 10 43 82 47 13 1B 2C 00
13 07 1C 00 0A 9B 93 16 27 00 23 28 AB 04 8A 96
E1 07 A0 CA 3A C0 59 67 03 25 07 E1 83 25 47 E1
3E 86 0D 21 02 47 2A 84 2E 8A 63 49 07 3A D2 47
93 1B 37 00 33 8B 77 01 03 A9 81 8C 93 17 27 00
83 A9 C1 8C 93 87 07 05 5A 8C 5E C0 B3 8A 27 00
DA 8B 93 0C C1 04 3A 8B 03 A5 0A 00 F1 1A 61 1C
EF 10 90 42 22 86 D2 86 EF 10 A0 18 2A 87 AE 87
22 85 D2 85 23 24 EC 00 23 26 FC 00 4A 86 CE 86
EF 10 20 17 2A 84 2E 8A E3 98 5C FD DA 8A 5E 8B
82 4B 13 0A 01 14 6A C0 6E C4 5E C8 D2 89 01 49
55 6C 63 CB 04 04 93 0D 0C EC 5A 8D 81 4C 01 44
81 4B 63 48 79 03 03 26 0D 00 83 26 4D 00 03 A5
0D 00 83 A5 4D 00 85 0B A1 0D EF 10 80 12 2A 86
AE 86 66 85 A2 85 65 21 21 0D AA 8C 2E 84 E3 DA
74 FD 23 A0 99 01 23 A2 89 00 61 1B A1 09 63 0F
59 01 05 09 E3 D9 04 FA 81 4C 01 44 23 A0 99 01
23 A2 89 00 61 1B A1 09 E3 15 59 FF 96 46 89 47
02 4D A2 4D C2 4B 56 87 63 CB D7 16 63 4D D0 0E
85 E6 B3 0A 7A 01 13 09 8A FF 01 45 81 45 03 A6
0A 00 83 A6 4A 00 E1 1A 99 21 E3 1A 59 FF 63 9B
0D 28 82 57 88 C3 CC C3 83 20 C1 2B 03 24 81 2B
83 24 41 2B 03 29 01 2B 83 29 C1 2A 03 2A 81 2A
83 2A 41 2A 03 2B 01 2A 83 2B C1 29 03 2C 81 29
83 2C 41 29 83 2D C1 28 13 75 7D 00 03 2D 01 29
13 01 01 2C 82 80 93 17 2C 00 8A 97 83 AD C7 04
93 DD 7D 41 E3 56 B0 C3 05 0D E3 4B 80 D5 89 47
E3 90 FD C2 D9 67 03 A5 07 E1 83 A5 47 E1 4E 86
CA 86 EF 10 A0 48 AA 89 2E 89 19 B1 05 0D E3 49
80 D3 42 47 05 46 63 00 C7 24 09 46 63 06 C7 22
E3 98 CD BE C1 BF CE 8C 1D B9 13 07 FC FF 93 16
27 00 8A 96 C2 47 B4 4A E2 44 A1 17 E3 94 06 E2
B4 00 C2 96 90 42 F1 16 7D 17 A1 17 65 DE 19 BD
93 17 2C 00 8A 97 F4 47 A6 06 A5 82 F4 C7 91 B3
A1 57 02 D2 59 B2 03 24 01 14 83 24 41 14 B3 0A
7A 01 01 46 81 46 13 09 8A FF BA 89 32 85 B6 85
03 A6 0A 00 83 A6 4A 00 E1 1A 91 26 2A 86 AE 86
E3 16 59 FF 4E C0 63 98 0D 16 AA 89 2E 89 22 85
A6 85 EF 10 A0 3E 02 57 23 20 37 01 23 22 27 01
02 47 15 C3 21 0A 05 44 BA 84 03 26 0A 00 83 26
4A 00 05 04 21 0A 21 26 E3 D9 84 FE 63 85 0D 00
B7 07 00 80 BD 8D 82 57 88 C7 CC C7 75 BD 96 46
8D 47 E3 9B F6 EA 63 80 0A 18 B3 0C 7A 01 13 09
8A FF 83 A9 0C 00 83 A4 4C 00 33 04 79 01 22 C0
56 C4 5E C8 03 2B 04 00 83 2B 44 00 4E 85 A6 85
5A 86 DE 86 6D 2C 2A 86 AE 86 4E 8C A6 8A AA 89
AE 84 5A 85 DE 85 EF 10 60 36 62 86 D6 86 45 24
08 C4 23 20 34 01 44 C0 4C C4 61 14 E3 14 89 FC
22 47 85 47 02 44 C2 4B 63 0F F7 10 03 AB 0C 00
83 A4 4C 00 03 29 04 00 83 29 44 00 5A 85 A6 85
4A 86 CE 86 AD 24 2A 86 AE 86 5A 8C A6 8A 2A 8B
AE 84 4A 85 CE 85 EF 10 60 31 62 86 D6 86 81 2C
08 C4 23 20 64 01 44 C0 4C C4 61 14 E3 14 8A FC
B3 0A 74 01 01 45 81 45 03 A6 0A 00 83 A6 4A 00
3D 24 93 87 0A FF E1 1A E3 18 F4 FE 03 26 01 14
03 27 41 14 83 26 81 14 83 27 C1 14 63 95 0D 02
02 54 10 C0 58 C0 14 C4 5C C4 08 C8 4C C8 E9 B3
4A 85 CE 85 13 14 2C 00 EF 10 F0 09 0A 94 82 47
62 87 28 C8 41 B1 02 54 37 08 00 80 33 47 07 01
B3 C7 07 01 B3 C5 05 01 10 C0 14 C4 08 C8 58 C0
5C C4 4C C8 51 BB 02 57 37 08 00 80 B3 47 D8 00
08 C3 5C C3 22 85 A6 85 EF 10 40 27 02 47 E3 1B
07 E8 7D B5 B7 07 00 80 BD 8D A5 B3 16 47 89 47
63 C7 E7 02 63 4C E0 02 96 47 01 45 81 45 E3 9D
07 D4 E3 88 0D D4 F9 BF AA 06 A9 82 94 C3 C2 47
E3 90 FD 9C 45 B3 A6 06 A5 82 94 C3 49 BB 16 47
8D 47 E3 1B F7 D2 01 45 81 45 89 B7 03 25 01 14
83 25 41 14 63 8A 0D 00 03 A7 01 8E 82 56 83 A7
41 8E 98 C2 DC C2 A9 B5 82 57 23 A0 07 00 23 A2
07 00 91 B5 01 11 93 D6 45 41 06 CE 93 F6 F6 7F
AE 87 2A 87 32 88 C9 E2 93 96 15 00 85 82 C9 8E
A5 CA 83 A6 C1 8E 03 A6 81 8E 42 C6 EF 00 70 58
32 48 D1 76 93 86 06 CB 2A 87 AE 87 63 43 D8 0C
93 D6 45 41 93 F6 F6 7F 93 86 A6 FC 31 66 13 06
06 35 63 4F 06 05 36 98 93 06 E0 7F 63 CA 06 05
63 46 00 09 93 06 B0 FC 63 48 D8 0A B7 07 10 80
FD 17 FD 8D 13 08 68 03 03 A6 81 90 83 A6 C1 90
52 08 33 68 B8 00 3A 85 C2 85 EF 00 90 52 2A 87
F2 40 3A 85 05 61 82 80 13 06 F0 7F E3 98 C6 FA
2A 86 AE 86 69 28 F2 40 2A 87 3A 85 05 61 82 80
59 67 03 25 87 DF 83 25 C7 DF 63 CD 07 00 03 26
87 DF 83 26 C7 DF EF 00 D0 4E 2A 87 F2 40 3A 85
05 61 82 80 03 26 87 DF 83 26 C7 DF 03 A5 81 8F
83 A5 C1 8F EF 00 F0 4C 2A 87 CD B7 F2 40 B7 07
10 80 FD 17 52 08 FD 8D B3 E5 05 01 3A 85 05 61
82 80 03 A6 01 8F 83 A6 41 8F EF 00 90 4A F2 40
2A 87 3A 85 05 61 82 80 03 A5 01 8F 83 A5 41 8F
63 CA 07 00 03 A6 01 8F 83 A6 41 8F EF 00 70 48
2A 87 B9 BF 03 A5 01 90 83 A5 41 90 E5 B7 37 07
10 00 01 11 7D 17 B3 77 B7 00 93 D8 46 01 75 8F
22 CC 13 D4 45 01 0E 07 13 58 D6 01 4A C8 13 74
F4 7F 13 D9 F5 01 8E 07 93 55 D5 01 93 F8 F8 7F
06 CE 26 CA 4E C6 FD 82 CD 8F 33 68 E8 00 0E 05
0E 06 33 07 14 41 93 05 F0 7F 63 15 D9 24 63 57
E0 0C 63 93 08 02 33 67 C8 00 09 CF 13 07 F4 FF
01 EB 2A 96 C2 97 33 35 A6 00 AA 97 05 44 91 A8
63 1A B4 00 2A 86 9D AA E3 0E B4 FE B7 06 80 00
33 68 D8 00 93 06 80 03 63 C5 E6 08 FD 46 93 08
00 02 63 CE E6 04 B3 88 E8 40 B3 16 18 01 B3 55
E6 00 B3 18 16 01 CD 8E B3 38 10 01 B3 E6 16 01
33 57 E8 00 33 86 A6 00 3E 97 B3 36 D6 00 B3 07
D7 00 13 97 87 00 63 5B 07 18 05 04 13 07 F0 7F
63 01 E4 4A 37 07 80 FF 7D 17 F9 8F 13 57 16 00
05 8A 51 8F 13 96 F7 01 59 8E 85 83 85 AA 93 06
07 FE B3 56 D8 00 81 45 63 07 17 01 93 05 00 04
99 8D B3 15 B8 00 D1 8D B3 35 B0 00 CD 8E 01 47
55 B7 B3 66 C8 00 B3 36 D0 00 D5 BF 41 CF 33 87
88 40 01 EC B3 E6 A7 00 91 C6 93 06 F7 FF 95 DA
63 1B B7 00 C2 87 3A 84 55 A8 63 80 B8 44 B7 06
80 00 D5 8F BA 86 13 07 80 03 63 40 D7 06 7D 47
13 03 00 02 63 49 D7 02 33 03 D3 40 33 97 67 00
B3 55 D5 00 33 13 65 00 4D 8F 33 33 60 00 33 67
67 00 B3 D6 D7 00 3A 96 C2 96 33 37 E6 00 B3 87
E6 00 46 84 3D BF 13 87 06 FE 33 D7 E7 00 81 45
63 87 66 00 93 05 00 04 95 8D B3 95 B7 00 C9 8D
B3 35 B0 00 4D 8F 81 46 F9 B7 33 E7 A7 00 33 37
E0 00 D5 BF 13 07 14 00 93 76 E7 7F D9 E2 33 E7
A7 00 25 E8 63 0F 07 38 33 67 C8 00 63 0D 07 38
2A 96 C2 97 33 35 A6 00 AA 97 13 97 87 00 63 5F
07 26 37 07 80 FF 7D 17 F9 8F 05 44 13 97 D7 01
0D 82 93 06 F0 7F 51 8F 8D 83 63 19 D4 00 5D 8F
81 47 09 C7 B7 07 08 00 01 47 01 49 13 74 F4 7F
B2 07 B1 83 52 04 93 15 F9 01 5D 8C F2 40 B3 67
B4 00 62 44 D2 44 42 49 B2 49 3A 85 BE 85 05 61
82 80 63 0C 07 32 33 68 C8 00 63 12 08 24 2A 86
35 A6 63 07 B7 32 2A 96 33 35 A6 00 C2 97 AA 97
93 96 F7 01 05 82 55 8E 85 83 3A 84 13 77 76 00
01 CF 13 77 F6 00 91 46 63 08 D7 00 33 07 D6 00
B3 36 C7 00 B6 97 3A 86 13 97 87 00 E3 58 07 F6
05 04 13 07 F0 7F 63 06 E4 2E 37 07 80 FF 7D 17
F9 8F A9 BF 63 5E E0 0A 63 9E 08 06 33 67 C8 00
E3 0A 07 DC 13 07 F4 FF 11 EB 33 06 C5 40 B3 87
07 41 33 35 C5 00 89 8F 05 44 99 A0 E3 0C B4 DA
93 06 80 03 63 C1 E6 08 FD 46 93 08 00 02 63 CA
E6 04 B3 88 E8 40 B3 16 18 01 B3 55 E6 00 B3 18
16 01 CD 8E B3 38 10 01 B3 E6 16 01 33 57 E8 00
33 06 D5 40 33 87 E7 40 33 35 C5 00 B3 07 A7 40
13 97 87 00 E3 5C 07 F4 B7 04 80 00 FD 14 FD 8C
B2 89 55 A2 E3 00 B4 D6 B7 06 80 00 33 68 D8 00
45 B7 93 06 07 FE B3 56 D8 00 81 45 63 07 17 01
93 05 00 04 99 8D B3 15 B8 00 D1 8D B3 35 B0 00
CD 8E 01 47 75 B7 B3 66 C8 00 B3 36 D0 00 D5 BF
5D CF 33 83 88 40 1D E4 33 E7 A7 00 05 C3 13 07
F3 FF 19 EB 33 05 A6 40 33 37 A6 00 B3 07 F8 40
2A 86 99 8F 36 89 89 B7 63 1C B3 00 36 89 C2 87
1A 84 AD B5 63 8A B8 1E 37 07 80 00 D9 8F 1A 87
93 05 80 03 63 C8 E5 06 FD 45 13 0E 00 02 63 CE
E5 02 33 0E EE 40 B3 95 C7 01 33 53 E5 00 33 1E
C5 01 B3 E5 65 00 33 3E C0 01 B3 E5 C5 01 33 D7
E7 00 B3 05 B6 40 B3 37 B6 00 33 07 E8 40 2E 86
B3 07 F7 40 46 84 36 89 25 B7 93 05 07 FE B3 D5
B7 00 01 43 63 08 C7 01 13 03 00 04 33 03 E3 40
33 93 67 00 33 63 A3 00 33 33 60 00 B3 E5 65 00
01 47 C1 B7 B3 E5 A7 00 B3 35 B0 00 D5 BF 13 07
14 00 13 77 E7 7F 25 EF B3 E8 A7 00 33 67 C8 00
39 E8 63 96 08 00 C2 87 0D EB 01 49 99 A2 63 0C
07 12 B3 05 C5 40 B3 38 B5 00 33 87 07 41 33 07
17 41 93 18 87 00 63 D1 08 02 33 05 A6 40 33 37
A6 00 B3 07 F8 40 2A 86 99 8F 36 89 33 67 F6 00
63 03 07 12 01 44 DD BB 33 E6 E5 00 63 0A 06 10
BA 87 2E 86 E5 B7 63 99 08 00 36 89 7D E7 01 49
B7 07 40 00 01 46 DD A0 E3 0B 07 DA CD BF 33 07
C5 40 B3 35 E5 00 B3 84 07 41 8D 8C 93 95 84 00
BA 89 63 D3 05 06 B3 09 A6 40 B3 04 F8 40 33 36
36 01 91 8C 36 89 A5 C0 26 85 EF 10 00 2B 13 07
85 FF 93 07 00 02 99 8F B3 94 E4 00 B3 D7 F9 00
C5 8F 33 96 E9 00 63 40 87 08 01 8F 13 05 17 00
FD 46 93 05 00 02 63 C6 A6 04 89 8D 33 97 B7 00
B3 56 A6 00 B3 15 B6 00 55 8F B3 35 B0 00 33 66
B7 00 B3 D7 A7 00 99 BF 33 66 97 00 4D F6 01 49
81 47 01 44 E1 B9 4E 85 EF 10 20 25 13 07 85 01
FD 47 E3 D0 E7 FA 93 07 85 FF B3 97 F9 00 01 46
5D B7 05 17 33 D7 E7 00 81 46 63 07 B5 00 93 06
00 04 89 8E B3 96 D7 00 D1 8E B3 36 D0 00 33 66
D7 00 81 47 21 B7 19 8C 37 07 80 FF 7D 17 F9 8F
F5 B9 C2 87 E5 BD 2A 86 D5 BD C2 87 2E 84 BD B9
3A 84 81 47 01 46 9D B9 36 89 C2 87 46 84 BD B1
01 49 81 47 A5 B1 81 47 01 46 61 B7 79 71 13 D7
45 01 22 D4 4A D0 4E CE 56 CA 5E C6 13 94 C5 00
06 D6 26 D2 52 CC 5A C8 13 77 F7 7F AA 89 B2 8B
B6 8A 31 80 13 D9 F5 01 3D CF 93 07 F0 7F 63 07
F7 0C 13 5A D5 01 0E 04 33 6A 8A 00 B7 07 80 00
33 6A FA 00 93 14 35 00 93 09 17 C0 01 4B 93 D7
4A 01 13 94 CA 00 93 F7 F7 7F 31 80 93 DA FA 01
DD CF 93 06 F0 7F 63 87 D7 10 0E 04 93 D6 DB 01
C1 8E 37 04 80 00 55 8C 13 9F 3B 00 93 87 17 C0
81 46 33 87 F9 40 93 17 2B 00 D5 8F FD 17 39 46
33 48 59 01 63 6E F6 0E 55 66 8A 07 13 06 06 F1
B2 97 9C 43 82 87 33 6A A4 00 63 01 0A 06 15 C8
22 85 EF 10 80 12 AA 87 13 07 55 FF 75 4A 93 86
87 FF 33 0A EA 40 33 14 D4 00 33 DA 49 01 33 6A
8A 00 33 94 D9 00 13 07 D0 C0 B3 09 F7 40 A2 84
B5 B7 EF 10 80 0F 13 07 55 01 F1 46 93 07 05 02
E3 D6 E6 FC 61 15 33 9A A9 00 F1 BF 33 6A A4 00
63 1A 0A 00 81 44 BA 89 09 4B 91 B7 81 44 81 49
05 4B 35 BF AA 84 22 8A BA 89 0D 4B 0D BF 33 6F
74 01 63 00 0F 06 05 C8 22 85 EF 10 00 0B AA 86
93 07 55 FF F5 45 13 86 86 FF 9D 8D 33 14 C4 00
B3 D5 BB 00 C1 8D 33 94 CB 00 93 07 D0 C0 22 8F
95 8F 2E 84 35 B7 5E 85 EF 10 20 08 93 07 55 01
71 46 93 06 05 02 E3 57 F6 FC 93 05 85 FF B3 95
BB 00 E1 BF 33 6F 74 01 63 19 0F 00 01 44 89 46
09 B7 01 44 81 47 85 46 ED BD 5E 8F 8D 46 D5 BD
63 66 44 01 63 1F 8A 26 63 ED E4 27 93 16 FA 01
93 D7 14 00 13 96 F4 01 13 5A 1A 00 B3 E4 F6 00
93 18 84 00 93 56 8F 01 B3 E6 16 01 93 D8 08 01
B3 55 1A 03 93 9E 06 01 93 DE 0E 01 93 D7 04 01
13 15 8F 00 33 7A 1A 03 33 83 BE 02 42 0A B3 E7
47 01 63 F8 67 00 B6 97 63 E4 D7 00 63 E6 67 22
FD 15 B3 87 67 40 33 D3 17 03 C2 04 C1 80 B3 F7
17 03 33 8E 6E 02 C2 07 DD 8C 63 F8 C4 01 B6 94
63 F4 C4 01 63 F5 D4 20 7D 13 C2 05 B3 E5 65 00
B3 84 C4 41 93 97 05 01 13 1E 05 01 93 DF 05 01
13 53 05 01 C1 83 13 5E 0E 01 B3 82 C7 03 B3 83
CF 03 B3 07 F3 02 33 8F 77 00 93 D7 02 01 FA 97
B3 8F 6F 02 63 F4 77 00 41 6F FA 9F 13 DF 07 01
C2 02 C2 07 93 D2 02 01 7E 9F 96 97 63 E6 E4 01
63 9A E4 1B 63 78 F6 1A B3 0F A6 00 B3 B2 CF 00
B3 83 D2 00 9E 94 13 84 F5 FF 7E 86 63 E6 96 00
63 92 02 02 63 90 96 02 63 E6 E4 01 63 1C 9F 00
63 FA FF 00 33 06 F5 01 13 84 E5 FF B3 35 A6 00
B6 95 AE 94 B3 07 F6 40 B3 84 E4 41 33 36 F6 00
91 8C 7D 5F 63 8D 96 0C B3 D5 14 03 13 D6 07 01
B3 F4 14 03 33 8F BE 02 C2 04 45 8E 63 78 E6 01
36 96 63 64 D6 00 63 61 E6 15 FD 15 33 06 E6 41
33 5F 16 03 C2 07 C1 83 33 76 16 03 B3 8E EE 03
42 06 D1 8F 63 F8 D7 01 B6 97 63 F4 D7 01 63 F0
D7 12 7D 1F 13 96 05 01 33 66 E6 01 93 15 06 01
C1 81 B3 87 D7 41 93 5E 06 01 33 0F BE 02 33 8E
CE 03 B3 0E D3 03 33 03 B3 02 93 55 0F 01 72 93
9A 95 63 F4 C5 01 C1 68 C6 9E 93 D8 05 01 42 0F
C2 05 13 5F 0F 01 F6 98 FA 95 63 E5 17 01 63 9E
17 03 E9 C9 33 83 F6 00 13 0F F6 FF 9A 87 63 61
D3 02 63 66 13 01 63 11 13 03 63 7B B5 00 13 0F
E6 FF 13 16 15 00 B3 37 A6 00 B6 97 9A 97 32 85
63 14 B5 00 63 85 17 01 7A 86 13 6F 16 00 93 07
F7 3F 63 5E F0 0A 93 76 7F 00 81 CE 93 76 FF 00
11 46 63 88 C6 00 B3 06 CF 00 33 B6 E6 01 32 94
36 8F 93 16 74 00 63 D8 06 00 B7 07 00 FF FD 17
7D 8C 93 07 07 40 13 07 E0 7F 63 42 F7 12 13 17
D4 01 13 5F 3F 00 33 67 E7 01 0D 80 32 04 31 80
D2 07 B2 50 C1 8F 22 54 7E 08 92 54 02 59 F2 49
62 4A D2 4A 42 4B B2 4B 3A 85 B3 E5 07 01 45 61
82 80 7D 17 01 46 69 BB F9 15 B6 97 D9 BB 79 13
B6 94 E5 BB 2E 84 79 B5 F9 15 36 96 C1 B5 79 1F
B6 97 CD B5 01 45 32 8F A1 BF 56 88 36 8B 89 47
63 0F FB 0A 8D 47 63 05 FB 0A 85 47 E3 19 FB F4
01 44 01 47 B5 A0 4A 88 52 84 26 8F CD B7 BD C3
93 06 90 FC E3 C6 D7 FE 89 56 63 CF D7 04 85 46
9D 8E 13 07 E7 41 B3 57 DF 00 33 1F EF 00 33 3F
E0 01 33 17 E4 00 33 6F EF 00 B3 E7 E7 01 33 54
D4 00 13 F7 77 00 01 CF 13 F7 F7 00 91 46 63 08
D7 00 33 87 D7 00 B3 36 F7 00 36 94 BA 87 13 17
84 00 63 4B 07 04 13 17 D4 01 8D 83 5D 8F 0D 80
81 47 2D B7 85 46 75 B7 85 55 B3 86 F5 40 B3 56
D4 00 01 46 63 86 B7 00 13 07 E7 43 33 16 E4 00
33 66 E6 01 33 36 C0 00 B3 E7 C6 00 01 44 55 B7
37 04 08 00 01 47 93 07 F0 7F 01 48 C5 BD 01 44
01 47 93 07 F0 7F DD B5 01 44 01 47 85 47 F9 BD
B7 07 10 00 13 D8 45 01 FD 17 13 D3 46 01 13 78
F8 7F 93 0E F0 7F 33 F7 B7 00 AA 88 93 DF F5 01
F5 8F 13 73 F3 7F 13 DF F6 01 63 17 D8 01 33 6E
A7 00 05 45 63 18 0E 02 63 15 D3 01 D1 8F 05 45
95 E3 AD 8E 86 06 91 EE 63 1D 16 01 01 45 63 8B
EF 01 05 45 63 18 08 00 33 67 17 01 33 35 E0 00
82 80 05 45 82 80 93 D8 45 01 37 07 10 00 7D 17
13 D8 46 01 93 F8 F8 7F 93 07 F0 7F 33 73 B7 00
13 78 F8 7F 75 8F FD 81 FD 82 63 8D F8 00 13 0E
F0 7F C2 87 63 1F C8 01 33 6E C7 00 63 0B 0E 00
F9 57 31 A0 33 6E A3 00 F9 57 E3 02 0E FE 3E 85
82 80 01 4E 63 96 08 00 33 6E A3 00 13 3E 1E 00
63 13 08 04 B3 6E C7 00 63 08 0E 00 E3 81 0E FE
93 97 16 00 FD 17 E1 BF 63 99 0E 02 B3 05 B0 40
93 E7 15 00 E9 B7 E3 C5 08 FF E3 69 67 FE 63 74
A6 00 E3 05 E3 FE 63 65 C5 00 81 47 E3 79 E3 FA
93 97 15 00 C1 BF E3 15 0E FC E3 99 B6 FC E3 5C
18 FD B3 06 D0 40 93 E7 16 00 51 BF 93 D8 45 01
37 07 10 00 7D 17 13 D8 46 01 93 F8 F8 7F 93 07
F0 7F 33 73 B7 00 13 78 F8 7F 75 8F FD 81 FD 82
63 8D F8 00 13 0E F0 7F C2 87 63 1F C8 01 33 6E
C7 00 63 0B 0E 00 89 47 31 A0 33 6E A3 00 89 47
E3 02 0E FE 3E 85 82 80 01 4E 63 96 08 00 33 6E
A3 00 13 3E 1E 00 63 13 08 04 B3 6E C7 00 63 08
0E 00 E3 81 0E FE 93 97 16 00 FD 17 E1 BF 63 99
0E 02 B3 05 B0 40 93 E7 15 00 E9 B7 E3 C5 08 FF
E3 69 67 FE 63 74 A6 00 E3 05 E3 FE 63 65 C5 00
81 47 E3 79 E3 FA 93 97 15 00 C1 BF E3 15 0E FC
E3 99 B6 FC E3 5C 18 FD B3 06 D0 40 93 E7 16 00
51 BF 79 71 4E CE 93 D9 45 01 22 D4 26 D2 52 CC
56 CA 5E C6 93 94 C5 00 06 D6 4A D0 5A C8 93 F9
F9 7F 2A 84 B2 8B 36 8A B1 80 93 DA F5 01 63 8C
09 08 93 07 F0 7F 63 83 F9 0E 8E 04 93 57 D5 01
C5 8F B7 04 80 00 DD 8C 13 19 35 00 93 89 19 C0
01 4B 13 57 4A 01 13 14 CA 00 13 77 F7 7F 31 80
13 5A FA 01 71 CB 93 07 F0 7F 63 01 F7 12 0E 04
93 D7 DB 01 C1 8F 37 04 80 00 5D 8C 13 07 17 C0
93 97 3B 00 01 48 BA 99 13 17 2B 00 33 67 07 01
A9 46 13 85 19 00 63 C6 E6 12 09 46 B3 C5 4A 01
85 46 63 42 E6 10 7D 17 63 E7 E6 12 42 8B 09 47
63 05 EB 38 0D 47 63 0E EB 36 05 47 63 14 EB 26
01 44 01 46 1D AE 33 E9 A4 00 63 00 09 06 8D C8
26 85 EF 00 90 22 2A 87 93 06 55 FF F5 47 13 06
87 FF 95 8F B3 94 C4 00 B3 57 F4 00 C5 8F B3 14
C4 00 93 09 D0 C0 26 89 B3 89 E9 40 BE 84 89 BF
EF 00 B0 1F 93 06 55 01 F1 47 13 07 05 02 E3 D7
D7 FC 93 07 85 FF B3 17 F4 00 E1 BF 33 E9 A4 00
63 19 09 00 81 44 09 4B 2D B7 81 44 81 49 05 4B
0D B7 2A 89 0D 4B 31 BF B3 67 74 01 B1 CF 05 C8
22 85 EF 00 90 1B AA 87 13 07 55 FF F5 46 13 86
87 FF 99 8E 33 14 C4 00 B3 D6 DB 00 C1 8E 33 94
CB 00 13 07 D0 C0 1D 8F A2 87 36 84 21 BF 5E 85
EF 00 B0 18 13 07 55 01 F1 46 93 07 05 02 E3 D7
E6 FC 93 06 85 FF B3 96 DB 00 E1 BF B3 67 74 01
81 EB 01 44 09 48 C5 BD 01 44 01 47 05 48 E5 B5
DE 87 0D 48 CD B5 33 97 E6 00 13 76 07 53 0D E2
93 76 07 24 63 99 06 26 13 77 87 08 09 CF D2 85
F5 B5 BD 46 63 07 D7 26 AD 46 D6 85 E3 09 D7 FE
26 84 CA 87 E9 BD 93 58 09 01 13 9E 07 01 42 09
13 D6 07 01 13 59 09 01 13 5E 0E 01 B3 07 C9 03
33 83 C8 03 13 D8 07 01 33 07 26 03 1A 97 3A 98
B3 86 C8 02 63 74 68 00 41 67 BA 96 13 57 04 01
C2 07 42 04 C1 83 41 80 93 5F 08 01 42 08 33 0F
89 02 3E 98 33 09 27 03 13 53 0F 01 B3 87 88 02
3E 99 4A 93 B3 88 E8 02 63 74 F3 00 C1 67 BE 98
42 0F 13 5F 0F 01 93 17 03 01 FA 97 13 DF 04 01
C2 04 C1 80 B3 82 C4 03 93 5E 03 01 C6 9E BE 9F
33 0E CF 03 93 D8 02 01 B3 03 E6 03 33 06 96 02
72 96 B2 98 63 F4 C8 01 41 66 B2 93 33 86 84 02
C2 02 13 D3 08 01 93 D2 02 01 C2 08 1E 93 96 98
33 04 8F 02 13 5E 06 01 33 0F E7 03 33 07 97 02
22 97 3A 9E 63 74 8E 00 41 67 3A 9F 42 06 13 17
0E 01 41 82 FE 96 32 97 BA 9E B3 B7 F6 00 F6 97
B6 98 3E 93 B3 B6 D8 00 33 B6 EE 00 9A 96 B3 BE
D7 01 33 37 F3 00 33 66 D6 01 33 B3 66 00 13 5E
0E 01 93 97 98 00 72 96 33 67 67 00 32 97 B3 E7
07 01 7A 97 B3 37 F0 00 93 D8 78 01 26 07 13 D4
76 01 B3 E7 17 01 A6 06 D5 8F 93 16 77 00 59 8C
63 D3 06 08 13 D7 17 00 85 8B 5D 8F 93 17 F4 01
D9 8F 05 80 13 07 F5 3F 63 59 E0 06 93 F6 77 00
81 CE 93 F6 F7 00 11 46 63 88 C6 00 B3 86 C7 00
33 B6 F6 00 32 94 B6 87 93 16 74 00 63 D8 06 00
37 07 00 FF 7D 17 79 8C 13 07 05 40 93 06 E0 7F
63 CD E6 0C 13 16 D4 01 8D 83 5D 8E 0D 80 32 04
31 80 52 07 B2 50 41 8F 22 54 FE 05 B3 67 B7 00
92 54 02 59 F2 49 62 4A D2 4A 42 4B B2 4B 32 85
BE 85 45 61 82 80 4E 85 71 B7 35 C3 93 06 90 FC
E3 40 D7 D2 89 56 63 4E D7 04 85 46 33 87 E6 40
13 05 E5 41 B3 D6 E7 00 B3 97 A7 00 B3 37 F0 00
33 15 A4 00 C9 8F D5 8F 33 54 E4 00 13 F7 77 00
01 CF 13 F7 F7 00 91 46 63 08 D7 00 33 87 D7 00
B3 36 F7 00 36 94 BA 87 13 17 84 00 63 4C 07 04
13 16 D4 01 8D 83 5D 8E 0D 80 01 47 8D BF 05 47
45 BF 05 58 B3 06 E8 40 B3 56 D4 00 01 46 63 06
07 01 13 05 E5 43 33 16 A4 00 D1 8F B3 37 F0 00
D5 8F 01 44 65 B7 37 04 08 00 13 07 F0 7F 81 45
3D BF 37 04 08 00 01 46 CD BF 01 44 01 46 13 07
F0 7F 35 B7 01 44 01 46 05 47 15 B7 37 08 10 00
7D 18 01 11 B3 77 B8 00 13 D7 45 01 33 78 D8 00
93 D8 46 01 26 CA 8E 07 93 74 F7 7F 13 57 D5 01
4A C8 D9 8F 13 D9 F5 01 13 57 D6 01 0E 08 06 CE
22 CC 4E C6 93 F8 F8 7F 93 05 F0 7F 0E 05 FD 82
33 67 07 01 0E 06 63 95 B8 00 B3 65 C7 00 99 E1
93 C6 16 00 33 88 14 41 93 05 F0 7F 63 9A 26 25
63 58 00 0D 63 94 08 02 B3 66 C7 00 91 CE 13 88
F4 FF 63 19 08 00 2A 96 BA 97 33 35 A6 00 AA 97
85 44 89 A8 63 99 B4 00 2A 86 41 A2 E3 8E B4 FE
B7 06 80 00 55 8F 93 06 80 03 63 C6 06 09 FD 46
93 08 00 02 63 CE 06 05 B3 88 08 41 B3 16 17 01
B3 55 06 01 B3 18 16 01 CD 8E B3 38 10 01 B3 E6
16 01 33 58 07 01 33 86 A6 00 3E 98 B3 36 D6 00
B3 07 D8 00 13 97 87 00 63 50 07 1A 85 04 13 07
F0 7F 63 8B E4 4A 37 07 80 FF 7D 17 F9 8F 13 57
16 00 05 8A 51 8F 13 96 F7 01 59 8E 85 83 AD AA
93 06 08 FE B3 56 D7 00 81 45 63 08 18 01 93 05
00 04 B3 85 05 41 B3 15 B7 00 D1 8D B3 35 B0 00
CD 8E 01 48 4D B7 B3 66 C7 00 B3 36 D0 00 D5 BF
63 00 08 0A B3 86 98 40 91 EC 33 E8 A7 00 63 08
08 00 13 88 F6 FF E3 08 08 F2 63 9B B6 00 BA 87
B6 84 65 A8 63 86 B8 44 B7 05 80 00 CD 8F 36 88
93 06 80 03 63 C1 06 07 FD 46 13 03 00 02 63 C9
06 03 33 03 03 41 B3 96 67 00 B3 55 05 01 33 13
65 00 CD 8E 33 33 60 00 B3 E6 66 00 33 D8 07 01
36 96 3A 98 B3 36 D6 00 B3 07 D8 00 C6 84 1D BF
93 06 08 FE B3 D6 D7 00 81 45 63 08 68 00 93 05
00 04 B3 85 05 41 B3 95 B7 00 C9 8D B3 35 B0 00
CD 8E 01 48 F1 B7 B3 E6 A7 00 B3 36 D0 00 D5 BF
93 86 14 00 13 F8 E6 7F 63 13 08 08 B3 E6 A7 00
A5 E8 63 83 06 3A B3 66 C7 00 63 81 06 3A 2A 96
BA 97 33 35 A6 00 AA 97 13 97 87 00 63 53 07 28
37 07 80 FF 7D 17 F9 8F 85 44 93 96 D7 01 0D 82
13 07 F0 7F D1 8E 8D 83 63 99 E4 00 DD 8E 81 47
89 C6 B7 07 08 00 81 46 01 49 13 F7 F4 7F B2 07
F2 40 62 44 B1 83 52 07 93 15 F9 01 5D 8F B3 67
B7 00 D2 44 42 49 B2 49 36 85 BE 85 05 61 82 80
63 80 06 34 51 8F 63 18 07 24 2A 86 1D AE 63 8C
B6 32 2A 96 BA 97 33 35 A6 00 AA 97 13 97 F7 01
05 82 59 8E 85 83 B6 84 13 77 76 00 01 CF 13 77
F6 00 91 46 63 08 D7 00 33 07 D6 00 B3 36 C7 00
B6 97 3A 86 13 97 87 00 E3 59 07 F6 85 04 13 07
F0 7F 63 8B E4 2E 37 07 80 FF 7D 17 F9 8F B1 BF
63 5E 00 0B 63 9E 08 06 B3 66 C7 00 E3 86 06 DC
13 88 F4 FF 63 1A 08 00 33 06 C5 40 99 8F 33 35
C5 00 89 8F 85 44 99 A0 E3 88 B4 DA 93 06 80 03
63 C1 06 09 FD 46 93 08 00 02 63 C9 06 05 B3 88
08 41 B3 16 17 01 B3 55 06 01 B3 18 16 01 CD 8E
B3 38 10 01 B3 E6 16 01 33 58 07 01 33 06 D5 40
33 88 07 41 33 35 C5 00 B3 07 A8 40 13 97 87 00
E3 5C 07 F4 37 04 80 00 7D 14 7D 8C B2 89 4D AA
E3 8C B4 D4 B7 06 80 00 55 8F 4D B7 93 06 08 FE
B3 56 D7 00 81 45 63 08 18 01 93 05 00 04 B3 85
05 41 B3 15 B7 00 D1 8D B3 35 B0 00 CD 8E 01 48
75 B7 B3 66 C7 00 B3 36 D0 00 D5 BF 63 02 08 0C
33 83 98 40 8D E8 33 E8 A7 00 63 02 08 02 13 08
F3 FF 63 1C 08 00 33 05 A6 40 B3 35 A6 00 B3 07
F7 40 2A 86 8D 8F 36 89 35 BF 63 1C B3 00 36 89
BA 87 9A 84 9D B5 63 8C B8 1E B7 05 80 00 CD 8F
1A 88 93 05 80 03 63 C8 05 07 FD 45 13 0E 00 02
63 CE 05 03 33 0E 0E 41 B3 95 C7 01 33 53 05 01
33 1E C5 01 B3 E5 65 00 33 3E C0 01 B3 E5 C5 01
33 D8 07 01 B3 05 B6 40 B3 37 B6 00 33 08 07 41
2E 86 B3 07 F8 40 C6 84 36 89 0D B7 93 05 08 FE
B3 D5 B7 00 01 43 63 08 C8 01 13 03 00 04 33 03
03 41 33 93 67 00 33 63 A3 00 33 33 60 00 B3 E5
65 00 01 48 C1 B7 B3 E5 A7 00 B3 35 B0 00 D5 BF
13 88 14 00 13 78 E8 7F 63 1F 08 06 33 68 C7 00
B3 E8 A7 00 A1 EC 63 97 08 00 BA 87 63 1A 08 02
01 49 99 A2 63 0C 08 12 33 08 C5 40 B3 38 05 01
B3 85 E7 40 B3 85 15 41 93 98 85 00 63 D1 08 02
33 05 A6 40 B3 35 A6 00 B3 07 F7 40 2A 86 8D 8F
36 89 33 67 F6 00 63 03 07 12 81 44 F5 B3 33 66
B8 00 63 0A 06 10 AE 87 42 86 E5 B7 63 9A 08 00
36 89 63 17 08 0E 01 49 B7 07 40 00 01 46 D5 A0
E3 05 08 DA CD BF B3 05 C5 40 33 38 B5 00 33 84
E7 40 33 04 04 41 13 18 84 00 AE 89 63 52 08 06
B3 09 A6 40 33 04 F7 40 33 36 36 01 11 8C 36 89
39 CC 22 85 D9 22 13 07 85 FF 93 07 00 02 99 8F
33 14 E4 00 B3 D7 F9 00 C1 8F 33 96 E9 00 63 4F
97 06 05 8F 13 05 17 00 FD 46 93 05 00 02 63 C5
A6 04 89 8D 33 97 B7 00 B3 56 A6 00 B3 15 B6 00
55 8F B3 35 B0 00 33 66 B7 00 B3 D7 A7 00 91 BF
33 E6 85 00 55 F6 01 49 81 47 81 44 F9 B1 4E 85
AD 22 13 07 85 01 FD 47 E3 D1 E7 FA 93 07 85 FF
B3 97 F9 00 01 46 65 B7 05 17 33 D7 E7 00 81 46
63 07 B5 00 93 06 00 04 89 8E B3 96 D7 00 D1 8E
B3 36 D0 00 33 66 D7 00 81 47 21 B7 99 8C 37 07
80 FF 7D 17 F9 8F CD B9 BA 87 E5 BD 2A 86 D5 BD
BA 87 AE 84 9D B9 B6 84 81 47 01 46 BD B1 36 89
BA 87 C6 84 9D B1 01 49 81 47 85 B1 81 47 01 46
69 B7 B7 07 10 00 FD 17 33 F7 B7 00 D1 81 F5 8F
93 F5 F5 7F D1 82 13 08 F0 7F 93 F6 F6 7F 63 95
05 01 49 8F 05 45 19 E7 01 45 63 95 06 01 D1 8F
33 35 F0 00 82 80 13 D7 45 01 B7 06 10 00 93 87
F6 FF 13 77 F7 7F 13 06 E0 3F ED 8F FD 81 63 53
E6 04 13 06 D0 41 63 57 E6 00 37 05 00 80 7D 15
2E 95 82 80 D5 8F 93 06 30 41 63 D1 E6 02 93 06
D7 BE B3 97 D7 00 93 06 30 43 33 87 E6 40 33 55
E5 00 5D 8D 89 C9 33 05 A0 40 82 80 99 8E 33 D5
D7 00 CD BF 01 45 82 80 41 11 06 C6 22 C4 26 C2
AA 87 29 C9 13 57 F5 41 33 44 A7 00 19 8C 93 54
F5 01 22 85 99 20 93 07 E0 41 29 47 89 8F 63 46
A7 02 2D 47 09 8F 55 05 33 57 E4 00 33 14 A4 00
B2 40 22 85 32 07 22 44 D2 07 31 83 FE 04 D9 8F
B3 E5 97 00 92 44 41 01 82 80 55 15 33 17 A4 00
01 44 F9 BF 81 44 01 47 E5 BF C1 67 63 75 F5 02
93 37 05 10 93 B7 17 00 8E 07 55 67 33 55 F5 00
13 07 C7 F4 2A 97 03 45 07 00 93 06 00 02 9D 8E
33 85 A6 40 82 80 37 07 00 01 E1 47 E3 7F E5 FC
C1 47 E1 BF AA 85 81 46 01 46 01 45 6F 10 E0 36
AA 85 03 A5 C1 97 31 A0 AA 85 03 A5 C1 97 6F 10
40 57 39 71 22 DC 06 DE 93 87 B5 00 59 47 2A 84
63 6E F7 04 C1 46 63 E4 B6 04 ED 2B C1 46 61 47
89 48 55 68 13 08 08 72 42 97 5C 43 13 06 87 FF
63 87 C7 30 D8 43 D0 47 8C 47 71 9B 3E 97 54 43
D0 C5 3E C6 0C C6 93 E6 16 00 22 85 54 C3 E1 23
B2 47 F2 50 62 54 13 85 87 00 21 61 82 80 B1 47
1C C0 01 45 F2 50 62 54 21 61 82 80 93 F6 87 FF
E3 C7 07 FE E3 E5 B6 FE 36 C6 69 2B B2 46 93 07
70 1F 63 F7 D7 36 93 D7 96 00 63 8B 07 10 11 47
63 6C F7 2E 93 D7 66 00 93 88 97 03 13 8E 87 03
13 95 38 00 55 68 13 08 08 72 42 95 5C 41 61 15
63 01 F5 02 3D 43 39 A0 CC 47 63 50 06 26 63 0A
B5 00 AE 87 D8 43 71 9B 33 06 D7 40 E3 56 C3 FE
F2 88 83 27 08 01 55 6E 13 0E 8E 72 63 89 C7 21
D8 43 BD 45 71 9B 33 06 D7 40 63 C4 C5 32 23 2A
C8 01 23 28 C8 01 63 52 06 30 13 06 F0 1F 03 23
48 00 63 63 E6 24 13 76 87 FF 21 06 42 96 0C 42
13 55 57 00 05 47 33 17 A7 00 33 63 E3 00 13 07
86 FF 8C C7 D8 C7 23 22 68 00 1C C2 DC C5 93 D7
28 40 05 45 33 15 F5 00 63 6B A3 06 B3 77 65 00
89 EF 06 05 93 F8 C8 FF B3 77 65 00 91 08 91 E7
06 05 B3 77 65 00 91 08 E5 DF BD 4E 13 9F 38 00
42 9F 7A 83 03 27 C3 00 C6 8F 63 0F E3 22 50 43
BA 87 58 47 71 9A B3 05 D6 40 63 CF BE 22 E3 C6
05 FE 3E 96 54 42 8C 47 22 85 93 E6 16 00 54 C2
D8 C5 0C C7 3E C6 41 21 B2 47 13 85 87 00 D9 B5
13 05 00 20 93 08 00 04 13 0E F0 03 E5 BD 83 27
88 00 D8 43 13 73 C7 FF 33 06 D3 40 63 66 D3 00
13 27 06 01 63 08 07 12 83 A5 81 98 03 A6 41 97
7D 57 B6 95 63 06 E6 2E 05 67 3D 07 BA 95 7D 77
F9 8D 22 85 42 CE 3E CC 36 CA 1A C8 2E C6 EF 00
B0 66 7D 57 B2 45 42 43 D2 46 E2 47 72 48 2A 8E
63 0B E5 24 33 87 67 00 63 65 E5 24 B7 BE 08 00
93 8E 0E 65 03 A6 0E 00 2E 96 23 A0 CE 00 63 0E
A7 32 03 AF 41 97 7D 55 63 04 AF 34 33 07 EE 40
32 97 23 A0 EE 00 13 7F 7E 00 63 0E 0F 28 13 7E
8E FF 85 68 21 0E A1 08 33 06 BE 00 B3 85 E8 41
91 8D D2 05 D1 81 22 85 42 D6 76 D4 3E D2 36 D0
1A CE 72 CC 7A CA 32 C8 2E C6 EF 00 F0 5E 2A 87
7D 55 B2 45 42 46 52 4F 62 4E 72 43 82 56 92 57
A2 5E 32 58 63 06 A7 32 03 A6 0E 00 33 07 C7 41
2E 97 13 67 17 00 23 24 C8 01 2E 96 23 22 EE 00
23 A0 CE 00 63 87 07 03 3D 45 63 76 65 2C CC 43
13 07 43 FF 61 9B 85 89 D9 8D CC C3 95 48 B3 85
E7 00 23 A2 15 01 23 A4 15 01 63 68 E5 2E 03 27
4E 00 83 A5 41 98 63 F4 C5 00 23 A2 C1 98 83 A5
01 98 63 F4 C5 00 23 A0 C1 98 F2 87 85 AA 03 23
48 00 35 BD 13 E7 16 00 D8 C3 BE 96 13 66 16 00
23 24 D8 00 22 85 D0 C2 3E C6 31 26 B2 47 F2 50
62 54 13 85 87 00 21 61 82 80 90 47 3E 97 54 43
4C C6 3E C6 93 E6 16 00 90 C5 22 85 54 C3 E5 24
B2 47 F2 50 62 54 13 85 87 00 21 61 82 80 5C 47
89 08 E3 08 F7 D8 FD B1 13 56 97 00 91 45 63 FA
C5 0E D1 45 63 E0 C5 1C 13 05 C6 05 0E 05 93 05
B6 05 42 95 10 41 61 15 63 16 C5 00 A1 AA 10 46
63 06 C5 00 4C 42 F1 99 E3 6B B7 FE 48 46 C8 C7
90 C7 1C C5 5C C6 65 B3 51 47 63 75 F7 0E 13 07
40 05 63 6D F7 18 93 D7 C6 00 93 88 F7 06 13 8E
E7 06 13 95 38 00 FD B9 85 0F 93 F7 3F 00 21 03
F1 CF 03 27 C3 00 55 BB 88 47 93 E8 16 00 23 A2
17 01 58 C5 08 C7 BE 96 23 2A D8 00 23 28 D8 00
13 E7 15 00 3E 96 23 A6 C6 01 23 A4 C6 01 D8 C2
22 85 0C C2 3E C6 05 2C B2 47 13 85 87 00 9D B9
93 D8 36 00 13 87 86 00 2D B1 3E 97 54 43 3E C6
22 85 93 E6 16 00 54 C3 39 24 B2 47 13 85 87 00
91 B9 93 E5 16 00 CC C3 BE 96 23 2A D8 00 23 28
D8 00 93 65 16 00 3E 97 23 A6 C6 01 23 A4 C6 01
CC C2 22 85 10 C3 3E C6 F9 2A B2 47 13 85 87 00
15 B1 13 56 67 00 13 05 96 03 0E 05 93 05 86 03
09 BF 63 8A 07 0F 83 27 88 00 D8 43 71 9B 33 06
D7 40 63 66 D7 00 13 27 06 01 E3 05 07 E8 22 85
5D 22 C5 BE 93 88 C7 05 13 8E B7 05 13 95 38 00
15 B1 83 27 8F 00 FD 18 63 93 E7 19 93 F7 38 00
61 1F E5 FB 03 27 48 00 93 47 F5 FF F9 8F 23 22
F8 00 06 05 13 07 F5 FF E3 73 F7 D0 33 77 F5 00
11 E7 06 05 33 77 F5 00 91 0F 65 DF FE 88 79 B9
C1 05 05 B3 89 85 05 47 33 17 B7 00 33 63 E3 00
23 22 68 00 6D B5 33 06 BE 00 B3 05 C0 40 D2 05
D1 81 22 85 42 D4 76 D2 3E D0 36 CE 1A CC 72 CA
2E C6 32 C8 EF 00 50 36 2A 87 7D 55 B2 45 52 4E
62 43 F2 46 82 57 92 5E 22 58 E3 1F A7 D6 42 47
81 45 9D BB 93 05 40 05 63 E3 C5 06 13 56 C7 00
13 05 F6 06 0E 05 93 05 E6 06 25 BD 13 07 40 15
63 63 F7 06 93 D7 F6 00 93 88 87 07 13 8E 77 07
13 95 38 00 85 B6 B7 BE 08 00 93 8E 0E 65 03 A6
0E 00 2E 96 23 A0 CE 00 E9 B1 52 05 E3 13 05 CC
03 2E 88 00 9A 95 13 E7 15 00 23 22 EE 00 95 B3
23 AA C1 97 C9 B1 85 47 23 22 FE 00 CD BD 93 05
40 15 63 EE C5 04 13 56 F7 00 13 05 86 07 0E 05
93 05 76 07 F9 B3 13 07 40 55 63 6E F7 04 93 D7
26 01 93 88 D7 07 13 8E C7 07 13 95 38 00 DD BC
61 1F 33 07 E6 01 81 45 C1 B9 93 85 87 00 22 85
42 CA 76 C8 36 C6 EF 00 D0 7A 52 48 C2 4E B2 46
03 2E 88 00 03 A6 0E 00 03 27 4E 00 DD B9 93 05
40 55 63 E1 C5 02 13 56 27 01 13 05 D6 07 0E 05
93 05 C6 07 BD B3 13 05 80 3F 93 08 F0 07 13 0E
E0 07 4D B4 13 05 80 3F 93 05 E0 07 99 BB 83 27
48 00 41 BD 82 80 82 80 01 45 82 80 59 66 B9 65
59 65 13 06 86 B2 93 85 E5 29 13 05 85 B3 C5 A4
4C 41 41 11 B7 B7 08 00 22 C4 06 C6 93 87 87 67
2A 84 63 84 F5 00 EF 30 40 32 0C 44 B7 B7 08 00
93 87 07 6E 63 85 F5 00 22 85 EF 30 00 31 4C 44
B7 B7 08 00 93 87 87 74 63 88 F5 00 22 85 22 44
B2 40 41 01 6F 30 60 2F B2 40 22 44 41 01 82 80
01 45 82 80 01 11 AD 67 22 CC 93 87 07 F5 37 B4
08 00 37 B5 08 00 13 04 84 67 06 CE 26 CA 4A C8
4E C6 52 C4 23 A6 F1 98 21 46 91 47 81 45 13 05
45 6D 5C C4 23 20 04 00 23 22 04 00 23 24 04 00
23 22 04 06 23 28 04 00 23 2A 04 00 23 2C 04 00
EF 00 70 29 2D 6A AD 69 2D 69 AD 64 37 B5 08 00
C1 67 13 0A 8A 5C 93 89 29 60 13 09 29 65 93 84
24 69 A5 07 21 46 81 45 13 05 C5 73 7C D8 23 20
44 03 23 22 34 03 23 24 24 03 44 D4 40 CC 23 24
04 06 23 26 04 06 23 28 04 06 23 26 04 0C 23 2C
04 06 23 2E 04 06 23 20 04 08 EF 00 D0 23 37 B7
08 00 37 B5 08 00 B7 07 02 00 C9 07 13 07 07 6E
13 05 45 7A 21 46 81 45 23 24 44 09 23 26 34 09
23 28 24 09 23 2A 94 08 23 2E F4 0C 23 28 04 0C
23 2A 04 0C 23 2C 04 0C 23 2A 04 12 23 20 04 0E
23 22 04 0E 23 24 04 0E 23 22 E4 08 EF 00 B0 1E
B7 B7 08 00 93 87 87 74 23 28 44 0F 23 2A 34 0F
23 2C 24 0F 23 2E 94 0E F2 40 23 26 F4 0E 62 44
D2 44 42 49 B2 49 22 4A 05 61 82 80 83 A7 C1 98
01 11 26 CA 06 CE 22 CC AA 84 D5 CB 59 68 13 08
88 B2 FD 56 83 27 48 00 FD 17 63 C2 07 06 03 24
88 00 29 A0 13 04 84 06 63 8B D7 04 03 17 C4 00
FD 17 6D FB C1 77 85 07 5C C4 23 22 04 06 23 20
04 00 23 24 04 00 23 22 04 00 23 28 04 00 23 2A
04 00 23 2C 04 00 21 46 81 45 13 05 C4 05 EF 00
90 15 23 28 04 02 23 2A 04 02 23 22 04 04 23 24
04 04 F2 40 22 85 62 44 D2 44 05 61 82 80 03 24
08 00 19 C0 22 88 79 B7 93 05 C0 1A 26 85 42 C6
EF F0 2F FC 32 48 2A 84 0D C5 91 47 5C C1 31 05
23 20 04 00 08 C4 13 06 00 1A 81 45 42 C6 EF 00
90 10 32 48 FD 56 23 20 88 00 22 88 A1 BF 19 3D
B1 B7 23 20 08 00 B1 47 9C C0 65 B7 5C 59 91 C3
82 80 AD 67 03 A7 C1 98 93 87 47 F6 5C D9 6D FB
D5 BB 82 80 82 80 59 66 AD 65 13 06 86 B2 93 85
C5 F4 01 45 AD A0 59 66 AD 65 13 06 86 B2 93 85
45 FB 01 45 A9 A8 AA 87 19 C1 58 59 19 C3 3E 85
3D AC 01 11 06 CE 32 C6 2E C4 2A C2 45 3F 92 47
32 46 A2 45 F2 40 3E 85 05 61 15 A4 83 A7 C1 97
2A 87 2E 86 99 C3 D4 5B 81 C6 BA 85 3E 85 01 AC
01 11 2A C4 3E 85 06 CE 2E C6 3E C2 41 37 22 47
92 47 32 46 F2 40 BA 85 3E 85 05 61 CD AA 79 71
4A D0 4E CE 52 CC 56 CA 5A C8 5E C6 06 D6 22 D4
26 D2 B2 8A 2A 8B AE 8B 01 4A 85 49 7D 59 83 A4
4A 00 FD 14 63 C6 04 02 03 A4 8A 00 83 57 C4 00
63 FB F9 00 83 17 E4 00 A2 85 5A 85 63 85 27 01
82 9B 33 6A AA 00 FD 14 13 04 84 06 E3 90 24 FF
83 AA 0A 00 E3 95 0A FC B2 50 22 54 92 54 02 59
F2 49 D2 4A 42 4B B2 4B 52 85 62 4A 45 61 82 80
B3 87 C6 02 5D 71 13 08 C1 02 B2 88 05 46 42 DA
86 C6 2E D6 32 DC 2A 88 3E D8 3E DE 19 C1 50 59
29 CE 83 15 C7 00 70 53 09 63 13 95 25 01 63 4A
05 00 79 75 7D 15 B3 E5 65 00 69 8E 23 16 B7 00
70 D3 93 15 26 01 01 45 63 D5 05 00 B6 40 61 61
82 80 BA 85 42 85 50 18 3E C8 46 CA 36 C6 EF 30
40 26 2A 87 32 45 7D D3 72 57 C2 47 D2 48 B6 40
99 8F 33 D5 17 03 61 61 82 80 3A CE 36 CC 46 CA
3E C6 2A C8 A5 3D 72 47 E2 46 D2 48 42 48 B2 47
49 BF B3 87 C5 02 5D 71 03 A8 C1 97 B2 88 05 47
70 10 86 C6 2A D6 32 DA 3A DC 3E D8 3E DE 2E 83
63 05 08 00 03 27 48 03 21 CF 03 96 C6 00 F8 52
09 65 93 15 26 01 63 C9 05 00 F9 75 FD 15 49 8E
6D 8F 23 96 C6 00 F8 D2 13 16 27 01 01 45 63 55
06 00 B6 40 61 61 82 80 B6 85 42 85 50 18 3E C8
1A CA 46 C6 EF 30 E0 1C 2A 87 32 45 7D D3 72 57
C2 47 52 43 B6 40 99 8F 33 D5 67 02 61 61 82 80
42 85 36 CE 46 CC 3E C8 42 C6 2E CA C5 33 F2 46
E2 48 52 43 C2 47 32 48 49 BF 39 71 2E 8E 0C 45
13 03 81 02 32 D4 36 D6 72 86 9A 86 06 CE 3A D8
3E DA 42 DC 46 DE 1A C6 EF 00 B0 4C F2 40 21 61
82 80 03 A3 C1 97 39 71 32 D4 36 D6 2E D2 3A D8
3E DA 42 DC 46 DE 83 25 83 00 54 10 2A 86 1A 85
06 CE 36 C6 EF 00 F0 49 F2 40 21 61 82 80 2A 87
19 C1 5C 59 8D CB 1C 46 93 F6 F5 0F FD 17 1C C6
63 D8 07 00 08 4E 63 CE A7 00 93 87 66 FF 91 CB
1C 42 13 F5 F5 0F 13 87 17 00 18 C2 23 80 D7 00
82 80 3A 85 05 AC 01 11 32 C6 2E C4 06 CE 2A C2
35 3B 32 46 A2 45 12 47 1C 46 93 F6 F5 0F FD 17
1C C6 63 D8 07 00 08 4E 63 C0 A7 02 93 87 66 FF
81 CF 1C 42 13 F5 F5 0F 13 87 17 00 18 C2 23 80
D7 00 F2 40 05 61 82 80 F2 40 3A 85 05 61 DD A2
83 A6 C1 97 2A 87 99 C2 DC 5A 9D CB 9C 45 13 76
F7 0F FD 17 9C C5 63 D8 07 00 88 4D 63 CE A7 00
93 07 66 FF 91 CB 9C 41 13 75 F7 0F 13 87 17 00
98 C1 23 80 C7 00 82 80 2E 86 36 85 BA 85 5D A2
01 11 2A C4 36 85 2E C6 36 C2 06 CE 45 39 B2 45
22 47 92 46 9C 45 13 76 F7 0F FD 17 9C C5 63 D8
07 00 88 4D 63 C0 A7 02 93 07 66 FF 81 CF 9C 41
13 75 F7 0F 13 87 17 00 98 C1 23 80 C7 00 F2 40
05 61 82 80 F2 40 2E 86 BA 85 36 85 05 61 99 AA
39 71 22 DC 2A 84 2E 85 2E C6 06 DE E9 2D B2 45
D5 67 58 58 93 08 15 00 93 87 C7 04 05 48 10 10
89 46 2E D0 2A D2 46 CE 3E D4 42 D6 32 CA 36 CC
0C 44 15 CF 03 97 C5 00 FC 51 09 66 93 16 27 01
63 C9 06 00 F9 76 FD 16 51 8F F5 8F 23 96 E5 00
FC D1 13 97 27 01 63 41 07 02 22 85 50 08 EF 20
50 7D 19 E9 29 45 F2 50 62 54 21 61 82 80 22 85
2E C6 ED 3E B2 45 7D BF 7D 55 F5 B7 AA 85 03 A5
C1 97 BD BF 41 11 22 C4 2E 84 83 95 E5 00 06 C6
B5 2E 63 49 05 00 3C 48 B2 40 AA 97 3C C8 22 44
41 01 82 80 83 57 C4 00 7D 77 7D 17 F9 8F B2 40
23 16 F4 00 22 44 41 01 82 80 01 45 82 80 83 97
C5 00 01 11 36 83 06 CE 93 F6 07 10 2E 87 B2 88
2A 88 91 EE FD 76 FD 16 F2 40 F5 8F 83 15 E7 00
23 16 F7 00 9A 86 46 86 42 85 05 61 49 AE 83 95
E5 00 32 C4 89 46 01 46 1A C6 3A C0 2A C2 C9 2C
02 47 32 43 A2 48 83 17 C7 00 12 48 E1 B7 41 11
22 C4 2E 84 83 95 E5 00 06 C6 5D 2C 7D 57 83 17
C4 00 63 0B E5 00 05 67 D9 8F B2 40 28 C8 23 16
F4 00 22 44 41 01 82 80 13 07 05 80 13 07 07 80
F9 8F B2 40 23 16 F4 00 22 44 41 01 82 80 83 95
E5 00 F1 A2 01 11 22 CC 26 CA 06 CE AA 84 2E 84
19 C1 5C 59 CD CF 18 4E 83 17 C6 00 18 C6 13 F7
87 00 39 CF 18 4A 29 CF 93 96 27 01 78 52 89 65
63 D6 06 06 93 17 27 01 63 CF 07 06 18 42 1C 4A
54 4A B3 07 F7 40 63 DA D7 06 85 07 14 46 93 05
17 00 0C C2 FD 16 14 C6 23 00 87 00 58 4A 13 74
F4 0F 63 05 F7 04 93 07 64 FF 89 E7 83 57 C6 00
85 8B 8D EF F2 40 22 85 62 44 D2 44 05 61 82 80
B2 85 26 85 32 C6 B1 28 1D E5 32 46 89 65 83 17
C6 00 78 52 93 96 27 01 E3 CE 06 F8 F9 76 FD 16
CD 8F 75 8F 23 16 F6 00 78 D2 69 B7 B2 85 26 85
EF 20 30 5A 61 D1 7D 54 75 BF B2 85 26 85 32 C6
EF 20 30 59 6D F9 32 46 85 47 18 42 41 B7 32 C6
B1 34 32 46 89 B7 AA 87 03 A5 C1 97 2E 86 BE 85
15 B7 03 A7 C1 97 01 11 06 CE 2A 86 AE 87 19 C3
54 5B DD CE 03 97 C7 00 93 76 87 00 9D C2 94 4B
8D CE 03 97 C7 00 13 76 17 00 39 CA D0 4B 23 A4
07 00 01 45 33 06 C0 40 90 CF B9 CA F2 40 05 61
82 80 93 76 07 01 C1 CE 93 76 47 00 B9 EA 94 4B
13 67 87 00 23 96 E7 00 E9 F6 D8 47 93 05 00 20
13 77 07 28 E3 0F B7 FA 32 85 BE 85 3E C4 EF 30
40 0C A2 47 03 97 C7 00 94 4B 13 76 17 00 5D F6
13 76 27 00 81 45 11 E2 CC 4B 8C C7 01 45 DD F6
93 76 07 08 C5 D6 13 67 07 04 23 96 E7 00 7D 55
71 BF 8C 5B 99 CD 93 86 07 04 63 8A D5 00 32 85
3E C6 32 C4 BD 2D B2 47 22 46 03 97 C7 00 23 A8
07 02 94 4B 13 77 B7 FD 23 A2 07 00 94 C3 49 B7
2A C4 3A 85 2E C6 9D 32 B2 47 22 46 25 BF A5 46
13 67 07 04 14 C2 23 96 E7 00 7D 55 81 BF 41 11
22 C4 26 C2 AA 84 2E 85 06 C6 23 A8 01 98 EF 40
BF E1 FD 57 63 07 F5 00 B2 40 22 44 92 44 41 01
82 80 83 A7 01 99 ED DB B2 40 22 44 9C C0 92 44
41 01 82 80 83 A7 C1 97 63 8B A7 06 6C 41 01 11
26 CA 06 CE 22 CC AA 84 9D C5 4A C8 4E C6 01 49
93 09 00 08 B3 87 25 01 80 43 19 C4 A2 85 00 40
26 85 C5 23 65 FC EC 40 11 09 E3 15 39 FF 26 85
C9 2B 42 49 B2 49 8C 5C 99 C1 26 85 D9 23 A0 40
11 C4 A2 85 00 40 26 85 6D 2B 65 FC EC 44 99 C1
26 85 45 2B DC 58 99 C7 62 44 F2 40 26 85 D2 44
05 61 82 87 F2 40 62 44 D2 44 05 61 82 80 82 80
41 11 AE 87 22 C4 26 C2 B2 85 AA 84 36 86 3E 85
06 C6 23 A8 01 98 EF 40 BF F3 FD 57 63 07 F5 00
B2 40 22 44 92 44 41 01 82 80 83 A7 01 99 ED DB
B2 40 22 44 9C C0 92 44 41 01 82 80 41 11 AE 87
22 C4 26 C2 B2 85 AA 84 36 86 3E 85 06 C6 23 A8
01 98 EF 40 FF F8 FD 57 63 07 F5 00 B2 40 22 44
92 44 41 01 82 80 83 A7 01 99 ED DB B2 40 22 44
9C C0 92 44 41 01 82 80 41 11 22 C4 26 C2 AA 84
2E 85 06 C6 23 A8 01 98 EF 50 EF 8B FD 57 63 07
F5 00 B2 40 22 44 92 44 41 01 82 80 83 A7 01 99
ED DB B2 40 22 44 9C C0 92 44 41 01 82 80 41 11
AE 87 22 C4 26 C2 B2 85 AA 84 36 86 3E 85 06 C6
23 A8 01 98 EF 40 1F FF FD 57 63 07 F5 00 B2 40
22 44 92 44 41 01 82 80 83 A7 01 99 ED DB B2 40
22 44 9C C0 92 44 41 01 82 80 03 A5 C1 97 82 80
41 11 22 C4 4A C0 55 64 55 69 06 C6 26 C2 13 09
89 71 13 04 84 71 63 0D 89 00 33 09 89 40 13 59
29 40 81 44 1C 40 85 04 11 04 82 97 E3 EC 24 FF
55 69 55 64 13 09 C9 71 13 04 84 71 63 0D 89 00
33 09 89 40 13 59 29 40 81 44 1C 40 85 04 11 04
82 97 E3 EC 24 FF B2 40 22 44 92 44 02 49 41 01
82 80 41 11 22 C4 D5 67 55 64 93 87 C7 71 13 04
C4 71 81 8F 26 C2 06 C6 93 D4 27 40 81 C8 71 14
3E 94 1C 40 FD 14 71 14 82 97 E5 FC B2 40 22 44
92 44 41 01 82 80 3D 43 2A 87 63 73 C3 02 93 77
F7 00 BD EF AD E5 93 76 06 FF 3D 8A BA 96 0C C3
4C C3 0C C7 4C C7 41 07 E3 6B D7 FE 11 E2 82 80
B3 06 C3 40 8A 06 97 02 00 00 96 96 67 80 A6 00
23 07 B7 00 A3 06 B7 00 23 06 B7 00 A3 05 B7 00
23 05 B7 00 A3 04 B7 00 23 04 B7 00 A3 03 B7 00
23 03 B7 00 A3 02 B7 00 23 02 B7 00 A3 01 B7 00
23 01 B7 00 A3 00 B7 00 23 00 B7 00 82 80 93 F5
F5 0F 93 96 85 00 D5 8D 93 96 05 01 D5 8D 61 B7
93 96 27 00 97 02 00 00 96 96 86 82 E7 80 86 FA
96 80 C1 17 1D 8F 3E 96 E3 74 C3 F8 A5 B7 B3 C7
A5 00 8D 8B B3 08 C5 00 B1 E7 13 36 46 00 39 E2
93 77 35 00 2A 87 CD E7 13 F6 C8 FF B3 06 E6 40
93 07 00 02 63 C4 D7 04 AE 86 BA 87 63 71 C7 02
03 A8 06 00 91 07 91 06 23 AE 07 FF E3 EA C7 FE
7D 16 19 8E 71 9A 91 05 11 07 B2 95 32 97 63 66
17 01 82 80 2A 87 E3 7E 15 FF 83 C7 05 00 05 07
85 05 A3 0F F7 FE E3 9A E8 FE 82 80 94 41 83 A2
45 00 83 AF 85 00 03 AF C5 00 83 AE 05 01 03 AE
45 01 03 A3 85 01 03 A8 C5 01 14 C3 94 51 13 07
47 02 23 20 57 FE 23 2E D7 FE 23 22 F7 FF B3 06
E6 40 23 24 E7 FF 23 26 D7 FF 23 28 C7 FF 23 2A
67 FE 23 2C 07 FF 93 85 45 02 E3 C9 D7 FA AD B7
83 C6 05 00 05 07 93 77 37 00 A3 0F D7 FE 85 05
A1 D7 83 C6 05 00 05 07 93 77 37 00 A3 0F D7 FE
85 05 F9 FF 15 BF 93 77 35 00 2A 87 9D EF B7 86
7F 7F 93 86 F6 F7 FD 55 10 43 11 07 B3 77 D6 00
B6 97 D1 8F D5 8F E3 89 B7 FE 83 46 C7 FF B3 07
A7 40 8D CA 83 46 D7 FF 9D C2 03 45 E7 FF 33 35
A0 00 3E 95 79 15 82 80 F9 D2 83 47 07 00 05 07
93 76 37 00 F5 FB 09 8F 13 05 F7 FF 82 80 13 85
D7 FF 82 80 13 85 C7 FF 82 80 83 A7 41 99 A1 C3
D8 43 7D 48 63 4F E8 04 13 18 27 00 1D C1 33 83
07 01 23 24 C3 08 83 A8 87 18 05 46 33 16 E6 00
B3 E8 C8 00 23 A4 17 19 23 24 D3 10 89 46 63 0F
D5 00 05 07 D8 C3 C2 97 8C C7 01 45 82 80 B7 B7
08 00 93 87 07 7B 23 AA F1 98 5D BF 83 A6 C7 18
05 07 D8 C3 D1 8E 23 A6 D7 18 C2 97 8C C7 01 45
82 80 7D 55 82 80 79 71 52 CC 4A D0 03 A9 41 99
06 D6 63 0C 09 06 4E CE 56 CA 5A C8 5E C6 22 D4
26 D2 62 C4 2A 8B AE 8B FD 59 85 4A 83 24 49 00
13 84 F4 FF 63 44 04 04 8A 04 CA 94 63 9C 0B 04
83 27 49 00 D4 40 FD 17 63 88 87 08 23 A2 04 00
95 C2 83 27 89 18 33 97 8A 00 03 2C 49 00 F9 8F
B9 EB 82 96 03 27 49 00 83 A7 41 99 63 13 87 07
63 91 27 07 7D 14 F1 14 E3 12 34 FD 22 54 92 54
F2 49 D2 4A 42 4B B2 4B 22 4C B2 50 02 59 62 4A
45 61 82 80 83 A7 44 10 13 07 F4 FF E3 82 FB FA
79 14 E3 0D 37 FD 83 A7 04 10 63 8A 77 03 E1 14
E3 12 34 FF E1 B7 83 27 C9 18 83 A5 44 08 7D 8F
15 E3 5A 85 82 96 03 27 49 00 83 A7 41 99 E3 01
87 FB CD D7 3E 89 99 BF 23 22 89 00 95 BF 3A 84
F1 14 B9 BF 2E 85 82 96 B5 BF 01 11 4A C8 55 69
22 CC 26 CA 4E C6 2E 84 06 CE AA 89 13 09 09 72
EF F0 4F 95 83 27 89 00 05 67 C4 43 F1 98 93 87
F4 7F 93 87 07 7F 33 84 87 40 31 80 7D 14 32 04
63 4A E4 00 81 45 4E 85 85 3E 83 27 89 00 A6 97
63 0D F5 00 4E 85 EF F0 0F 92 F2 40 62 44 D2 44
42 49 B2 49 01 45 05 61 82 80 B3 05 80 40 4E 85
A1 36 FD 57 63 0A F5 02 37 B7 08 00 83 26 89 00
83 27 07 65 81 8C 93 E4 14 00 4E 85 81 8F C4 C2
23 28 F7 64 EF F0 2F 8E F2 40 62 44 D2 44 42 49
B2 49 05 45 05 61 82 80 81 45 4E 85 31 36 03 27
89 00 BD 46 B3 07 E5 40 E3 DE F6 F8 03 A6 41 97
93 E7 17 00 B7 B6 08 00 11 8D 5C C3 23 A8 A6 64
51 B7 F9 CD 01 11 22 CC 2E C6 2A 84 06 CE EF F0
6F 89 B2 45 55 68 13 08 08 72 03 A5 C5 FF 13 87
85 FF 83 28 88 00 93 77 E5 FF 33 06 F7 00 54 42
13 73 15 00 F1 9A 63 80 C8 12 54 C2 B3 08 D6 00
83 A8 48 00 93 F8 18 00 63 18 03 06 03 A3 85 FF
D5 65 93 85 85 72 33 07 67 40 08 47 9A 97 63 0F
B5 0C 03 23 C7 00 23 26 65 00 23 24 A3 00 63 8D
08 10 93 E6 17 00 54 C3 1C C2 93 06 F0 1F 63 EB
F6 06 93 F6 87 FF A1 06 83 25 48 00 C2 96 90 42
13 D5 57 00 85 47 B3 97 A7 00 CD 8F 93 85 86 FF
10 C7 4C C7 23 22 F8 00 98 C2 58 C6 22 85 62 44
F2 40 05 61 6F E0 3F FF 63 95 08 02 D5 65 B6 97
93 85 85 72 14 46 93 E8 17 00 33 05 F7 00 63 89
B6 0E 50 46 D0 C6 14 C6 23 22 17 01 1C C1 71 BF
82 80 13 65 15 00 23 AE A5 FE 1C C2 93 06 F0 1F
E3 F9 F6 F8 93 D6 97 00 11 46 63 69 D6 08 93 D6
67 00 93 85 96 03 8E 05 13 86 86 03 C2 95 94 41
E1 15 63 96 D5 00 7D A8 94 46 63 86 D5 00 D0 42
71 9A E3 EB C7 FE CC 46 4C C7 14 C7 22 85 62 44
F2 40 98 C5 D8 C6 05 61 6F E0 FF F6 63 97 08 06
4C 46 10 46 BE 96 93 E7 16 00 4C C6 90 C5 5C C3
36 97 14 C3 A1 BF BE 96 63 1A 03 00 83 A7 85 FF
1D 8F 10 47 BE 96 5C 47 5C C6 90 C7 13 E6 16 00
83 A7 81 97 50 C3 23 24 E8 00 E3 E9 F6 F2 83 A5
81 98 22 85 5D 3B 1D B7 B6 97 2D BF 51 46 63 73
D6 02 13 06 40 05 63 69 D6 04 93 D6 C7 00 93 85
F6 06 8E 05 13 86 E6 06 95 B7 93 E6 17 00 54 C3
1C C2 ED BD 93 85 C6 05 8E 05 13 86 B6 05 B9 B7
23 2A E8 00 23 28 E8 00 4C C7 0C C7 23 22 17 01
1C C1 E9 BD 03 25 48 00 09 86 85 47 B3 97 C7 00
C9 8F 23 22 F8 00 89 B7 13 06 40 15 63 6A D6 00
93 D6 F7 00 93 85 86 07 8E 05 13 86 76 07 39 B7
13 06 40 55 63 6A D6 00 93 D6 27 01 93 85 D6 07
8E 05 13 86 C6 07 DD BD 93 05 80 3F 13 06 E0 07
F5 B5 21 71 23 2E 11 1A 23 2A 91 1A 23 28 21 1B
23 28 A1 19 36 C6 32 8D AE 84 2A 89 EF 20 30 25
1C 41 3E 85 3E D4 81 36 2A D2 82 C1 63 07 09 00
83 27 49 03 99 E3 6F 10 60 43 03 97 C4 00 FC 50
09 66 93 16 27 01 63 C9 06 00 F9 76 FD 16 51 8F
F5 8F 23 96 E4 00 FC D0 13 97 27 01 63 54 07 00
6F 10 B0 50 83 97 C4 00 13 F7 87 00 63 01 07 1E
98 48 63 0E 07 1C E9 8B 29 47 63 87 E7 1E D5 67
23 26 31 1B 23 24 41 1B 93 09 C1 0D 55 6A 93 87
47 1C 23 2C 81 1A 23 20 61 1B 23 22 51 1B 23 2E
71 19 23 2C 81 19 23 2A 91 19 23 26 B1 19 02 DF
02 DD 4E DB 4E 8B 3E CA 13 0A 0A 33 02 CC 02 D6
02 D8 82 C2 02 DA 02 C4 41 44 26 C2 83 47 0D 00
EA 8A 13 87 B7 FD 29 C3 A1 C3 56 8C 83 C7 1A 00
85 0A 81 C7 13 87 B7 FD 6D FB B3 8C AA 41 63 85
AA 03 FA 57 6A 55 23 20 AB 01 E6 97 05 05 23 22
9B 01 3E DF 2A DD 9D 47 21 0B 63 C4 A7 18 A2 47
E6 97 3E C4 83 47 1C 00 99 E3 6F 10 80 42 83 C8
1A 00 13 8D 1A 00 A3 09 01 08 FD 5A 02 C0 81 4B
13 0C A0 05 05 0D 93 87 08 FE 63 6D FC 02 52 47
8A 07 BA 97 9C 43 82 87 93 87 08 FD 02 C0 A5 46
02 47 02 46 83 48 0D 00 0A 07 32 97 06 07 BA 97
3E C0 93 87 08 FD 05 0D E3 F4 F6 FE 93 87 08 FE
E3 77 FC FC 63 94 08 00 6F 10 A0 3C 85 4C 23 0E
11 11 A3 09 01 08 66 8C 02 C8 81 4A 02 D0 02 CE
01 43 7C 0A 7A 56 93 FD 4B 08 32 88 63 86 0D 50
03 47 31 09 31 C3 EA 55 01 47 13 05 31 09 23 20
AB 00 05 06 05 45 85 05 23 22 AB 00 32 DF 2E DD
1D 45 21 0B 63 4E B5 38 05 C3 EA 55 58 09 23 20
EB 00 09 06 09 47 85 05 23 22 EB 00 32 DF 2E DD
1D 47 21 0B E3 4B B7 40 13 07 00 08 E3 82 ED 2E
B3 8A 9A 41 63 47 50 4D 13 F7 0B 10 63 10 07 56
23 20 FB 00 EA 57 66 96 32 DF 85 07 23 22 9B 01
1D 47 3E DD 63 41 F7 42 21 0B 13 FE 4B 00 63 07
0E 00 82 47 B3 8A 87 41 E3 49 50 3F 02 43 63 53
83 01 62 83 A2 47 9A 97 3E C4 E3 12 06 34 C2 47
02 DD 81 C7 C2 45 4A 85 69 3E 4E 8B 41 B5 A6 85
4A 85 EF F0 0F C6 19 C1 6F 10 30 31 83 97 C4 00
29 47 E9 8B E3 9D E7 E0 83 97 E4 00 E3 C9 07 E0
B2 46 6A 86 A6 85 4A 85 EF 10 F0 6A 2A C4 6F 00
D0 34 83 48 0D 00 7D B5 83 48 0D 00 93 EB 0B 02
55 B5 92 45 50 19 4A 85 EF 10 F0 71 19 C1 6F 10
70 45 4E 8B AD B5 93 F7 8B 00 E3 90 07 6C B2 47
08 01 46 C8 9D 07 E1 9B D0 43 8C 43 A1 07 3E C6
EF 80 E0 3E 0A 46 9A 46 2A 47 BA 47 C2 48 88 01
46 C8 BE C7 B2 C1 B6 C3 BA C5 EF 20 D0 35 2A CD
89 47 C2 48 63 14 F5 00 6F 10 00 1F 85 47 63 14
F5 00 6F 10 20 2F 13 FC F8 FD 93 07 10 04 63 04
FC 00 6F 10 C0 31 93 07 00 03 23 0A F1 08 13 07
10 06 93 07 80 05 63 94 E8 00 6F 10 60 6B A3 0A
F1 08 93 07 30 06 63 D4 57 01 6F 10 E0 67 3E 47
8E 46 1E 46 AE 45 63 54 07 00 6F 10 90 35 02 DC
02 C8 7C 0A 93 0D 01 08 BE C0 B2 DA 93 E7 2B 00
AE DC 6E 85 8C 18 30 09 46 DE 3E CE B6 D8 BA DE
EF 20 90 06 2A 47 0A 46 9A 46 BA DC 3A 47 B2 D8
B6 DA 90 10 B7 06 FC 3F 8C 18 6E 85 B6 D6 BA DE
82 D0 82 D2 82 D4 EF 60 F0 19 0A 4E 1A 48 2A 46
8C 18 6E 85 72 D6 42 D0 32 CC 82 D8 82 DA 82 DC
82 DE EF 60 C0 6D BA 4B 62 46 02 58 32 5E F2 58
86 47 19 E1 85 46 36 CD 93 06 10 06 63 94 D8 00
6F 10 10 4C D5 66 13 87 46 07 3A CC 5A D0 DE 8C
CA C4 E2 44 3E 8C 46 D6 3E DE EA C0 42 8B B2 8B
72 89 0D A0 8C 18 6E 85 4A C1 5A C3 5E C5 66 C7
82 D8 82 DA 82 DC 82 DE EF 60 60 68 19 E1 6F 10
50 34 FD 1A B7 07 03 40 90 10 8C 18 6E 85 BE D6
CA D8 DA DA DE DC E6 DE 82 D0 82 D2 82 D4 EF 60
70 10 6E 85 EF 80 80 12 AA 85 2A 8D 6E 85 8A 4C
9A 4B 2A 4B 3A 49 EF 80 E0 1A AA 47 0A 46 9A 46
BE CC BA 47 B2 C8 8C 10 90 08 88 18 E6 D0 DE D2
DA D4 CA D6 B6 CA BE CE EF 70 40 33 B3 87 A4 01
83 C6 07 00 E2 85 05 0C 46 59 56 5B E6 5B F6 5C
A3 0F DC FE E3 98 0A F6 B2 58 F2 57 4A 8E 5A 88
5E 86 AE 84 E6 8B B7 0A FE 3F 8C 18 6E 85 C6 C6
3E D6 26 49 EA 8C 72 C1 06 4D F2 C4 42 C3 C2 C0
32 C5 32 DE 5E C7 82 D8 82 DA 82 DC D6 DE EF 60
20 69 02 5B B2 57 B6 48 63 4E A0 00 8C 18 6E 85
46 D0 EF 60 C0 5B 82 58 B2 57 31 E5 93 FC 1C 00
63 83 0C 04 62 47 26 D1 03 46 FC FF 83 45 F7 00
62 87 63 9E C5 00 13 05 00 03 A3 0F A7 FE 0A 57
93 06 F7 FF 36 D1 03 46 F7 FF E3 88 C5 FE 93 05
16 00 13 05 90 03 93 F5 F5 0F 63 14 A6 00 6F 10
A0 71 A3 0F B7 FE 6A 46 13 87 F8 00 23 02 E1 0A
B3 06 FC 40 13 07 F6 FF 3A CD 36 CC 63 54 07 00
6F 10 D0 35 93 06 B0 02 A3 02 D1 0A A5 46 63 D4
E6 00 6F 10 E0 63 93 06 61 0A 13 07 07 03 23 80
E6 00 18 03 99 8E 13 87 D6 0D 3A D6 6F 10 C0 68
92 45 50 19 4A 85 9A C4 BE C0 46 DE 3A DC EF 10
90 44 E3 1D 05 00 7A 56 26 43 86 47 F2 58 62 57
4E 8B 99 B1 EA 5A E2 46 05 47 3A 96 BA 9A 93 0D
8B 00 E3 52 D7 2C 05 47 23 22 EB 00 23 20 FB 00
32 DF 56 DD 1D 47 E3 49 57 5D 12 57 85 0A 56 DD
3A 96 22 57 32 DF A1 0D 23 AC ED FE 12 57 23 AE
ED FE 1D 47 E3 4C 57 59 2E 47 0E 45 9E 45 3E D0
3A C5 E2 47 3E 47 2A C1 2E C3 08 01 8C 18 32 CE
82 D8 82 DA 82 DC 82 DE 3A C7 13 8B F7 FF EF 60
00 49 72 46 E3 0A 05 28 82 57 85 0A 5A 96 85 07
56 DD 32 DF 23 A0 FD 00 23 A2 6D 01 9D 47 E3 C1
57 27 A1 0D B2 57 B2 56 58 11 3E 96 93 87 1A 00
23 A0 ED 00 32 DF 3E DD 23 A2 DD 00 1D 47 13 8B
8D 00 E3 54 F7 BE 92 45 50 19 4A 85 EF 10 B0 37
63 16 05 74 7A 56 4E 8B C9 BE B2 47 32 47 A3 09
01 08 9C 43 93 04 47 00 E3 80 07 42 E3 CD 0A 4A
3E 85 56 86 81 45 46 CE 3E C6 EF 20 C0 30 2A C8
03 47 31 09 B2 47 F2 48 19 E1 6F 10 60 70 B3 0C
F5 40 93 C6 FC FF FD 86 33 FC DC 00 E3 16 07 4A
26 C6 7A 56 02 C8 02 D0 02 CE 93 FD 4B 08 81 4A
01 43 32 88 E3 9E 0D AE 02 47 33 07 87 41 E3 49
E0 18 03 47 31 09 E3 18 07 AE B3 8A 9A 41 E3 5D
50 B3 55 68 EA 55 13 08 08 33 63 5A 54 05 D6 84
3E DE 9D 4D DA 87 46 DC 9A 8A 52 8B 21 A0 C1 14
63 59 94 02 41 06 85 05 23 A0 47 01 C0 C3 32 DF
2E DD A1 07 E3 D5 BD FE 92 45 50 19 4A 85 EF 10
90 2B 63 15 05 68 C1 14 7A 56 EA 55 CE 87 E3 4B
94 FC 5A 88 E2 58 3E 8B F2 57 56 83 A6 8A 56 96
85 05 23 20 0B 01 23 22 5B 01 32 DF 2E DD 1D 47
21 0B E3 53 B7 AC 92 45 50 19 4A 85 9A C0 3E DE
46 DC EF 10 50 27 63 13 05 64 13 F7 0B 10 7A 56
06 43 F2 57 E2 58 4E 8B E3 04 07 AA 13 07 50 06
E3 52 17 E3 1E 47 8E 45 2E 45 3A C3 3E 47 2E C1
2A C5 8C 18 08 01 32 DE 3E DC 9A C0 82 D8 82 DA
82 DC 82 DE 3A C7 EF 60 80 2F E2 57 72 56 06 43
63 16 05 74 EA 57 55 67 13 07 07 09 23 20 EB 00
05 06 05 47 85 07 23 22 EB 00 32 DF 3E DD 1D 47
21 0B E3 42 F7 4C EA 47 62 47 E3 D0 E7 12 12 57
EA 57 21 0B 3A 96 22 57 85 07 32 DF 23 2C EB FE
12 57 3E DD 23 2E EB FE 1D 47 E3 4E F7 20 E2 47
93 8A F7 FF E3 5B 50 A3 55 68 C1 4C EA 57 9D 4D
93 04 08 33 63 C6 5C 01 45 AF C1 1A E3 DE 5C 4B
41 06 85 07 23 20 9B 00 23 22 9B 01 32 DF 3E DD
21 0B E3 D4 FD FE 92 45 50 19 4A 85 EF 10 B0 19
63 16 05 56 7A 56 EA 57 4E 8B C1 BF 93 F7 0B 02
D5 E3 B2 47 13 F7 0B 01 91 07 19 C3 6F 10 20 5A
B2 46 13 F7 0B 04 03 AC 06 00 E3 07 07 56 42 0C
13 5C 0C 41 93 5E FC 41 3E C6 76 87 63 48 07 08
63 C6 0A 0A B3 67 DC 01 93 FB FB F7 C5 E3 63 9F
0A 08 83 4E 31 09 E3 8E 0E 54 01 4C 01 43 02 C8
81 4C 81 4A 1C 03 05 0C 63 14 03 00 6F 10 F0 07
7A 56 EA 55 93 FD 4B 08 09 0C 32 88 2E 85 63 81
0D 54 02 D0 02 CE 01 43 E3 82 0E 92 09 47 F5 B8
B2 47 85 4C A3 09 01 08 9C 43 23 0E F1 10 B2 47
91 07 3E C6 C9 B0 93 F7 0B 02 13 EE 0B 01 E3 82
07 08 F2 8B B2 47 9D 07 E1 9B D8 43 93 86 87 00
36 C6 03 AC 07 00 BA 8E E3 5C 07 F6 B3 37 80 01
B3 0E D0 41 B3 8E FE 40 93 07 D0 02 A3 09 F1 08
33 0C 80 41 63 C4 0A 00 93 FB FB F7 63 94 0E 20
A5 47 63 E1 87 21 13 0C 0C 03 A3 0F 81 17 56 8C
E3 52 50 07 83 4E 31 09 01 43 85 4C 93 07 F1 17
02 C8 E3 8B 0E F4 05 0C 81 BF B2 47 9C 43 3E C0
63 D3 07 7A 82 47 B3 07 F0 40 3E C0 B2 47 91 07
3E C6 83 48 0D 00 93 EB 4B 00 6F F0 AF FD 93 07
B0 02 83 48 0D 00 A3 09 F1 08 6F F0 AF FC 83 48
0D 00 93 EB 0B 08 6F F0 EF FB 83 48 0D 00 93 07
A0 02 93 06 1D 00 63 94 F8 00 6F 10 00 6D 93 87
08 FD 25 46 81 4A 63 60 F6 02 13 97 2A 00 83 C8
06 00 BA 9A 86 0A BE 9A 93 87 08 FD 85 06 E3 76
F6 FE E3 CE 0A 02 36 8D 6F F0 EF F7 4A 85 EF 20
00 0B 5C 41 3E 85 3E DA EF F0 EF 99 AA 84 4A 85
A6 C2 EF 20 C0 09 18 45 83 48 0D 00 3A D8 63 8B
04 F4 63 09 07 F4 83 47 07 00 63 85 07 F4 93 EB
0B 40 6F F0 2F F4 83 48 0D 00 93 EB 1B 00 6F F0
6F F3 83 47 31 09 83 48 0D 00 63 95 07 F2 93 07
00 02 A3 09 F1 08 6F F0 EF F1 93 F7 0B 02 93 E6
0B 01 63 84 07 6E B2 47 9D 07 E1 9B 13 87 87 00
3A C6 D0 43 98 43 A3 09 01 08 93 FB F6 BF 63 CB
0A 44 B3 67 C7 00 93 FB F6 B7 63 95 07 44 63 93
0A 44 13 FC 16 00 63 07 0C 5E 93 07 00 03 A3 0F
F1 16 E2 8C 02 C8 02 D0 02 CE 01 43 93 07 F1 17
6F F0 4F F2 83 48 0D 00 93 07 80 06 63 8F F8 78
93 EB 0B 04 6F F0 0F EB 32 47 93 F7 0B 02 11 07
63 94 07 68 93 F7 0B 01 E3 94 07 28 93 F7 0B 04
E3 92 07 5C 13 FE 0B 20 E3 0C 0E 26 B2 47 A2 46
3A C6 9C 43 23 80 D7 00 6F F0 4F E1 83 48 0D 00
93 07 C0 06 63 84 F8 74 93 EB 0B 01 6F F0 8F E6
93 F7 0B 02 63 9F 07 1A 93 F7 0B 01 99 C3 6F 10
A0 2F 32 47 93 F7 0B 04 03 2C 07 00 11 07 3A C6
E3 83 07 2A 42 0C A3 09 01 08 13 5C 0C 01 81 4E
E3 C6 0A E0 33 E3 8A 01 93 FB FB F7 63 0C 03 10
E3 80 0E E0 B7 DC CC CC B7 DD CC CC 93 8C DC CC
93 8D CD CC 13 F8 0B 40 81 45 10 03 C6 84 95 A0
42 57 03 47 07 00 93 06 17 F0 99 C2 E3 0A B7 14
62 83 76 85 3E 86 33 07 DC 01 B3 36 87 01 36 97
B3 36 97 03 13 DE 26 00 F1 9A F2 96 15 8F 33 07
EC 40 B3 36 EC 00 B3 86 DE 40 B3 86 96 03 B3 0E
B7 03 33 3E 97 03 F6 96 33 07 97 03 F2 96 13 9E
F6 01 93 DE 16 00 05 83 33 0C EE 00 19 E1 6F 10
40 1E 33 07 DC 01 B3 36 87 01 BA 96 33 B5 96 03
85 05 93 07 F6 FF 13 53 25 00 71 99 1A 95 89 8E
B3 06 DC 40 33 35 DC 00 33 85 AE 40 33 B3 96 03
33 05 95 03 B3 86 96 03 1A 95 7E 05 85 82 AA 96
13 95 26 00 AA 96 86 06 B3 06 DC 40 93 86 06 03
A3 0F D6 FE E3 16 08 F4 62 83 76 85 3E 86 B1 BF
A1 67 93 87 07 83 32 47 23 1A F1 08 B2 47 A3 09
01 08 18 43 91 07 01 46 63 C7 0A 58 13 FE FB F7
93 6B 2E 00 E3 1D 07 10 E3 9B 0A 10 3E C6 09 43
93 08 80 07 83 4E 31 09 81 4A 01 4C 81 4C 1C 03
02 C8 01 B3 93 F7 0B 02 63 94 07 54 B2 47 13 F7
0B 01 91 07 19 C3 6F 10 40 18 32 47 93 F6 0B 04
18 43 E3 87 06 12 42 07 41 83 3E C6 DE 86 01 46
D9 BB 93 F7 0B 02 13 EE 0B 01 8D E7 B2 47 32 47
A3 09 01 08 91 07 03 2C 07 00 81 4E E3 C4 0A 1C
3E C6 93 7B FE F7 E3 15 0C C8 E3 93 0A C8 01 43
51 BF 5E 8E B2 47 A3 09 01 08 9D 07 E1 9B 13 87
87 00 3A C6 03 AC 07 00 83 AE 47 00 63 CE 0A 52
93 7B FE F7 E3 9C 0A C4 B3 67 DC 01 E3 98 07 C4
01 43 8D B7 83 48 0D 00 93 EB 8B 00 6F F0 8F C6
02 47 B3 0D 87 41 63 5D B0 D1 C1 4E EA 55 55 68
63 C4 BE 01 6F 10 00 18 EE 84 3E DE EA 8D DA 87
9D 42 56 8B 46 DC 1A 8D 93 0A 08 33 21 A0 C1 14
63 DB 9E 02 41 06 85 05 23 A0 57 01 23 A2 D7 01
32 DF 2E DD A1 07 E3 D4 B2 FE 92 45 50 19 4A 85
EF 10 60 49 25 E5 C1 4E C1 14 7A 56 EA 55 CE 87
9D 42 E3 C9 9E FC 56 88 E2 58 DA 8A 3E 8B F2 57
6A 83 6E 8D A6 8D 6E 96 85 05 23 20 0B 01 23 22
BB 01 32 DF 2E DD 1D 47 21 0B 63 5B B7 C8 92 45
50 19 4A 85 9A C0 3E DE 46 DC EF 10 C0 44 19 ED
7A 56 E2 58 F2 57 06 43 4E 8B 6F F0 6F C7 92 45
50 19 4A 85 EF 10 20 43 63 0B 05 CA C2 45 92 44
81 C5 4A 85 EF F0 EF 84 83 D7 C4 00 03 24 81 1B
83 29 C1 1A 93 F7 07 04 03 2A 81 1A 83 2A 41 1A
03 2B 01 1A 83 2B C1 19 03 2C 81 19 83 2C 41 19
83 2D C1 18 99 C3 6F 00 50 7A 83 20 C1 1B 22 45
83 24 41 1B 03 29 01 1B 03 2D 01 19 39 61 82 80
02 47 02 D0 02 CE 33 07 87 41 01 43 63 41 E0 1C
63 8E 0E BC 09 47 6F F0 4F BB 92 45 50 19 4A 85
9A C0 3E DE 46 DC EF 10 00 3B 49 F1 7A 56 06 43
F2 57 E2 58 4E 8B 6F F0 2F BD C1 4C EA 57 55 68
63 C4 5C 01 6F 00 D0 7A 92 44 9D 4D 93 0B 08 34
21 A0 C1 1A 63 DA 5C 03 41 06 85 07 23 20 7B 01
23 22 9B 01 32 DF 3E DD 21 0B E3 D4 FD FE 50 19
A6 85 4A 85 EF 10 20 36 63 1A 05 62 C1 1A 7A 56
EA 57 4E 8B E3 CA 5C FD 5E 88 56 96 85 07 32 DF
3E DD 23 20 0B 01 23 22 5B 01 1D 47 63 58 F7 BA
92 45 50 19 4A 85 EF 10 00 33 E3 11 05 F0 7A 56
6F F0 CF B9 1C 03 93 15 D6 01 93 76 77 00 0D 83
3E 85 2E 97 93 86 06 03 0D 82 B3 65 C7 00 A3 8F
D7 FE FD 17 ED F1 93 86 06 FD 89 C6 13 F7 1B 00
63 16 07 26 18 03 B3 0C F7 40 56 8C 63 C8 9A 23
02 C8 02 D0 02 CE 01 43 6F F0 CF AB 6A 45 63 5E
A0 4E 62 47 9A 8A 63 4D 67 2E 63 5F 50 01 6A 57
56 96 23 20 FB 00 05 07 23 22 5B 01 32 DF 3A DD
9D 45 21 0B E3 C1 E5 0E 13 C7 FA FF 7D 87 B3 FA
EA 00 B3 0A 53 41 63 41 50 39 13 F7 0B 40 B3 8D
67 00 63 1C 07 72 EA 4A 62 47 63 C6 EA 00 13 F7
1B 00 E3 0B 07 10 92 56 6A 57 9D 45 36 96 A2 56
05 07 32 DF 23 20 DB 00 92 56 3A DD 21 0B 23 2E
DB FE E3 C4 E5 56 62 47 BA 97 B3 8C B7 41 B3 0A
57 41 63 D3 9A 01 D6 8C 63 5F 90 01 6A 57 66 96
23 20 BB 01 05 07 23 22 9B 01 32 DF 3A DD 9D 47
21 0B E3 CF E7 60 13 C7 FC FF 7D 87 B3 F7 EC 00
B3 8A FA 40 63 53 50 A9 55 68 C1 4C EA 57 9D 4D
93 04 08 33 63 CD 5C 35 13 08 08 33 39 A3 89 4D
C1 4E 42 86 AA 85 55 68 E3 D0 EE 5E 3E DE D6 C0
DA 87 9D 43 BA 84 46 DC 1A 8B 93 0A 08 34 21 A0
C1 14 63 DC 9E 02 41 06 85 05 23 A0 57 01 23 A2
D7 01 32 DF 2E DD A1 07 E3 D4 B3 FE 92 45 50 19
4A 85 EF 10 40 1C E3 1B 05 D8 C1 4E C1 14 7A 56
EA 55 CE 87 9D 43 E3 C8 9E FC 5A 83 56 88 3E 8B
E2 58 F2 57 86 4A 26 87 3A 96 85 05 23 22 EB 00
32 DF 2E DD 23 20 0B 01 1D 47 63 40 B7 38 03 47
31 09 21 0B 61 E3 63 8D 0D 9A 81 4D 6F F0 0F 99
6A 55 BD B7 81 4C 81 4A 02 D0 02 CE 01 43 02 C8
1C 03 6F F0 2F 94 B3 F5 EB 00 63 9E 05 D2 23 20
FB 00 23 22 EB 00 32 DF 56 DD 9D 47 63 D4 57 DB
92 45 50 19 4A 85 EF 10 00 14 E3 19 05 D0 7A 56
EA 5A CE 8D 6F F0 0F D9 62 47 85 47 63 D4 E7 D8
C5 47 55 68 63 C4 E7 00 6F 00 D0 7D C1 4C 9D 47
93 04 08 33 21 A0 41 1B 63 DF 6C 4B 41 06 85 0A
23 A0 9D 00 23 A2 9D 01 32 DF 56 DD A1 0D E3 D4
57 FF 92 45 50 19 4A 85 EF 10 E0 0E E3 10 05 CC
7A 56 EA 5A CE 8D 9D 47 F9 B7 93 F7 1B 00 63 8E
07 92 6F F0 CF ED B2 47 83 48 0D 00 91 07 3E C6
6F F0 4F 84 6E 87 81 4D 6F F0 2F 8B 66 8C 02 C8
02 D0 02 CE 01 43 6F F0 EF 88 B2 47 91 07 32 47
01 46 3E C6 18 43 05 B2 B2 47 A2 46 22 46 9C 43
FD 86 3A C6 90 C3 D4 C3 6F E0 5F FA 79 15 13 07
00 03 14 03 B3 8C A6 40 A3 8F E7 FE 56 8C 63 D3
9A 01 66 8C AA 87 02 C8 02 D0 02 CE 01 43 6F F0
6F 84 B2 47 91 07 32 47 F2 8B 3E C6 03 2C 07 00
93 5E FC 41 76 87 6F F0 6F EF B2 47 32 47 9C 43
11 07 3A C6 90 43 D4 43 98 47 DC 47 6F F0 2F 95
DE 86 55 B0 83 4E 31 09 05 4C 01 43 85 4C 93 07
F1 17 6F F0 EF F9 D5 65 93 EB 2B 00 3E C6 93 85
05 06 09 43 81 4E 93 08 80 07 1C 03 93 76 F7 00
AE 96 83 C6 06 00 11 83 FD 17 23 80 D7 00 93 16
C6 01 36 97 11 82 B3 66 C7 00 ED F2 18 03 B3 0C
F7 40 56 8C 63 DE 9A F5 66 8C 02 C8 6F F0 6F F5
BA 8A E3 46 50 D1 0D B3 F2 8B 6F F0 2F F2 FD 5A
36 8D 6F E0 5F F4 92 45 50 19 4A 85 EF 00 B0 7B
E3 16 05 B8 7A 56 4E 8B 6F F0 6F DD 83 48 1D 00
93 EB 0B 02 05 0D 6F E0 FF F1 83 48 1D 00 93 EB
0B 20 05 0D 6F E0 1F F1 D5 65 93 85 45 07 93 F7
0B 02 63 86 07 10 B2 47 9D 07 E1 9B 13 87 87 00
3A C6 D0 43 98 43 93 F7 1B 00 B3 66 C7 00 99 C3
63 9C 06 1E A3 09 01 08 63 C4 0A 14 93 FB FB B7
01 43 63 94 0A 00 E3 8F 06 9A 83 4E 31 09 35 BF
D5 65 93 85 05 06 65 BF 99 47 56 8C 63 E3 57 57
D5 67 26 C6 93 87 87 08 02 C8 E2 8C 81 4A 02 D0
02 CE 01 43 6F E0 1F F0 C1 48 6A 57 55 68 E3 DE
58 61 D6 84 9D 4C BE 8D 1A DC 93 0A 08 33 21 A0
C1 14 63 D9 98 4E 41 06 05 07 23 20 5B 01 23 22
1B 01 32 DF 3A DD 21 0B E3 D4 EC FE 92 45 50 19
4A 85 EF 00 50 6E E3 1B 05 AA 7A 56 6A 57 4E 8B
C1 48 F9 B7 92 45 50 19 4A 85 EF 00 D0 6C E3 1F
05 A8 7A 56 EA 57 4E 8B C1 1A 63 DF 5C 1B 41 06
85 07 23 20 9B 00 23 22 9B 01 32 DF 3E DD 21 0B
E3 D4 FD FE C1 BF 3E 85 46 C8 3E C6 EF E0 BF 84
03 47 31 09 93 46 F5 FF FD 86 B2 47 C2 48 AA 8C
33 7C D5 00 63 0E 07 B4 05 0C 6F F0 6F B5 B2 46
32 47 93 F7 0B 01 91 06 36 C6 18 43 A1 EB 93 F7
0B 04 A9 C3 42 07 41 83 01 46 F5 B5 92 45 50 19
4A 85 3E CE EF 00 30 65 E3 12 05 A2 7A 56 EA 5A
F2 47 CE 8D 6F F0 4F A5 92 45 50 19 4A 85 3E CE
EF 00 70 63 E3 14 05 A0 7A 56 EA 5A F2 47 CE 8D
6F F0 AF A1 93 F7 0B 20 63 9B 07 4E 01 46 65 B5
93 FB FB BF 01 43 81 4E 09 B5 92 45 50 19 4A 85
9A C0 3E DE 46 DC EF 00 10 60 E3 19 05 9C 03 47
31 09 7A 56 E2 58 F2 57 06 43 63 07 07 18 6E 87
EA 55 81 4D 4E 8B 6F E0 5F DD 6A 57 D5 65 93 85
05 09 23 20 BB 00 05 06 85 45 05 07 23 22 BB 00
32 DF 3A DD 9D 45 21 0B E3 C0 E5 08 62 47 49 8F
63 02 07 40 92 56 6A 57 9D 45 36 96 A2 56 05 07
32 DF 23 20 DB 00 92 56 3A DD 21 0B 23 2E DB FE
63 C6 E5 40 E3 40 05 1C E2 46 05 07 23 20 FB 00
36 96 32 DF 3A DD 23 22 DB 00 9D 47 63 C4 E7 00
6F E0 9F DD 6F F0 2F 9F 93 07 00 03 A3 0A 11 09
A3 09 01 08 23 0A F1 08 63 CA 0A 1E 13 FE FB B7
83 4E 31 09 93 6B 2E 00 09 43 81 B3 4A 85 EF D0
FF C7 6F E0 9F BC 92 45 50 19 4A 85 EF 00 B0 53
E3 16 05 90 7A 56 4E 8B 6F F0 EF B2 C2 45 09 B2
63 9F 0E 42 25 47 63 6C 87 43 18 03 2E CC B3 0C
F7 40 A6 88 56 8C 63 D3 9A 01 66 8C 83 4E 31 09
01 43 02 C8 6F F0 EF C7 26 88 56 96 85 07 32 DF
3E DD 23 20 0B 01 23 22 5B 01 1D 47 63 44 F7 00
6F E0 9F D4 6F F0 2F 96 0E 47 9E 47 8C 18 3A C1
3E C3 2E 47 BE 47 08 01 82 D8 82 DA 82 DC 82 DE
3A C5 3E C7 EF 50 E0 73 C2 48 93 FB FB F7 63 4B
05 7C 93 07 70 04 03 47 31 09 63 CE 17 3B D5 67
93 87 07 05 63 1C 07 0E 8D 4C 66 8C 6F F0 6F 97
B2 47 A2 46 9C 43 94 C3 3A C6 6F E0 3F BA D5 65
83 4E 31 09 3E C6 93 85 05 06 09 43 93 08 80 07
AD B1 FA 57 92 44 E3 89 07 84 4A 85 50 19 A6 85
EF 00 70 46 6F F0 5F 84 63 83 0D 30 EA 55 81 4D
4E 8B 6F E0 BF C6 26 88 5A 96 85 0A 32 DF 56 DD
23 A0 0D 01 23 A2 6D 01 9D 47 63 DC 57 89 CD BC
93 F6 0B 20 63 89 06 30 13 77 F7 0F 3E C6 DE 86
01 46 6F F0 4F CA 13 F3 0B 20 A3 09 01 08 63 11
03 2E 81 4E 63 C6 0A B6 93 FB FB F7 63 92 0A B6
63 0A 0C E6 6F F0 CF B5 13 F7 0B 20 63 0C 07 2A
62 0C 13 5C 8C 41 93 5E FC 41 3E C6 76 87 6F F0
EF A8 02 C8 81 4C 02 D0 02 CE 01 43 1C 03 01 4C
6F E0 5F BB BE 4F B7 07 00 80 93 FB FB F7 33 F3
FF 00 63 07 03 2A 93 07 D0 02 A3 09 F1 08 93 07
70 04 E3 DB 17 13 D5 67 93 87 C7 05 02 C8 8D 4C
81 4A 02 D0 02 CE 01 43 11 4C 6F E0 BF B7 13 E7
0B 10 FD 57 3A C8 8E 4E 1E 4F AE 42 BE 4C 63 85
FA 3A 93 07 9C FB 99 E3 63 8E 0A 46 E3 C9 0C 02
02 DC 79 AE 3E C6 F2 8B 6F F0 8F AC 13 FE FB BF
93 6B 2E 00 09 43 81 4E 89 BE 72 47 82 56 55 8F
E3 0E 07 26 62 47 5E DE E2 C0 EE 8B EA C4 F2 4A
82 5D 16 4C 42 5D D5 68 DA 86 93 88 08 33 1D 48
C1 4C 3E DC 33 8B E7 00 63 45 B0 07 7D 1D FD 1A
EA 57 52 57 62 96 85 07 98 C2 23 A2 86 01 32 DF
3E DD A1 06 63 40 F8 0C 83 45 0D 00 B3 04 7B 41
5A 87 63 D3 95 00 AE 84 63 5F 90 00 EA 55 26 96
32 DF 85 05 23 A0 76 01 C4 C2 2E DD 63 4A B8 0A
83 45 0D 00 A1 06 13 C5 F4 FF 7D 85 B3 F7 A4 00
B3 84 F5 40 63 49 90 00 AE 9B E3 4F 50 F9 63 57
B0 3B FD 1D 71 BF D5 62 EA 55 93 82 02 33 63 D6
9C 04 3A CE 46 D0 21 A0 C1 14 63 DE 9C 02 41 06
85 05 23 A0 16 01 23 A2 96 01 32 DF 2E DD A1 06
E3 54 B8 FE 92 45 50 19 4A 85 EF 00 D0 28 63 1F
05 E4 D5 67 C1 14 7A 56 EA 55 CE 86 93 88 07 33
1D 48 E3 C6 9C FC 72 47 82 52 26 96 85 05 32 DF
2E DD 23 A0 56 00 C4 C2 63 40 B8 54 83 45 0D 00
A1 06 59 B7 92 45 50 19 4A 85 EF 00 D0 24 63 1F
05 E0 D5 67 7A 56 CE 86 93 88 07 33 1D 48 2D B7
92 45 50 19 4A 85 3A CE EF 00 F0 22 63 10 05 E0
D5 67 83 45 0D 00 7A 56 72 47 CE 86 93 88 07 33
1D 48 15 BF 62 53 56 88 EE 87 A6 8A 56 96 05 07
23 20 0B 01 23 22 5B 01 32 DF 3A DD 9D 45 21 0B
63 DD E5 F4 92 45 50 19 4A 85 1A DE 3E DC EF 00
90 1E 63 1D 05 DA 7A 56 72 53 E2 57 4E 8B 6F F0
CF F3 3E 8C 71 BC 92 45 50 19 4A 85 1A DE 3E DC
EF 00 70 1C 63 1C 05 D8 7A 56 72 53 E2 57 4E 8B
6F F0 8F F0 13 F7 1B 00 19 E3 6F E0 1F A1 92 56
6A 57 9D 45 36 96 A2 56 05 07 32 DF 23 20 DB 00
92 56 3A DD 23 22 DB 00 63 D5 E5 46 92 45 50 19
4A 85 3E CE EF 00 30 18 63 1A 05 D4 6A 45 7A 56
6A 57 F2 47 4E 8B F9 BE 62 47 BA 97 B3 8C B7 41
B3 0A 57 41 63 D9 9A F3 D6 8C 6F F0 CF F2 4E 8B
6F E0 1F 99 B2 47 A2 46 3A C6 9C 43 23 90 D7 00
6F E0 DF 85 93 5E FC 41 3E C6 76 87 6F E0 1F FE
13 7C FC 0F 81 4E 63 DF 0A A6 6F F0 2F 88 13 77
F7 0F 01 46 4D BA 3E C6 DE 86 01 46 6F F0 AF 99
93 07 70 04 03 47 31 09 63 D2 17 65 D5 67 93 87
C7 05 E3 1D 07 00 8D 4C 66 8C 81 4A 02 D0 02 CE
02 C8 6F E0 3F 8D D5 67 93 87 47 05 A1 B1 16 47
D2 55 76 CE B3 86 E7 40 3A 86 36 85 42 CC 36 C8
EF 10 00 11 F2 4E 37 D6 CC CC 13 06 D6 CC 33 07
DC 01 B3 37 87 01 3E 97 B3 35 C7 02 37 D5 CC CC
13 05 C5 CC C2 57 C2 56 62 48 83 C7 17 00 B3 37
F0 00 93 D8 25 00 F1 99 C6 95 0D 8F 33 07 EC 40
B3 35 EC 00 B3 85 BE 40 33 05 A7 02 B6 97 C2 46
3E D8 93 87 F6 FF B3 85 C5 02 AA 95 33 35 C7 02
33 07 C7 02 AA 95 13 95 F5 01 93 DE 15 00 85 45
05 83 33 0C E5 00 33 07 DC 01 33 35 87 01 2A 97
33 35 C7 02 93 58 25 00 71 99 46 95 09 8F 33 07
EC 40 33 35 EC 00 33 85 AE 40 B3 38 C7 02 33 05
C5 02 33 07 C7 02 33 06 15 01 7E 06 05 83 32 97
13 16 27 00 32 97 06 07 33 07 EC 40 13 07 07 03
A3 8F E6 FE 6F F0 CF 98 93 85 1A 00 4A 85 46 C8
EF C0 3F EC C2 48 AA 87 63 0D 05 72 3E 47 2A C8
8E 46 1E 46 AE 45 63 48 07 4C 02 DC 6F E0 9F 97
93 07 80 07 6F E0 BF 94 63 CA 0C 48 02 DC 99 4A
93 07 60 04 63 14 FC 30 7C 09 38 09 D6 86 0C 01
13 08 01 0A 0D 46 4A 85 46 DE 76 C1 76 D0 7A C3
7A CE 16 C5 16 CC 66 C7 EF 10 E0 29 83 46 05 00
13 07 00 03 E2 42 72 4F 82 5E F2 58 AA 87 B3 04
55 01 63 81 E6 56 EA 4D 08 01 8C 18 3E CE 66 C7
46 CC 76 C1 7A C3 16 C5 82 D8 82 DA 82 DC 82 DE
EF 50 E0 03 F2 47 B3 8C B4 01 6E 83 63 15 05 52
33 87 FC 40 3A CC 13 F7 1B 00 33 67 57 01 63 5E
60 5A 63 16 07 54 9A 8C 93 08 60 06 13 FE 0B 40
63 17 0E 48 93 C6 FC FF FD 86 33 FC DC 00 62 57
63 0F 07 32 13 07 D0 02 A3 09 E1 08 05 0C C2 4B
81 4A 02 C8 02 D0 02 CE 6F E0 CF EF DE 8D 6A D8
E2 57 F2 5B 06 4C 26 4D 36 8B 63 7E B7 C7 BA 8D
6F F0 6F C7 02 DC 63 D9 0C 00 B7 07 00 80 B3 CC
FC 00 93 07 D0 02 3E DC 93 0D 01 08 7C 09 EE 85
13 08 01 0A 38 09 85 46 09 46 4A 85 C6 C0 76 C1
76 DE 7A C3 7A D0 16 C5 16 CE 66 C7 EF 10 A0 1B
F2 42 02 5F F2 5E 86 48 85 4A AA 87 56 CC 13 F7
1B 00 63 08 07 12 6E 85 8C 18 3E D0 46 CE 76 C1
7A C3 16 C5 66 C7 82 D8 82 DA 82 DC 82 DE EF 40
10 76 F2 48 82 57 63 0B 05 54 E2 46 0A 57 B3 8C
D7 00 63 78 97 5B 13 06 00 03 93 06 17 00 36 D1
23 00 C7 00 0A 57 E3 6A 97 FF 1D 8F 93 06 70 04
3A CC 6A 43 63 03 DC 0E 13 07 60 04 E3 0D EC EE
13 07 F3 FF 23 02 11 0B 3A CD 63 44 07 48 93 06
B0 02 A3 02 D1 0A A5 46 63 D7 E6 48 5E CE 02 C8
93 0E 31 0B 37 DE CC CC 76 85 13 0E DE CC 13 0F
30 06 B3 36 C7 03 3A 88 AA 85 7D 15 8D 82 13 96
26 00 36 96 06 06 11 8F 13 07 07 03 A3 8F E5 FE
36 87 E3 40 0F FF 13 87 06 03 A3 0F E5 FE 13 87
E5 FF 63 79 D7 4F 13 05 61 0A AA 86 03 46 07 00
05 07 85 06 A3 8F C6 FE E3 1A D7 FF 2A 97 09 07
0D 8F 54 11 15 8F 3A D6 E2 46 32 56 05 47 B3 8C
C6 00 63 5B D7 28 12 57 BA 9C 72 47 93 C6 FC FF
FD 86 13 7E F7 BF 13 73 27 00 62 57 33 FC DC 00
93 6B 0E 10 63 0F 07 22 93 0E D0 02 A3 09 D1 09
81 4A 05 0C 6F E0 5F C6 E2 46 83 C5 A6 00 6F E0
5F 8E 0A 57 6A 43 1D 8F 3A CC 13 27 D3 FF 19 E3
63 D4 6A 00 F9 18 29 BF 62 47 63 42 E3 1E 13 F7
1B 00 9A 8C 01 C7 12 57 B3 0C E3 00 13 FE 0B 40
63 04 0E 00 63 4B 60 28 93 C6 FC FF FD 86 33 FC
DC 00 93 08 70 06 21 B5 92 45 50 19 4A 85 3E CE
1D 2B 63 15 05 90 6A 45 7A 56 F2 47 4E 8B 6F F0
EF F6 21 0B 6F F0 4F F9 92 45 50 19 4A 85 3A CE
19 2B 63 15 05 8E D5 67 83 45 0D 00 7A 56 72 47
CE 86 93 88 07 33 1D 48 05 BC 92 45 50 19 4A 85
3E CE D5 29 63 14 05 8C EA 4A 7A 56 F2 47 4E 8B
6F F0 6F A8 93 07 D0 02 A3 09 F1 08 93 07 70 04
63 DF 17 19 D5 67 93 87 47 05 0D B2 93 07 BC FB
93 B7 17 00 D6 97 93 0D 01 08 3E CC BE 86 38 09
7C 09 EE 85 13 08 01 0A 09 46 4A 85 C6 C0 76 C1
76 DE 7A C3 7A D0 16 C5 16 CE 66 C7 EF 00 B0 78
13 07 70 04 F2 42 02 5F F2 5E 86 48 AA 87 E3 08
EC DC 2A D0 8C 18 6E 85 46 CE 76 C1 7A C3 16 C5
66 C7 82 D8 82 DA 82 DC 82 DE EF 40 50 53 F2 48
82 57 63 00 05 3C E2 46 0A 57 B3 8C D7 00 E3 6C
97 DD 1D 8F 6A 43 3A CC E5 BB FD 57 3E C4 6F F0
CF 85 25 47 63 74 67 00 6F E0 BF E1 6F F0 EF F1
26 C6 63 0D 07 14 13 8C 1A 00 D6 8C 02 D0 81 4A
02 CE 01 43 6F E0 0F C0 13 08 08 34 6F F0 CF A7
92 45 50 19 4A 85 01 29 19 C1 6F E0 3F FE EA 4A
E2 47 7A 56 4E 8B B3 8A 57 41 6F F0 CF 9C 03 47
31 09 E3 06 07 CC 05 0C D9 B1 DE 86 6F F0 2F B4
13 08 08 34 6F F0 6F 89 5E 8E 6F E0 3F E9 5E 8E
6F F0 6F B7 C1 55 B3 0A A0 40 55 68 63 5C B5 30
C1 4C 9D 4D 3E CE 93 04 08 33 21 A0 C1 1A 63 D4
5C 0B 41 06 05 07 23 20 9B 00 23 22 9B 01 32 DF
3A DD 21 0B E3 D4 ED FE 92 45 50 19 4A 85 61 2E
19 C1 6F E0 BF F6 7A 56 6A 57 4E 8B C1 BF 62 47
92 56 93 08 70 06 B3 0C D7 00 E3 49 60 C2 33 8F
6C 40 93 0C 1F 00 93 C6 FC FF FD 86 33 FC DC 00
3D B1 83 4E 31 09 81 4A 63 84 0E 00 6F E0 BF AD
6F E0 9F A2 13 08 08 33 6F E0 FF ED 99 4A B7 07
00 80 B3 CC FC 00 93 07 D0 02 3E DC 95 B6 D5 67
93 87 07 05 6F F0 8F F8 72 47 05 8B E3 07 07 D6
9D B3 02 C8 7C 0A 37 05 00 80 29 8F 13 05 D0 02
2A DC 6F E0 2F CA F2 47 26 88 56 96 05 07 32 DF
3A DD 23 20 0B 01 23 22 5B 01 9D 45 E3 DB E5 DC
92 45 50 19 4A 85 3E CE FD 24 19 C1 6F E0 1F EC
7A 56 6A 57 F2 47 4E 8B 6F F0 0F D5 D6 8C 56 8C
02 D0 81 4A 02 CE 01 43 6F E0 CF AA D5 67 93 87
87 05 C1 B2 92 44 6F E0 3F EA 93 08 70 06 42 57
03 47 07 00 93 06 17 F0 63 81 06 1E 63 5F 67 1C
C2 56 01 45 81 45 01 A8 85 05 85 06 13 06 17 F0
59 CE 63 5E 67 08 33 03 E3 40 03 C7 16 00 6D F7
03 C7 06 00 05 05 DD B7 D5 67 93 87 87 05 6F F0
EF EC 93 8C FA FF 02 5B B2 58 F2 57 06 4D 26 49
E2 9A 62 87 13 06 00 03 63 D4 0C 00 6F E0 AF DB
05 07 A3 0F C7 FE E3 9D EA FE 33 07 9C 01 13 0C
17 00 6F E0 4F DA 0A 57 E2 48 E3 6E 97 BB 1D 8F
3A CC D9 BE 08 01 8C 18 3E CE 46 CC 76 C1 7A C3
16 C5 66 C7 82 D8 82 DA 82 DC 82 DE EF 40 30 2E
E2 48 F2 47 49 E1 6A 43 B3 8C 64 00 55 B4 12 57
33 8F 6A 00 93 08 60 06 B3 0C EF 00 45 BC 36 D8
96 46 33 07 B5 00 2E CE 33 07 D7 02 2A D0 BA 9C
62 57 93 C6 FC FF FD 86 33 FC DC 00 79 C3 13 07
D0 02 C2 4B A3 09 E1 08 05 0C 02 C8 81 4A 6F E0
6F 9A 13 07 D0 02 A3 02 E1 0A E1 56 05 47 33 07
67 40 E3 4D D3 B6 93 06 00 03 23 03 D1 0A 5E CE
02 C8 93 06 71 0A 6F E0 4F D3 1D E3 05 4C E2 8C
93 08 60 06 A9 BC 85 4F 0A 57 B3 8F 5F 41 7E CD
93 8C 17 00 E3 61 97 B1 1D 8F 7E 83 3A CC 21 BC
12 57 93 08 60 06 13 0F 17 00 B3 0C 5F 01 93 C6
FC FF FD 86 33 FC DC 00 1D B4 B2 47 83 AA 07 00
91 07 63 D3 0A 00 FD 5A 83 48 1D 00 3E C6 36 8D
6F E0 4F 8C 13 08 08 33 6F F0 0F CF 6A 43 75 BE
D5 66 13 87 06 06 3A CC 6F E0 4F B4 13 07 D0 02
A3 02 E1 0A E1 56 05 47 11 8F E3 43 D6 AE 6F E0
8F CA 03 47 31 09 11 CF C2 4B 05 0C 02 C8 81 4A
6F E0 4F 8E 09 47 3A D6 05 BE 13 08 08 33 6F F0
EF EE C2 4B 81 4A 02 C8 6F E0 CF 8C 81 4A 02 D0
02 CE 02 C8 8D 4C 11 4C 6F E0 CF 8B 62 47 3E 97
E9 B2 1D 8F 6A 43 3A CC 89 BE 01 47 02 D0 02 CE
F9 BD 92 44 83 D7 C4 00 93 E7 07 04 23 96 F4 00
6F E0 9F C9 13 08 08 33 4D B3 02 D0 02 CE 6F E0
6F 88 6A 43 B1 B4 2A 87 03 A5 C1 97 B2 86 2E 86
BA 85 6F D0 1F EE 83 D7 C5 00 83 AE 45 06 03 DE
E5 00 03 A3 C5 01 83 A8 45 02 13 01 01 B7 F5 9B
13 08 01 08 13 07 00 40 23 24 81 48 2E 84 2C 08
23 22 91 48 23 12 F1 02 23 26 11 48 02 D8 F6 DE
23 13 C1 03 1A DA 46 DE 42 CC 42 D4 3A D0 3A D6
AA 84 EF D0 1F E9 AA 87 63 57 05 02 03 57 41 02
13 77 07 04 19 C7 03 57 C4 00 13 67 07 04 23 16
E4 00 83 20 C1 48 03 24 81 48 83 24 41 48 3E 85
13 01 01 49 82 80 2A C6 2C 08 26 85 9D 2C B2 47
71 D5 FD 57 E1 B7 18 46 09 E7 01 45 23 22 06 00
82 80 01 11 06 CE 32 C6 ED 24 B2 47 F2 40 23 A4
07 00 23 A2 07 00 05 61 82 80 41 11 06 C6 4A C0
89 CD 22 C4 26 C2 2E 84 AA 84 19 C1 5C 59 D1 C7
83 17 C4 00 89 EB 22 44 92 44 B2 40 01 49 4A 85
02 49 41 01 82 80 A2 85 26 85 BD 28 5C 54 2A 89
91 C7 4C 4C 26 85 82 97 63 46 05 04 83 57 C4 00
93 F7 07 08 B1 E7 0C 58 91 C9 93 07 04 04 63 85
F5 00 26 85 EF D0 FF BA 23 28 04 02 6C 40 91 C5
26 85 EF D0 1F BA 23 22 04 04 EF C0 9F EB 23 16
04 00 EF C0 3F EB B2 40 22 44 92 44 4A 85 02 49
41 01 82 80 83 57 C4 00 7D 59 93 F7 07 08 C5 DF
0C 48 26 85 EF D0 FF B6 7D B7 EF C0 3F E7 8D BF
AA 85 03 A5 C1 97 91 BF 03 97 C5 00 01 11 22 CC
4E C6 06 CE 93 77 87 00 2E 84 AA 89 F1 E7 85 67
93 87 07 80 D4 41 D9 8F 23 96 F5 00 63 5B D0 10
03 28 84 02 63 04 08 0A 26 CA 93 16 37 01 83 A4
09 00 23 A0 09 00 63 C5 06 10 4C 4C 01 46 85 46
4E 85 02 98 FD 57 2A 86 63 03 F5 12 83 17 C4 00
03 28 84 02 91 8B 99 C7 58 40 1C 58 19 8E 99 C3
5C 5C 1D 8E 4C 4C 81 46 4E 85 02 98 7D 57 83 17
C4 00 63 19 E5 0C 83 A6 09 00 75 47 63 64 D7 10
37 07 40 20 05 07 33 57 D7 00 05 8B 65 CF 14 48
7D 77 13 07 F7 7F 7D 8F 23 16 E4 00 23 22 04 00
14 C0 13 97 37 01 63 55 07 00 83 A7 09 00 CD CB
0C 58 23 A0 99 00 D5 C9 93 07 04 04 63 85 F5 00
4E 85 EF D0 1F A9 D2 44 23 28 04 02 F2 40 62 44
B2 49 01 45 05 61 82 80 4A C8 03 A9 05 01 63 0F
09 04 26 CA 84 41 0D 8B 23 A0 25 01 B3 84 24 41
81 47 11 E3 DC 49 1C C4 63 46 90 00 3D A8 2A 99
63 5D 90 02 5C 50 4C 4C A6 86 4A 86 4E 85 82 97
89 8C E3 46 A0 FE 83 57 C4 00 42 49 93 E7 07 04
F2 40 23 16 F4 00 62 44 D2 44 B2 49 7D 55 05 61
82 80 D4 5D E3 46 D0 EE 51 BF D2 44 42 49 79 B7
30 48 09 BF 14 48 7D 77 13 07 F7 7F 7D 8F 23 16
E4 00 23 22 04 00 14 C0 13 97 37 01 E3 5A 07 F4
0C 58 28 C8 23 A0 99 00 A1 F9 D2 44 85 B7 83 A7
09 00 E3 8D 07 EC 13 87 37 FE 01 CB A9 17 91 C7
83 57 C4 00 93 E7 07 04 61 BF 23 A0 99 00 D2 44
35 BF AA 87 19 C1 58 59 01 CB 03 97 C5 00 19 E3
01 45 82 80 3E 85 89 BD 01 11 2E C6 06 CE 2A C4
EF C0 DF CA B2 45 A2 47 03 97 C5 00 09 C7 F2 40
3E 85 05 61 15 BD F2 40 01 45 05 61 82 80 05 CD
AA 85 03 A5 C1 97 19 C1 5C 59 99 C7 83 97 C5 00
99 E3 01 45 82 80 09 BD 01 11 2E C6 2A C4 06 CE
EF C0 DF C6 B2 45 22 45 83 97 C5 00 85 E3 F2 40
01 45 05 61 82 80 59 66 B9 65 59 65 13 06 86 B2
93 85 65 4E 13 05 85 B3 6F C0 7F CD F2 40 05 61
E1 BB 1C 46 63 87 07 18 83 96 C5 00 39 71 22 DC
52 D4 56 D2 06 DE 93 F7 86 00 2E 84 AA 8A 32 8A
B5 C7 9C 49 A5 C7 26 DA 4A D8 4E D6 5A D0 93 F7
26 00 83 24 0A 00 A5 CF 37 0B 00 80 13 0B 0B C0
81 49 01 49 4E 86 56 85 63 0F 09 12 CA 86 63 76
2B 01 B7 06 00 80 93 86 06 C0 5C 50 4C 4C 82 97
63 5E A0 2A 83 27 8A 00 AA 99 33 09 A9 40 89 8F
23 24 FA 00 E1 FB D2 54 42 59 B2 59 02 5B 01 45
F2 50 62 54 22 5A 92 5A 21 61 82 80 A2 85 56 85
EF D0 2F 97 63 1B 05 1A 83 16 C4 00 26 DA 4A D8
4E D6 5A D0 93 F7 26 00 83 24 0A 00 D1 F7 5E CE
62 CC 93 F7 16 00 E5 E3 1C 40 37 07 00 80 13 0C
F7 FF 01 4B 81 49 63 8A 09 0A 13 F7 06 20 03 29
84 00 3E 85 63 0D 07 16 CA 8B 63 E1 29 1F 13 F7
06 48 25 CB 50 48 0C 48 13 17 16 00 32 97 13 59
F7 01 B3 8B B7 40 3A 99 93 87 1B 00 13 59 19 40
CE 97 4A 86 63 74 F9 00 3E 89 3E 86 93 F6 06 40
63 8B 06 1C B2 85 56 85 EF C0 AF AA 63 03 05 20
0C 48 5E 86 2A C6 EF D0 8F CA 83 57 C4 00 32 47
93 F7 F7 B7 93 E7 07 08 23 16 F4 00 B3 07 79 41
33 05 77 01 23 2A 24 01 18 C8 08 C0 1C C4 4E 89
CE 8B DA 85 5E 86 E5 21 18 44 1C 40 33 07 27 41
18 C4 03 27 8A 00 DE 97 1C C0 33 07 37 41 23 24
EA 00 63 02 07 1A 83 16 C4 00 03 AB 04 00 83 A9
44 00 A1 04 89 B7 83 A9 04 00 03 A9 44 00 A1 04
55 BD 01 45 82 80 01 4B 81 4B 01 45 01 4C 63 0E
0B 04 25 C5 DE 87 DA 89 63 F3 67 01 BE 89 54 48
03 29 84 00 08 40 1C 48 36 99 63 F4 A7 00 63 40
39 07 63 C6 D9 10 5C 50 4C 4C 62 86 56 85 82 97
2A 89 63 50 A0 06 B3 8B 2B 41 05 45 63 83 0B 0E
83 27 8A 00 B3 87 27 41 23 24 FA 00 63 85 07 12
33 0B 2B 41 4A 9C E3 16 0B FA 03 AB 44 00 A6 87
A1 04 E3 0C 0B FE 03 AC 07 00 5A 86 A9 45 62 85
5D 2C 63 0E 05 0E 05 05 B3 0B 85 41 61 B7 E2 85
4A 86 31 29 1C 40 A2 85 56 85 CA 97 1C C0 91 33
5D D1 83 17 C4 00 F2 4B 62 4C D2 54 42 59 B2 59
02 5B 93 E7 07 04 23 16 F4 00 7D 55 15 BD 18 48
63 62 F7 04 58 48 63 EF E9 02 CE 86 63 73 3C 01
E2 86 33 E7 E6 02 5C 50 4C 4C 5A 86 56 85 99 8E
82 97 E3 50 A0 FC 2A 89 83 27 8A 00 B3 89 29 41
B3 87 27 41 23 24 FA 00 D9 C7 83 16 C4 00 1C 40
4A 9B 15 BD 63 F3 29 01 4E 89 3E 85 4A 86 DA 85
79 2E 1C 40 18 44 CA 97 33 07 27 41 1C C0 18 C4
61 F7 A2 85 56 85 75 39 61 D1 A5 BF 4E 89 CE 8B
49 BD A2 85 56 85 75 31 E3 0C 05 F0 9D B7 4E 86
E2 85 B5 26 18 44 1C 40 4E 89 33 07 37 41 CE 97
18 C4 1C C0 CD BD 56 85 EF 20 10 0F 2A 87 E3 17
05 E4 0C 48 56 85 EF D0 CF E3 83 57 C4 00 31 47
F2 4B 62 4C 23 A0 EA 00 93 F7 F7 F7 3D B7 93 07
1B 00 BE 8B 49 BD F2 4B 62 4C B1 BB 83 17 C4 00
29 BF B1 47 23 A0 FA 00 F2 4B 83 17 C4 00 62 4C
29 B7 83 97 C5 00 13 F7 27 00 01 CB 93 87 35 04
05 47 9C C1 9C C9 D8 C9 82 80 2E 87 83 95 E5 00
19 71 A2 DC 86 DE 2A 84 63 C6 05 06 30 08 3A C4
BD 24 22 47 63 4E 05 04 93 05 00 40 22 85 A6 DA
3A C4 F2 44 EF C0 EF 84 22 47 83 17 C7 00 41 C5
93 06 00 40 93 E7 07 08 54 CB 93 D6 C4 40 23 16
F7 00 08 C3 08 CB BD 8A 09 46 63 96 C6 08 83 15
E7 00 22 85 3A C4 8D 24 22 47 83 17 C7 00 25 CD
F1 9B 85 66 D6 54 93 E7 17 00 93 86 06 80 2D A8
83 17 C7 00 93 F7 07 08 93 B7 17 00 B3 07 F0 40
93 F5 07 3C 93 85 05 04 22 85 3A C6 2E C4 EF B0
5F FE 32 47 A2 45 83 17 C7 00 19 CD 93 E7 07 08
08 C3 08 CB 4C CB 81 46 D5 8F 23 16 F7 00 F6 50
66 54 09 61 82 80 D6 54 93 F6 07 20 ED FA F1 9B
93 06 37 04 93 E7 27 00 05 46 23 16 F7 00 14 C3
14 CB 50 CB E9 BF 85 66 D6 54 93 86 06 80 E9 B7
AE 87 83 95 E5 00 32 87 63 CD 05 04 19 71 32 C4
30 08 36 C6 3E C2 86 DE 59 22 92 47 22 47 B2 46
63 43 05 02 F2 47 BD 65 79 76 ED 8F B2 97 F6 50
93 B7 17 00 9C C2 13 06 00 40 05 65 10 C3 13 05
05 80 09 61 82 80 83 D7 C7 00 93 F7 07 08 8D C7
F6 50 81 47 9C C2 13 06 00 04 10 C3 01 45 09 61
82 80 83 D7 C7 00 93 F7 07 08 99 EF 13 06 00 40
9C C2 01 45 10 C3 82 80 F6 50 9C C2 13 06 00 40
10 C3 01 45 09 61 82 80 81 47 13 06 00 04 9C C2
01 45 10 C3 82 80 93 77 35 00 13 F7 F5 0F 99 CB
35 C6 83 47 05 00 7D 16 63 81 E7 06 05 05 93 77
35 00 FD F7 0D 48 63 70 C8 04 93 F5 F5 0F 93 97
85 00 BE 95 93 97 05 01 37 03 FF FE B7 88 80 80
BE 95 13 03 F3 EF 93 88 08 08 1C 41 AD 8F B3 86
67 00 93 C7 F7 FF F5 8F B3 F7 17 01 91 E7 71 16
11 05 E3 64 C8 FE 19 CA 2A 96 21 A0 05 05 63 07
C5 00 83 47 05 00 E3 9B E7 FE 82 80 01 45 82 80
B3 E7 A5 00 8D 8B 81 E7 93 37 46 00 95 CB 2A 87
11 A8 83 C6 F5 FF 13 08 F6 FF A3 8F D7 FE 81 CA
3E 87 42 86 85 05 93 07 17 00 65 F6 82 80 32 97
63 03 08 04 85 07 A3 8F 07 FE E3 9D E7 FE 82 80
37 03 FF FE B7 88 80 80 13 03 F3 EF 93 88 08 08
2A 87 0D 4E 94 41 B3 87 66 00 13 C8 F6 FF B3 F7
07 01 B3 F7 17 01 DD FF 71 16 14 C3 11 07 91 05
E3 62 CE FE 45 BF 82 80 13 05 05 0F 82 80 59 65
13 05 85 D6 82 80 59 65 13 05 85 D6 82 80 41 11
AE 87 22 C4 26 C2 B2 85 AA 84 3E 85 06 C6 23 A8
01 98 EF 10 BF BD FD 57 63 07 F5 00 B2 40 22 44
92 44 41 01 82 80 83 A7 01 99 ED DB B2 40 22 44
9C C0 92 44 41 01 82 80 41 11 22 C4 26 C2 AA 84
2E 85 06 C6 23 A8 01 98 EF 10 1F C7 FD 57 63 07
F5 00 B2 40 22 44 92 44 41 01 82 80 83 A7 01 99
ED DB B2 40 22 44 9C C0 92 44 41 01 82 80 63 F1
A5 02 B3 87 C5 00 63 7D F5 00 05 CE 2A 96 03 C7
F7 FF 7D 16 FD 17 23 00 E6 00 E3 1A C5 FE 82 80
BD 47 63 E1 C7 02 AA 87 93 06 F6 FF 5D C2 85 06
BE 96 03 C7 05 00 85 07 85 05 A3 8F E7 FE E3 9A
D7 FE 82 80 B3 67 B5 00 8D 8B AE 88 BD EF 93 57
46 00 13 98 47 00 2A 98 FD 17 2A 87 94 41 C1 05
41 07 23 28 D7 FE 83 A6 45 FF 23 2A D7 FE 83 A6
85 FF 23 2C D7 FE 83 A6 C5 FF 23 2E D7 FE E3 1F
07 FD 92 07 33 87 17 01 93 05 07 01 AA 97 13 78
C6 00 C1 07 2E 8E 93 76 F6 00 63 0D 08 02 F1 16
F1 9A 36 97 51 07 33 08 15 41 03 A3 05 00 B3 88
05 01 91 05 23 A0 68 00 E3 99 E5 FE 13 87 46 00
B3 05 C7 01 BA 97 0D 8A 85 B7 93 06 F6 FF AA 87
B9 BF 82 80 36 86 89 BF D8 45 59 71 83 A8 05 00
03 A8 45 00 94 45 A6 D2 A1 64 A2 D4 86 D6 93 57
07 01 FD 14 23 20 06 00 BA CE E5 8F C6 C8 C2 CA
B6 CC 2A 84 63 8B 97 08 88 00 0C 18 CA D0 C6 C0
46 CC C2 C2 42 CA B6 C4 36 C8 BA C6 3A C6 32 89
02 D8 02 DA 02 DC 02 DE 3E CE EF 30 50 66 32 47
C2 46 52 48 E2 48 35 CD F2 47 81 45 8D EF B7 07
71 40 0C 18 10 10 88 00 36 DC 3A DE 3E D6 46 D8
42 DA 02 D0 02 D2 02 D4 EF 40 C0 0D 36 47 86 45
16 46 A6 46 93 57 07 01 AE C8 B2 CA B6 CC BA CE
E5 8F 93 05 E0 F8 F1 76 89 06 76 47 B6 97 37 06
01 80 AE 97 7D 16 23 20 F9 00 C6 48 56 48 E6 46
06 59 71 8F 37 06 FE 3F 51 8F B6 50 23 20 14 01
23 22 04 01 14 C4 58 C4 22 85 26 54 96 54 65 61
82 80 06 59 DD B7 D5 68 93 88 08 35 03 A3 88 00
71 71 83 AE 08 00 03 AE 48 00 9A D2 03 A3 C8 00
83 A8 08 01 22 D5 26 D3 C6 D6 83 28 85 03 4A D1
4E CF 52 CD 56 CB 5A C9 6A C1 EE DE 06 D7 5E C7
62 C5 66 C3 F6 CE F2 D0 9A D4 42 CE 83 A9 05 00
03 A9 45 00 84 45 03 AA C5 00 AA 8A 32 8D B6 8D
3A 8B 3E 84 63 87 08 00 C6 85 EF 10 00 4E 23 AC
0A 02 26 57 93 56 FA 01 14 C0 93 57 17 40 F5 8F
B9 8F BE D4 13 14 1A 00 93 1B 0A 01 F1 77 13 17
1A 00 05 80 93 DB 0B 01 93 87 17 F9 13 5C 17 01
08 18 0C 10 4E D8 4A DA 26 DC 4E D0 4A D2 26 D4
22 DE 22 D6 CE C6 CA C8 A6 CA B3 0C FC 00 DE CC
EF 50 A0 78 71 E5 37 07 FF 7F FD 57 7D 17 0C 10
08 18 3A D6 3E D0 3E D2 3E D4 EF 50 00 77 29 ED
0C 10 08 18 EF 30 F0 6A 63 58 A0 04 8D 47 BE C4
F2 47 B8 00 6E 88 3E C0 66 86 EA 87 56 85 DA 88
F4 00 EC 08 0D 22 03 27 0B 00 E1 77 63 17 F7 00
B7 07 00 80 FD 17 23 20 FB 00 BA 50 2A 54 9A 54
0A 59 FA 49 6A 4A DA 4A 4A 4B BA 4B 2A 4C 9A 4C
0A 4D F6 5D 4D 61 82 80 22 DE 0C 10 41 64 08 18
4E D8 4A DA 26 DC 02 D0 02 D2 02 D4 22 D6 EF 30
30 55 63 48 05 00 B3 EB 8B 00 85 47 DE CC BE C4
41 BF 0C 10 08 18 4E D8 4A DA 26 DC 52 DE 02 D0
02 D2 02 D4 02 D6 EF 30 90 46 19 E1 82 C4 8D BF
F1 77 93 87 27 F9 09 47 B3 0C FC 00 BA C4 8D B7
91 47 BE C4 B1 BF 39 71 22 DC 40 45 4A D8 4E D6
03 29 85 00 83 29 45 00 52 D4 03 2A 05 00 06 04
05 80 08 08 8A 85 06 DE 22 CE 22 C6 52 C8 52 C0
4E CA 4E C2 4A CC 4A C4 EF 50 20 68 29 E5 37 07
FF 7F FD 57 7D 17 8A 85 08 08 26 DA 3A C6 3E C0
3E C2 3E C4 85 44 EF 50 40 66 11 CD F2 50 62 54
13 C5 14 00 13 75 F5 0F D2 54 42 59 B2 59 22 5A
06 05 21 61 82 80 8A 85 08 08 EF 30 90 58 E3 5F
A0 FC 81 44 E1 BF F2 50 62 54 42 59 B2 59 22 5A
05 45 21 61 82 80 55 71 4E DF 83 29 07 00 A2 C5
4E 44 66 D3 13 F3 F9 FC 86 C7 23 20 67 00 0D 4E
13 F3 F9 00 3E C0 42 C4 A2 8C 63 02 C3 27 6A D1
13 F4 C9 00 22 8D 63 14 04 1E 6E CF 46 CE 36 CA
32 D0 2E D6 3A D4 AA 8D 63 0F 03 20 CA C1 03 A9
05 00 93 07 00 02 81 45 63 D6 27 01 86 07 85 05
E3 CE 27 FF 6E 85 EF 10 E0 51 2A 84 63 0C 05 1C
52 47 93 07 F9 FF 95 87 8A 07 A6 C3 B3 05 F7 00
93 06 45 01 10 43 11 07 91 06 23 AE C6 FE E3 FB
E5 FE 52 47 85 05 05 07 B3 B5 E5 00 FD 15 ED 8F
91 07 93 D4 27 40 A2 97 21 A0 F1 17 63 80 04 20
98 4B A6 86 FD 14 75 DB 93 97 24 00 A2 97 C8 4B
14 C8 36 CC EF 10 00 6F E2 46 96 06 B3 84 A6 40
22 85 EF 10 40 47 82 57 2A C7 3E DA 63 17 05 46
1C 48 63 8C 07 16 6C 01 22 85 56 DB 5A D9 5E D7
62 D5 52 DD EF 10 70 5E 93 97 C5 00 B1 83 37 07
F0 3F 5D 8F 52 58 03 A6 01 91 83 A6 41 91 26 98
AA 88 BA 85 93 0B F8 FF 3A D2 42 8C C6 C8 AA C0
EF B0 CF 98 03 A6 81 91 83 A6 C1 91 EF A0 7F D3
03 A6 01 92 83 A6 41 92 EF A0 6F 8B AA 8A 5E 85
2E 8B EF B0 6F FB 03 A6 81 92 83 A6 C1 92 EF A0
5F D1 2A 86 AE 86 56 85 DA 85 EF A0 4F 89 AA 8A
2E 8B 5E 85 63 D5 0B 00 05 45 33 05 85 41 13 05
B5 BC 63 52 A0 02 EF B0 2F F8 03 A6 01 93 83 A6
41 93 EF A0 1F CE 2A 86 AE 86 56 85 DA 85 EF A0
0F 86 AA 8A 2E 8B DA 85 56 85 EF B0 CF EF 5A 8A
D2 85 2A 8B 01 46 56 85 81 46 5A CC EF A0 1F C0
63 5E 05 00 5A 85 EF B0 2F F4 56 86 D2 86 EF A0
3F AD 33 35 A0 00 B3 07 AB 40 3E CC 12 57 93 97
4B 01 33 8A E7 00 33 87 74 41 93 06 F7 FF 36 D8
E2 46 D9 47 63 E7 D7 0C E2 47 55 68 93 08 08 3C
8E 07 C6 97 06 46 88 43 CC 43 D2 86 3A D2 EF A0
9F AF 12 57 63 49 A0 36 E3 54 E0 2C C2 57 62 47
82 C6 02 DC BA 97 3E D8 BA C2 02 DE 65 A8 91 47
63 14 F3 02 2E 44 0A 5D BE 40 FA 59 E1 77 66 86
9A 5C D5 65 23 A0 F8 00 F2 86 93 85 05 0A 69 61
6F 10 E0 07 0E 49 FA 4D 81 47 BE 40 2E 44 0A 5D
FA 59 9A 5C 3E 85 69 61 82 80 A2 85 6E 85 EF 10
C0 38 9E 44 0E 49 F2 47 85 46 D5 65 66 86 6E 85
94 C3 93 85 05 09 EF 10 80 04 BE 40 2E 44 AA 87
FA 4D 0A 5D FA 59 9A 5C 3E 85 69 61 82 80 22 86
2E 44 BE 40 FA 59 9A 5C E1 77 D5 65 23 A0 F8 00
93 85 45 09 A1 46 69 61 6F 10 60 01 23 28 04 00
05 B5 85 47 BE C6 C2 57 02 DC 63 C9 07 2A E2 47
63 DF 07 28 E2 57 62 47 82 C2 99 8F 3E DC B3 07
E0 40 3E DE 02 47 A5 47 63 EB E7 38 82 47 15 47
63 5B F7 58 F1 17 3E C0 82 46 91 47 63 8C F6 3A
E3 8C E6 14 89 47 82 CC 81 4A 63 88 F6 3A 8D 47
3E C0 A2 47 62 47 BA 97 BE C4 85 07 3E D2 63 59
F0 26 BE 85 6E 85 3E C7 EF 00 90 76 AA 87 63 03
05 54 32 57 03 28 C7 00 7D 18 63 0C 08 00 63 53
08 00 09 48 93 F9 09 10 63 8E 09 2A 0D 47 33 08
07 41 12 57 13 37 F7 00 63 06 07 2A 63 84 0A 2A
62 47 33 67 E8 00 63 1F 07 28 06 47 B6 46 02 C7
BA CE D2 D4 99 CE D9 66 03 A6 06 E1 83 A6 46 E1
3A 85 D2 85 BE C0 BA D0 EF A0 5F A3 86 47 E3 42
05 30 BE C0 F6 47 3E 86 3E 85 A6 57 BE 86 BE 85
EF 90 FF E5 03 A6 01 95 83 A6 41 95 EF 90 3F E5
37 07 C0 FC 33 03 B7 00 12 57 86 47 AA 89 63 0E
07 1E 12 57 F6 4A 26 5B 82 D6 BA C0 06 47 55 68
93 08 08 3C 93 16 37 00 66 47 C6 96 03 A6 86 FF
83 A6 C6 FF 63 06 07 5C 03 A5 01 85 83 A5 41 85
9A D8 BE C8 C6 DA CE D0 93 89 17 00 EF A0 0F B9
06 56 C6 56 D6 8B 5A 8A EF A0 5F EB 2A 86 AE 86
56 85 DA 85 B6 8A 32 8B EF B0 EF C8 2A 8C EF B0
AF CE 2A 86 AE 86 5E 85 D2 85 EF A0 3F E9 C6 47
13 07 0C 03 2A 86 AE 86 23 80 E7 00 2A 8A AE 8B
5A 85 D6 85 EF A0 3F 8C C6 47 E3 40 A0 42 D9 66
03 A7 46 E1 83 A6 06 E1 BA D2 B6 D0 03 A7 41 94
83 A6 01 94 22 8C CA DC A6 DE B6 C8 BA CA BE D8
52 84 DA 84 56 89 99 A8 BA 47 06 47 85 07 3E C7
E3 DD E7 46 EF A0 FF 9E 46 46 D6 46 AA 84 2E 89
22 85 DE 85 EF A0 FF 9D AE 8A 2A 8A EF B0 AF C0
2A 84 EF B0 6F C6 2A 86 AE 86 52 85 D6 85 EF A0
FF E0 93 07 04 03 26 86 CA 86 23 80 F9 00 85 09
2A 84 AE 8B EF A0 9F 8F E3 4E 05 38 06 55 96 55
22 86 DE 86 EF A0 9F DE 26 86 CA 86 EF A0 1F 8E
AA 87 46 46 D6 46 26 85 CA 85 E3 D7 07 F8 C6 57
03 C9 F9 FF 62 84 13 06 90 03 31 A0 E3 81 D7 24
03 C9 F6 FF B6 89 93 86 F9 FF E3 09 C9 FE 05 09
36 57 23 80 26 01 13 0D 00 02 13 0C 17 00 A2 85
6E 85 3E C0 EF 10 60 0D F2 47 23 80 09 00 23 A0
87 01 82 47 63 84 0C 00 23 A0 3C 01 22 57 A2 56
9E 44 18 43 0E 49 6A 5A 33 67 A7 01 DA 5A 4A 5B
BA 5B 2A 5C FA 4D 98 C2 09 B3 AA 85 22 85 EF 00
50 75 BA 47 02 57 9D 8C BA 97 3E DA 51 B6 C2 57
62 47 02 DE BA 97 3E D8 BA C2 AD B3 85 47 99 8F
3E DC 02 D8 A9 B3 E2 47 82 C6 FD 17 3E CC 25 BB
85 47 41 BB 3A 86 3A 85 D2 86 D2 85 BE C0 EF 90
1F C6 03 A6 01 95 83 A6 41 95 EF 90 5F C5 86 47
37 07 C0 FC AA 89 33 03 B7 00 03 A6 81 95 76 45
83 A6 C1 95 A6 55 BE C0 9A C8 EF A0 3F CF C6 46
4E 86 2A 8A AE 8A EF A0 0F F3 86 47 E3 48 A0 16
46 43 B7 06 00 80 4E 86 33 47 D3 00 BA 86 52 85
D6 85 EF A0 AF FC 86 47 63 4D 05 60 76 47 26 5A
01 48 BA C8 52 57 63 43 07 0C 62 47 13 27 F7 00
55 CF D5 68 93 88 08 3C 62 47 0E 07 BA 98 03 A7
48 00 83 A6 08 00 3A C2 22 47 36 C0 63 57 07 28
12 57 63 44 E0 28 63 1E 07 5C 03 A6 81 95 83 A6
C1 95 02 45 92 45 3E CA EF A0 BF 82 46 46 D2 86
EF A0 6F EB D2 47 63 5E 05 5A 13 07 10 03 23 80
E7 00 81 45 6E 85 93 89 17 00 3E C0 EF 00 F0 78
E2 47 13 0D 00 02 13 8C 27 00 82 47 4D B5 93 07
DC 3F 93 BA 87 7F 02 C0 4A 85 EF B0 EF A7 03 A6
81 93 83 A6 C1 93 EF A0 CF FD EF B0 CF A0 7D 57
FD 57 93 05 35 00 3A D2 05 47 BE C4 02 C4 AE 87
BA CC 8D B9 85 47 81 4A BE CC A2 45 63 43 B0 00
85 45 AE 87 AE C4 2E D2 2E C4 A9 B9 66 47 63 00
07 3C 32 57 52 56 33 09 99 40 58 43 93 06 19 00
36 C7 33 09 26 41 63 5A E9 62 82 46 F5 16 F5 9A
63 8B 06 56 82 46 33 07 E6 40 12 56 93 A6 26 00
05 07 93 B6 16 00 33 26 C0 00 3A C7 F1 8E 81 C6
92 56 E3 C3 E6 2A C2 56 72 5A BA 96 36 D8 E2 56
B3 09 D7 00 85 45 6E 85 BE C0 42 DA EF 10 80 1A
2A 89 63 01 05 14 62 57 52 58 86 47 05 C7 42 57
63 52 E0 02 E2 56 42 56 36 87 63 53 D6 00 32 87
E2 56 3A C7 B3 89 E9 40 99 8E 36 DC C2 56 33 87
E6 40 3A D8 72 57 19 CF 63 14 0A 6E 72 56 A2 85
6E 85 BE C0 42 DA EF 10 80 38 52 58 86 47 2A 84
63 0A 05 0E 85 45 6E 85 3E DE 42 DA EF 10 80 14
2A 83 6D C1 16 47 52 58 F2 57 63 17 07 4E 02 47
13 27 27 00 19 C3 FD 14 D9 CC 7D 45 42 57 B3 04
E5 40 F1 14 FD 88 26 C7 33 86 34 01 26 87 63 4E
C0 46 C2 56 33 86 E6 00 63 4C C0 08 36 47 63 12
07 56 12 57 63 47 E0 2E 02 47 13 27 37 00 63 12
07 2E 9A 85 81 46 15 46 6E 85 3E C0 EF 00 10 62
AA 85 49 C1 12 57 82 47 63 1B 07 60 2A C0 22 85
3E CA EF 10 A0 4D 82 45 D2 47 63 52 A0 60 13 07
10 03 23 80 E7 00 62 47 93 89 17 00 13 0D 00 02
05 07 3A CC 6E 85 3E C0 EF 00 30 5D 82 47 E3 0F
09 22 CA 85 6E 85 3E C0 EF 00 30 5C E2 47 13 8C
17 00 82 47 E9 B9 32 57 82 56 58 43 05 07 E3 5E
D7 F4 42 57 85 09 05 07 3A D8 05 47 BA C2 B1 B7
9A 85 6E 85 3E D6 42 D0 EF 10 00 37 02 58 B2 57
2A 83 29 FD 9E 44 0E 49 6A 5A DA 5A 4A 5B BA 5B
2A 5C FA 4D D1 BA 93 07 DC 3F 93 BA 87 7F 82 47
91 46 63 88 D7 58 63 82 E7 3C 02 47 89 47 63 0F
F7 56 8D 47 82 CC E3 06 F7 A6 F9 BB 83 26 08 3C
03 27 48 3C 01 48 36 C0 3A C2 46 49 D2 89 92 4A
D2 85 02 4A 05 47 D6 86 52 86 4A 85 3E C4 42 CA
3A C7 EF 90 BF EB EF A0 1F FD AA 84 EF B0 CF 82
52 86 D6 86 EF A0 EF D8 2A 86 AE 86 4A 85 CE 85
EF A0 DF 9C A2 47 13 87 04 03 01 46 23 80 E7 00
93 89 17 00 E2 47 81 46 2A 8A 13 8C 17 00 2E 89
EF A0 0F B9 A2 47 E3 04 05 C0 03 A7 41 94 52 48
83 A6 01 94 22 CA 3A C6 36 C4 42 D6 3E D0 52 84
81 A8 42 C7 EF A0 EF D3 02 4A 92 4A 2A 8B 52 86
D6 86 AE 8B EF 90 9F E4 EF A0 FF F5 AA 84 EF A0
BF FB 52 86 D6 86 EF A0 CF D1 2A 86 AE 86 5A 85
DE 85 EF A0 BF 95 85 09 93 87 04 03 A3 8F F9 FE
01 46 81 46 2A 84 2E 89 EF A0 8F B2 63 05 05 48
3A 47 92 57 22 46 B2 46 22 85 CA 85 13 08 17 00
E3 11 F7 FA 32 58 82 57 52 44 63 09 08 5C 85 46
41 4D E3 1E D8 B6 62 47 BA D6 03 C9 F9 FF A1 B6
4E 85 9A 85 C2 D8 BE D0 EF A0 AF CB 83 A7 01 94
03 A8 41 94 C6 48 D2 8E 05 47 22 8A A6 C8 86 59
AA 8B 2E 8C BE 8A 42 8B 3A C7 46 84 F6 84 31 A0
3A C7 EF A0 0F C9 2A 84 AE 84 22 85 A6 85 EF A0
9F EB 2A 89 19 C9 EF A0 3F F1 2A 86 AE 86 22 85
A6 85 EF A0 BF 8B 2A 84 AE 84 13 09 09 03 13 79
F9 0F 23 80 29 01 BA 47 06 48 85 09 22 85 A6 85
56 86 DA 86 13 87 17 00 E3 9C 07 FB 86 57 03 A6
01 85 83 A6 41 85 5E 85 E2 85 BE DA A2 D0 A6 C0
EF 90 EF FB 86 58 86 46 C6 44 46 86 C6 C8 EF A0
EF B6 D6 57 52 84 E3 40 05 AA 03 A5 01 85 83 A5
41 85 5E 86 E2 86 BE D0 EF A0 5F 85 46 46 86 46
EF A0 6F A9 86 4E C6 48 86 57 46 58 63 4D A0 68
76 47 26 5A BA C8 52 57 E3 52 07 E2 01 48 62 57
63 02 07 26 42 57 63 0F 07 24 E2 56 42 56 36 87
63 53 D6 00 32 87 E2 56 3A C7 B3 89 E6 40 C2 56
33 87 E6 40 3A D8 72 57 63 12 07 24 4E DC 01 49
D1 B1 66 47 63 04 07 2C 62 57 33 86 E4 00 63 48
C0 44 16 47 4A 8A 63 1A 07 4E 13 07 E8 FF 3A D6
85 46 42 C4 D2 89 3E 8B 9A 8B 3E D8 DE 85 22 85
36 C7 EF 00 70 05 CA 85 AA 8A 2A 8C 22 85 EF 10
E0 1D DE 85 AA 84 4E 86 6E 85 EF 10 C0 20 AA 85
E3 02 05 D6 5C 45 93 8A 0A 03 B5 CF 6E 85 EF 00
D0 2D 85 45 63 C4 04 56 82 47 DD 8C 91 E4 D2 47
9C 43 85 8B 63 8C 07 54 93 04 1B 00 A6 86 63 55
B0 00 B2 57 63 90 07 60 A3 8F 54 FF BA 47 12 57
63 81 E7 5E A2 85 81 46 29 46 6E 85 EF 00 10 2B
2A 84 E3 09 05 D0 CA 85 81 46 29 46 6E 85 63 0F
39 0B EF 00 B0 29 2A 89 E3 0E 05 CE CE 85 81 46
29 46 6E 85 EF 00 90 28 AA 89 E3 05 05 CE BA 46
26 8B 85 06 A1 BF 2A D0 22 85 EF 10 20 14 82 55
2A 8A 6E 85 EF 00 70 25 02 47 B3 65 EA 00 63 96
05 38 D2 47 22 47 9C 43 85 8B D9 8F A5 F7 93 06
90 03 4E 8A C2 57 D6 89 5A 87 5E 83 63 8F DA 30
63 53 90 68 93 09 1C 03 13 0D 00 02 CA 88 23 00
37 01 52 89 93 09 17 00 9A 85 6E 85 3E C4 46 C0
EF 00 B0 20 82 48 A2 47 63 0A 09 66 E3 8B 08 C2
E3 89 28 C3 C6 85 6E 85 3E C0 EF 00 10 1F 82 47
0D B1 81 45 6E 85 3E C0 EF 00 30 1E A2 47 41 4D
33 0C F0 40 82 47 BE 89 6F F0 7F 8F EF 00 10 1E
2A 89 E3 01 05 C4 AA 89 99 BF A2 85 6E 85 3E DA
1A D6 42 D0 EF 00 50 79 2A 84 E3 05 05 C2 3A 47
D2 57 32 53 02 58 B5 B6 81 4A 95 47 3E C0 85 47
BE CC 6F F0 0F EB 12 57 F2 56 7D 17 63 CF E6 1A
33 8A E6 40 12 57 63 5A 07 58 62 57 92 56 02 C7
BA 89 15 8F 3A DC 79 BC AA 85 3A 86 6E 85 EF 00
10 67 2A 83 E3 00 05 BE 82 47 52 58 13 A7 27 00
F2 57 19 C3 FD 14 85 C0 82 C2 03 27 03 01 3E DA
42 D6 0A 07 1A 97 08 4B 1A D0 EF 00 B0 30 D2 57
32 58 02 53 E5 B4 32 57 82 56 58 43 05 07 E3 5D
D7 FC 42 57 85 09 05 07 3A D8 05 47 BA C2 F1 B7
85 47 99 8F 3E DC E2 47 82 C6 02 DE 3E D8 BE C2
6F F0 4F DF 72 57 E2 59 E3 03 07 DC 72 56 A2 85
6E 85 BE C0 42 DA EF 00 90 5F 2A 84 E3 04 05 B6
86 47 52 58 4E DC 01 49 B5 B4 02 46 05 47 E3 44
C7 F4 42 57 72 5A 36 97 3A D8 62 57 B3 89 E6 00
D5 BA 9A 85 22 85 3E D8 42 D6 1A D0 EF 00 10 7A
02 53 32 58 C2 57 E3 56 05 A8 A2 85 81 46 29 46
6E 85 3E D6 1A D2 42 D0 EF 00 50 0B 2A 84 E3 0B
05 B0 E2 47 66 47 02 58 FD 17 3E CC 12 53 B2 57
63 16 07 46 26 47 63 49 E0 00 02 47 13 27 37 00
01 E7 26 47 3A D2 B1 BC 26 47 3A D2 4A 8B BE 84
12 59 05 47 C2 8A 1A 8A BE 8B 11 A8 A2 85 6E 85
EF 00 D0 06 2A 84 E3 07 05 AC 3A 47 05 07 D2 85
22 85 3A C7 51 2B 85 04 93 09 05 03 A3 8F 34 FF
BA 47 81 46 29 46 E3 CB 27 FD 56 88 5A 89 52 83
DE 87 81 48 63 05 08 24 09 47 63 0A E8 26 14 48
05 47 63 4D D7 10 58 48 63 1A 07 10 33 37 E0 00
13 1D 47 00 13 06 00 03 A6 89 03 C7 F4 FF FD 14
E3 0C C7 FE D5 B3 52 44 82 57 6F F0 4F F1 22 47
BE 89 41 4D 13 47 F7 FF 3A CC 29 B4 82 CC 6F F0
DF 89 85 47 BE CC 6F F0 5F 89 F2 56 16 46 3A DE
B3 06 D7 40 B2 96 B6 C2 92 56 12 56 62 57 36 C7
C2 56 B3 09 C7 00 01 4A B2 96 36 D8 6F F0 9F 8D
CA 85 52 86 6E 85 BE C0 42 DA EF 00 50 4A 2A 89
E3 0A 05 A0 AA 85 22 86 6E 85 EF 00 50 2E E3 03
05 A0 A2 85 AA C8 6E 85 49 27 72 57 46 44 52 58
B3 07 47 41 3E DE 3E 87 86 47 E3 0D 07 8E 6F F0
FF 8D 92 56 06 57 63 8F 06 EE A6 46 63 50 D0 F6
3A 85 03 A6 01 94 83 A6 41 94 D2 85 BE D0 EF 90
5F FC 03 A6 81 94 83 A6 C1 94 AA 8A 2E 8B AA C8
2E 8A EF 90 1F FB 03 A6 01 95 83 A6 41 95 EF 90
0F B3 A6 47 37 07 C0 FC 33 03 B7 00 BE C0 FD 57
BE D6 AA 89 86 57 6F F0 6F CE 13 06 17 00 93 06
90 03 CA 88 B2 84 52 89 23 00 D7 00 13 06 90 03
19 A0 63 84 97 10 83 C6 F4 FF A6 89 FD 14 E3 8A
C6 FE 85 06 23 80 D4 00 13 0D 00 02 F1 B1 CA 85
6E 85 3E D6 1A D0 42 C4 EF 00 10 4B 22 48 02 53
B2 57 2A 89 E3 1F 05 B8 35 BA D2 85 E5 B6 36 57
13 09 10 03 05 07 BA D6 6F F0 8F DC 13 07 10 03
23 80 E7 00 81 45 6E 85 93 89 17 00 3E C0 71 2D
82 47 09 4C 13 0D 00 02 6F F0 6F DB CA 86 2A 86
3E C4 EF 90 CF A8 02 4A 92 4A 2A 8B 52 86 D6 86
AE 8B EF 90 5F D8 03 C9 F9 FF A2 47 63 48 A0 0C
52 86 D6 86 5A 85 DE 85 3E C0 EF 90 7F D0 82 47
01 E5 93 F6 14 00 DD EA 62 47 CE 86 41 4D BA D6
93 05 00 03 03 C7 F6 FF B6 89 FD 16 E3 0C B7 FE
36 57 13 0C 17 00 6F F0 8F D5 83 25 49 00 6E 85
3E D6 1A D0 42 C4 7D 2B AA 84 E3 0D 05 88 03 26
09 01 93 05 C9 00 31 05 09 06 0A 06 EF B0 3F BE
A6 85 6E 85 05 46 EF 00 30 3E 22 48 02 53 B2 57
2A 8A E3 1C 05 AC 6F F0 FF 86 62 47 93 06 10 03
23 80 D7 00 05 07 3A CC 13 0D 00 02 F1 B6 A2 85
05 46 6E 85 3E CA 1A C0 46 C4 EF 00 F0 3A 2A 84
E3 02 05 84 82 45 EF 00 70 4A 02 43 A2 48 D2 47
E3 4E A0 EA 09 E5 93 F9 19 00 E3 99 09 EA 14 48
05 47 41 4D E3 40 D7 DA 58 48 49 BB 62 47 BA D6
6F F0 6F C9 C6 57 22 8A 62 84 81 46 52 85 DE 85
01 46 3E C0 EF 90 DF C2 B6 57 B3 36 A0 00 13 9D
46 00 13 8C 17 00 82 47 6F F0 6F C9 22 48 4E 8A
C2 57 D6 89 5A 87 5E 83 63 09 08 0C 10 48 85 46
63 DF C6 16 89 46 63 02 D8 18 4A 8B D2 84 3A 89
9A 8A BE 8B 19 A8 99 2B D6 85 2A 84 05 09 63 0B
05 FA 59 24 CE 84 93 09 05 03 A6 85 56 85 EF 00
F0 40 81 46 29 46 63 5C A0 14 23 00 39 01 A6 85
6E 85 2D 23 AA 89 81 46 29 46 A2 85 6E 85 63 83
09 F8 E3 12 9B FC 4E 8B 7D BF 76 47 66 59 F6 54
BA C8 52 57 C6 57 D6 58 26 5A 62 84 01 48 63 55
07 D0 6F F0 0F DC 01 46 81 46 46 85 F6 85 3E C0
EF 90 1F B8 33 36 A0 00 82 47 CE 86 13 1D 46 00
41 B5 4E 87 CA 88 22 48 C2 57 D6 89 B6 84 5E 83
3A 89 49 B9 93 06 90 03 C2 57 4E 8A 5A 87 5E 83
26 86 E3 8E DA D8 93 89 1A 00 23 00 3B 01 CA 88
A6 89 52 89 13 0D 00 02 41 B4 63 5D B0 02 A2 85
05 46 6E 85 3E CA 1A C0 3A C4 EF 00 F0 25 2A 84
63 0A 05 EE 82 45 EF 00 70 35 02 43 22 47 D2 47
63 5C A0 0A 93 06 90 03 E3 89 D9 D4 93 09 1C 03
13 08 00 02 10 48 85 46 41 4D E3 C9 C6 A2 54 48
E3 96 06 A2 42 8D 1D B4 12 57 F2 56 7D 17 E3 C6
E6 C6 12 56 C2 56 32 C7 B2 96 36 D8 F2 56 33 8A
E6 40 62 57 B3 09 C7 00 6F F0 CF D4 CA 85 81 46
29 46 6E 85 25 21 2A 89 63 06 05 E8 26 47 02 58
12 53 B2 57 63 47 E0 00 02 47 13 27 37 00 E3 02
07 B8 26 47 3A D2 6F F0 3F 8C 92 56 3A C7 42 57
36 97 3A D8 62 57 B3 09 D7 00 6F F0 AF D0 54 48
E3 92 06 E8 E3 45 B0 F4 55 BA 41 4D 45 BA 93 06
90 03 4A 87 26 8A 5A 89 56 83 DE 87 E3 87 D9 CA
85 09 13 0D 00 02 59 BA 01 E5 93 F6 19 00 B9 F2
13 08 00 02 81 BF 10 48 85 46 41 4D E3 C0 C6 98
54 48 B3 36 D0 00 13 9D 46 00 8D BA 62 47 13 0C
17 00 6F F0 CF AA D5 66 55 65 41 11 93 86 46 0A
13 05 85 0B 01 46 93 05 90 03 06 C6 EF 10 A0 55
41 11 22 C4 06 C6 DD 46 2A 84 05 47 91 47 63 F3
B6 02 86 07 93 86 47 01 3A 86 05 07 E3 FB D5 FE
B2 85 50 DC 22 85 F9 2C 11 C9 B2 40 08 DC 22 44
41 01 82 80 23 2E 05 02 81 45 ED B7 6D 37 01 11
22 CC 26 CA 06 CE 5D 48 AA 84 2E 84 05 47 91 47
63 76 D8 04 86 07 13 85 47 01 BA 85 05 07 E3 FB
A6 FE CC DC 26 85 32 C6 71 2C 32 46 15 CD 88 DC
83 47 04 00 23 00 F5 00 95 C7 93 05 14 00 AA 87
03 C7 05 00 85 05 85 07 23 80 E7 00 75 FB 11 C2
1C C2 F2 40 62 44 D2 44 05 61 82 80 23 2E 05 02
81 45 C9 B7 AA 87 E5 B7 3D 3F 58 5D 85 47 B3 97
E7 00 9C C5 D8 C1 55 AC 03 A8 05 01 1C 49 63 CE
07 15 7D 18 93 12 28 00 13 86 45 01 33 03 56 00
13 0E 45 01 83 27 03 00 F2 92 03 A7 02 00 79 71
85 07 06 D6 22 D4 B3 58 F7 02 63 6D F7 08 26 D2
B2 8F 72 8F 81 44 01 44 83 A7 0F 00 83 2E 0F 00
11 0F 93 96 07 01 C1 82 C1 83 13 97 0E 01 93 D3
0E 01 41 83 91 0F B3 86 16 03 B3 87 17 03 A6 96
93 9E 06 01 93 DE 0E 01 C1 82 33 07 D7 41 01 8F
93 5E 07 01 93 FE 1E 00 42 07 B6 97 93 96 07 01
C1 82 F6 96 93 D4 07 01 B3 87 D3 40 93 96 07 01
41 83 55 8F C1 83 23 2E EF FE 13 F4 17 00 E3 7D
F3 F9 83 A7 02 00 C5 EF F1 12 63 66 5E 00 01 A8
7D 18 63 76 5E 00 83 A7 02 00 F1 12 F5 DB 92 54
23 28 05 01 46 C6 72 CE 1A CC 32 CA 42 C8 2A 84
EF 00 D0 0B B2 48 63 4D 05 06 72 4E 62 43 52 46
42 48 85 08 72 85 81 4E 1C 41 14 42 11 05 13 97
07 01 13 9F 06 01 13 5F 0F 01 41 83 33 07 E7 41
33 07 D7 41 93 D5 06 01 93 56 07 01 85 8A AE 96
C1 83 95 8F 42 07 93 96 07 01 41 83 55 8F 11 06
C1 83 23 2E E5 FE 93 FE 17 00 E3 7F C3 FA 93 17
28 00 F2 97 98 43 09 EF F1 17 63 66 FE 00 39 A0
7D 18 63 75 FE 00 98 43 F1 17 7D DB 23 28 04 01
B2 50 22 54 46 85 45 61 82 80 01 45 82 80 92 54
95 B7 03 28 05 01 13 DE 55 40 63 47 0E 01 23 28
05 00 23 2A 05 00 82 80 13 03 45 01 13 16 28 00
93 17 2E 00 FD 89 1A 96 9A 97 A1 C5 94 43 91 07
B3 D6 B6 00 63 F4 C7 06 93 0E 00 02 B3 8E BE 40
9A 88 98 43 91 08 91 07 33 17 D7 01 55 8F 23 AE
E8 FE 83 A6 C7 FF B3 D6 B6 00 E3 E4 C7 FE 33 08
C8 41 0A 08 1A 98 23 2E D8 FE 71 18 8D C2 11 08
39 A8 1A 87 E3 FD C7 F8 94 43 91 07 11 07 23 2E
D7 FE E3 EB C7 FE 33 08 C8 41 0A 08 1A 98 B3 07
68 40 89 87 1C C9 E3 0E 68 F6 82 80 54 C9 A5 DA
1A 88 11 08 ED B7 14 49 51 05 81 47 8A 06 AA 96
63 68 D5 00 35 A0 11 05 93 87 07 02 63 72 D5 02
18 41 75 DB 63 7E D5 00 79 71 68 08 06 D6 3E C6
3A CE 6D 24 B2 47 B2 50 AA 97 3E 85 45 61 82 80
3E 85 82 80 7C 41 01 11 06 CE 2A 87 AE 86 99 CF
13 96 26 00 B2 97 88 43 05 C9 18 41 98 C3 23 28
05 00 23 26 05 00 F2 40 05 61 82 80 2E C6 13 06
10 02 91 45 2A C4 EF 10 E0 25 22 47 B2 46 AA 87
68 C3 79 F5 01 45 C5 B7 85 45 B3 97 D5 00 13 86
57 00 3A 85 0A 06 36 C6 3E C4 EF 10 A0 23 7D D1
B2 46 A2 47 54 C1 1C C5 5D BF 81 C9 D8 41 7C 41
0A 07 BA 97 98 43 98 C1 8C C3 82 80 03 AE 05 01
AE 8E 36 83 13 88 45 01 81 48 83 27 08 00 11 08
85 08 13 97 07 01 41 83 93 D6 07 01 B3 07 C7 02
B3 86 C6 02 9A 97 13 D7 07 01 C2 07 C1 83 BA 96
13 97 06 01 BA 97 23 2E F8 FE 13 D3 06 01 E3 C6
C8 FD 63 0F 03 00 83 A7 8E 00 63 5D FE 00 13 17
2E 00 76 97 23 2A 67 00 93 07 1E 00 23 A8 FE 00
76 85 82 80 83 A5 4E 00 01 11 22 CC 85 05 1A C4
72 C2 76 C0 06 CE 2A 84 31 37 82 4E 12 4E 22 43
2A 87 31 C9 03 A6 0E 01 93 85 CE 00 31 05 09 06
0A 06 1A C6 72 C4 76 C2 3A C0 EF B0 4F D2 92 4E
7C 40 22 4E 83 A6 4E 00 32 43 13 17 2E 00 8A 06
B6 97 94 43 F2 40 62 44 23 A0 DE 00 23 A0 D7 01
82 4E 93 07 1E 00 76 97 23 2A 67 00 23 A8 FE 00
76 85 05 61 82 80 D5 66 55 65 93 86 46 0A 13 05
85 11 01 46 93 05 A0 0B EF 10 E0 0E 01 11 22 CC
4A C8 4E C6 52 C4 56 C2 06 CE 26 CA A5 47 B6 89
32 8A 2A 89 AE 8A 3A 84 63 D9 D7 08 B7 97 E3 38
93 87 97 E3 A1 06 B3 B6 F6 02 81 45 85 47 85 82
86 07 85 05 E3 CE D7 FE 4A 85 A9 3D AA 85 25 C9
85 47 1C C9 40 C9 A5 47 63 DD 47 05 13 84 9A 00
A2 84 D2 9A 83 C6 04 00 29 46 4A 85 93 86 06 FD
85 04 6D 35 AA 85 E3 97 54 FF 52 94 61 14 63 50
3A 03 B3 84 49 41 A2 94 83 46 04 00 29 46 4A 85
93 86 06 FD 05 04 59 35 AA 85 E3 17 94 FE F2 40
62 44 D2 44 42 49 B2 49 22 4A 92 4A 2E 85 05 61
82 80 13 84 AA 00 3E 8A D9 B7 81 45 71 B7 D5 66
55 65 93 86 46 0A 13 05 85 11 01 46 93 05 30 0D
EF 10 60 02 AA 87 41 67 01 45 63 F4 E7 00 C2 07
41 45 37 07 00 01 63 F4 E7 00 21 05 A2 07 37 07
00 10 63 EC E7 00 37 07 00 40 63 F9 E7 02 13 97
27 00 63 4B 07 02 0D 05 82 80 13 97 47 00 B7 06
00 40 11 05 63 7D D7 00 9A 07 63 CF 07 00 13 97
17 00 E3 42 07 FE 13 05 00 02 82 80 3E 87 13 47
F7 FF 7D 83 3A 95 82 80 09 05 82 80 1C 41 13 F7
77 00 09 CF 93 F6 17 00 01 47 99 E6 13 F7 27 00
2D CB 85 83 1C C1 05 47 3A 85 82 80 13 97 07 01
41 83 15 E7 C1 83 93 F6 F7 0F 41 47 99 E2 61 47
A1 83 93 F6 F7 00 A1 C2 93 F6 37 00 85 C6 93 F6
17 00 99 E2 05 07 85 83 1C C1 3A 85 82 80 13 F7
F7 0F 0D C7 13 F7 F7 00 1D EF 11 47 91 83 93 F6
37 00 F1 FE 93 D6 27 00 13 F6 16 00 05 C2 B6 87
09 07 1C C1 D9 BF 11 07 91 83 D5 B7 21 47 A1 83
4D BF 89 83 09 47 1C C1 3A 85 82 80 8D 83 81 EB
13 07 00 02 51 B7 8D 83 0D 47 1C C1 7D B7 0D 07
1C C1 65 B7 7C 41 01 11 06 CE 2A 87 AE 86 89 CF
C8 43 31 C1 18 41 F2 40 D8 C3 85 47 23 26 05 00
54 C9 1C C9 05 61 82 80 2E C6 13 06 10 02 91 45
2A C4 EF 00 30 72 22 47 B2 46 AA 87 68 C3 69 F9
D5 66 55 65 93 86 46 0A 13 05 85 11 01 46 93 05
50 14 EF 00 50 6C 3A 85 71 46 85 45 36 C4 EF 00
70 6F 79 DD A2 46 F2 40 89 47 1C C5 05 47 85 47
58 C1 23 26 05 00 54 C9 1C C9 05 61 82 80 01 11
4A C8 4E C6 03 A9 05 01 83 29 06 01 26 CA 52 C4
06 CE 22 CC 2E 8A B2 84 63 47 39 01 4E 87 AE 84
CA 89 32 8A 3A 89 9C 44 CC 40 33 84 29 01 B3 A7
87 00 BE 95 01 39 63 01 05 16 93 08 45 01 13 18
24 00 46 98 C6 87 63 F7 08 01 23 A0 07 00 91 07
E3 ED 07 FF 93 05 4A 01 13 13 29 00 2E 93 63 FB
65 10 93 96 29 00 93 8E 44 01 F6 96 13 8E 54 01
33 BE C6 01 33 86 96 40 13 4E 1E 00 2D 16 09 A8
93 DF 0F 01 63 94 0F 08 91 05 91 08 63 F4 65 0E
83 AF 05 00 93 93 0F 01 93 D3 03 01 E3 82 03 FE
C6 82 F6 8F 81 44 83 A7 0F 00 03 AF 02 00 91 02
13 97 07 01 41 83 33 07 77 02 C1 83 13 19 0F 01
13 59 09 01 13 5F 0F 01 91 0F B3 87 77 02 4A 97
26 97 FA 97 13 5F 07 01 FA 97 42 07 41 83 13 9F
07 01 33 67 EF 00 23 AE E2 FE 93 D4 07 01 E3 EC
DF FA 81 47 63 04 0E 00 93 77 C6 FF C6 97 C4 C3
83 AF 05 00 93 DF 0F 01 E3 80 0F F8 83 A7 08 00
C6 82 76 8F BE 84 81 43 03 57 0F 00 93 D9 04 01
C2 07 33 07 F7 03 C1 83 11 0F 83 A4 42 00 91 02
13 99 04 01 13 59 09 01 1E 97 4E 97 93 13 07 01
B3 E7 F3 00 23 AE F2 FE 83 57 EF FF 41 83 B3 87
F7 03 CA 97 BA 97 93 D3 07 01 E3 6F DF FA 01 47
63 04 0E 00 13 77 C6 FF 46 97 5C C3 91 05 91 08
E3 E0 65 F2 63 45 80 00 39 A0 7D 14 09 C4 83 27
C8 FF 71 18 FD DB F2 40 00 C9 62 44 D2 44 42 49
B2 49 22 4A 05 61 82 80 D5 66 55 65 93 86 46 0A
13 05 85 11 01 46 93 05 20 16 EF 00 D0 4E 01 11
22 CC 4A C8 4E C6 06 CE 93 77 36 00 32 84 AA 89
2E 89 B5 EF 09 84 2D C4 26 CA 83 A4 09 04 D9 C0
93 77 14 00 05 84 81 EB 88 40 1D C9 AA 84 93 77
14 00 05 84 F5 DB 26 86 CA 85 4E 85 09 3D 63 0D
09 00 03 27 49 00 83 A7 49 04 0A 07 BA 97 98 43
23 20 E9 00 23 A0 27 01 09 CC 2A 89 88 40 79 F5
26 86 A6 85 4E 85 E5 33 88 C0 23 20 05 00 AA 84
7D BF F2 40 62 44 D2 44 42 49 B2 49 05 61 82 80
F2 40 62 44 B2 49 4A 85 42 49 05 61 82 80 55 67
13 07 47 36 8A 07 BA 97 03 A6 C7 FF 81 46 BD 34
2A 89 8D BF 85 45 4E 85 F5 32 AA 84 19 C9 13 07
10 27 85 47 58 C9 1C C9 23 A0 A9 04 23 20 05 00
85 B7 D5 66 55 65 93 86 46 0A 13 05 85 11 01 46
93 05 50 14 EF 00 30 41 79 71 4A D0 03 A9 05 01
9C 45 52 CC 13 5A 56 40 52 99 22 D4 26 D2 4E CE
06 D6 13 04 19 00 AE 84 AA 89 CC 41 63 D6 87 00
86 07 85 05 E3 CE 87 FE 4E 85 32 C6 61 32 32 46
5D C9 93 05 45 01 63 5E 40 01 13 07 5A 00 0A 07
2A 97 AE 87 91 07 23 AE 07 FE E3 9D E7 FE 0A 0A
D2 95 03 A8 04 01 93 87 44 01 7D 8A 0A 08 3E 98
25 C6 13 03 00 02 33 03 C3 40 AE 88 81 46 98 43
91 08 91 07 33 17 C7 00 55 8F 23 AE E8 FE 83 A6
C7 FF B3 D6 66 00 E3 E4 07 FF 93 87 54 01 01 47
63 67 F8 00 33 08 98 40 2D 18 13 77 C8 FF BA 95
D4 C1 91 E2 4A 84 D8 40 83 A7 49 04 B2 50 0A 07
BA 97 98 43 00 C9 22 54 98 C0 84 C3 02 59 92 54
F2 49 62 4A 45 61 82 80 98 43 91 07 91 05 23 AE
E5 FE E3 F9 07 FD 98 43 91 07 91 05 23 AE E5 FE
E3 E4 07 FF C1 B7 D5 66 55 65 93 86 46 0A 13 05
85 11 01 46 93 05 E0 1D EF 00 F0 30 18 49 9C 49
2A 86 33 05 F7 40 63 17 F7 02 8A 07 51 06 D1 05
BE 95 B2 97 19 A0 63 7F F6 00 83 A6 C7 FF 03 A7
C5 FF F1 17 F1 15 E3 88 E6 FE 05 45 63 F4 E6 00
7D 55 82 80 82 80 98 49 1C 4A 01 11 06 CE 2E 8F
B3 08 F7 40 63 19 F7 02 93 96 27 00 D1 05 13 07
46 01 B3 87 D5 00 36 97 19 A0 63 FF F5 10 03 A8
C7 FF 83 26 C7 FF F1 17 71 17 E3 08 D8 FE 63 70
D8 12 85 48 39 A0 E3 CE 08 FE B2 87 81 48 2E 86
3E 8F 4C 42 7A C6 46 C4 32 C2 2D 30 12 46 A2 48
32 4F 63 0D 05 10 03 28 06 01 83 2F 0F 01 93 02
46 01 13 17 28 00 8A 0F 13 06 4F 01 93 03 45 01
23 26 15 01 33 83 E2 00 B2 9F 96 8E 1E 8E 81 48
03 A7 0E 00 14 42 11 0E 93 17 07 01 93 95 06 01
C1 83 C1 81 8D 8F C6 97 C1 82 41 83 15 8F 93 D6
07 41 36 97 C2 07 C1 83 93 16 07 01 D5 8F 11 06
23 2E FE FE 91 0E 93 58 07 41 E3 63 F6 FD 93 06
5F 01 01 47 63 E7 DF 00 B3 8F EF 41 AD 1F 13 F7
CF FF B3 8E E2 00 91 0E 1E 97 33 8E 53 40 76 86
13 0F 47 00 63 FF 6E 02 14 42 B3 05 C6 01 11 06
13 97 06 01 41 83 46 97 B3 87 16 01 41 87 C1 82
36 97 C2 07 C1 83 93 16 07 01 D5 8F 9C C1 93 58
07 41 E3 6B 66 FC 13 07 F3 FF 33 07 D7 41 71 9B
7A 97 91 E7 83 27 C7 FF 71 17 7D 18 E5 DF F2 40
23 28 05 01 05 61 82 80 81 45 EF F0 AF F3 01 CD
F2 40 85 47 23 2A 05 00 1C C9 05 61 82 80 B2 87
7A 86 3E 8F FD B5 D5 66 55 65 93 86 46 0A 13 05
85 11 01 46 93 05 70 23 EF 00 F0 15 D5 66 55 65
93 86 46 0A 13 05 85 11 01 46 93 05 50 24 EF 00
90 14 B7 07 F0 7F FD 8D B7 07 C0 FC BE 95 81 47
63 54 B0 00 3E 85 82 80 B3 05 B0 40 D1 85 CD 47
63 C9 B7 00 B7 07 08 00 B3 D5 B7 40 81 47 3E 85
82 80 B1 15 79 47 85 47 63 46 B7 00 B7 07 00 80
B3 D7 B7 00 81 45 3E 85 82 80 79 71 22 D4 00 49
26 D2 93 04 45 01 0A 04 26 94 4A D0 03 29 C4 FF
4E CE 2E C6 4A 85 06 D6 75 38 B2 45 13 07 00 02
B3 07 A7 40 9C C1 A9 47 93 09 C4 FF 63 DA A7 06
13 06 55 FF 63 FD 34 03 83 27 84 FF 29 C6 B3 06
C7 40 33 D7 D7 00 33 19 C9 00 33 69 E9 00 B3 97
C7 00 37 07 F0 3F 13 06 84 FF 33 67 E9 00 63 F8
C4 02 03 26 44 FF B3 56 D6 00 D5 8F 0D A0 AD 47
63 0A F5 00 33 19 C9 00 37 07 F0 3F 33 67 E9 00
81 47 31 A0 81 47 37 07 F0 3F 33 67 E9 00 B2 50
22 54 92 54 02 59 F2 49 3E 85 BA 85 45 61 82 80
AD 46 89 8E B7 07 F0 3F 33 57 D9 00 5D 8F 81 47
63 F6 34 01 83 27 84 FF B3 D7 D7 00 55 05 33 19
A9 00 B3 67 F9 00 E1 B7 39 71 4A D8 2E 89 85 45
4E D6 52 D4 32 C6 06 DE 22 DC 26 DA 36 8A BA 89
EF F0 4F DC 32 46 4D C5 13 54 46 01 37 07 10 00
93 07 F7 FF 13 74 F4 7F AA 84 7D 8E 11 C0 59 8E
32 CE 63 10 09 04 68 08 15 38 F2 46 05 49 23 A8
24 01 D4 C8 13 07 05 02 29 CC 13 04 D4 BC 3A 94
93 07 50 03 23 20 8A 00 33 85 E7 40 F2 50 62 54
23 A0 A9 00 42 59 B2 59 22 5A 26 85 D2 54 21 61
82 80 28 08 4A CC EF F0 6F FF F2 46 62 46 2A 87
09 C9 93 07 00 02 89 8F B3 97 F6 00 5D 8E B3 D6
A6 00 33 39 D0 00 05 09 D0 C8 94 CC 23 A8 24 01
4D F4 93 16 29 00 A6 96 88 4A 13 07 E7 BC 23 20
EA 00 EF F0 2F F5 93 17 59 00 33 85 A7 40 79 BF
D5 66 55 65 93 86 46 0A 13 05 85 11 01 46 93 05
F0 30 91 2F 79 71 4A D0 2E 89 2C 00 06 D6 22 D4
26 D2 4E CE AA 89 91 35 AA 84 2E 84 4A 85 6C 00
2D 3D 83 A7 09 01 03 26 09 01 22 47 B2 46 91 8F
96 07 15 8F BA 97 63 51 F0 02 D2 07 3E 94 2A 86
AE 86 26 85 A2 85 EF 80 6F EB B2 50 22 54 92 54
02 59 F2 49 45 61 82 80 D2 07 9D 8D CD B7 41 11
4A C0 06 C6 DD 47 2A 89 63 DD A7 02 59 67 22 C4
26 C2 83 27 07 E1 83 25 47 E1 03 A4 01 94 83 A4
41 94 3E 85 22 86 A6 86 EF 80 BF D5 7D 19 AA 87
E3 19 09 FE 22 44 B2 40 92 44 02 49 3E 85 41 01
82 80 55 67 13 19 35 00 13 07 07 3C 4A 97 1C 43
B2 40 4C 43 02 49 3E 85 41 01 82 80 14 4A FD 15
95 85 85 05 8A 06 93 07 46 01 8A 05 BE 96 AA 95
63 F0 D7 02 2A 87 03 A8 07 00 91 07 11 07 23 2E
07 FF E3 EA D7 FE 91 8E AD 16 F1 9A 11 05 36 95
63 77 B5 00 11 05 23 2E 05 FE E3 6D B5 FE 82 80
18 49 13 D6 55 40 93 06 45 01 63 5D C7 00 0A 07
B3 87 E6 00 63 F8 F6 02 03 A7 C7 FF F1 17 7D DB
05 45 82 80 93 17 26 00 B6 97 E3 55 E6 FE FD 89
F5 D1 90 43 05 45 33 57 B6 00 33 17 B7 00 E3 0B
E6 FC 82 80 01 45 82 80 63 80 05 16 01 11 22 CC
26 CA 2E 84 06 CE AA 84 32 C0 EF 90 BF DE 82 45
59 47 93 87 B5 00 63 71 F7 0E E1 9B BE 86 13 D7
F7 01 63 EF B7 14 63 1D 07 14 03 26 C4 FF 13 08
84 FF 13 77 C6 FF 63 5C D7 0C 55 6E 13 0E 0E 72
83 28 8E 00 33 03 E8 00 03 25 43 00 63 83 68 14
93 78 E5 FF 9A 98 83 A8 48 00 93 F8 18 00 63 93
08 0E 71 99 B3 08 A7 00 63 DC D8 08 05 8A 0D E2
83 2E 84 FF B3 0E D8 41 03 A6 4E 00 71 9A 32 95
B3 08 E5 00 63 D5 D8 22 B3 08 C7 00 63 D3 D8 1C
26 85 3A C4 42 C2 3E C0 EF 90 AF F4 82 47 12 48
22 47 AA 86 63 08 05 2E 03 26 C4 FF 93 05 85 FF
79 9A 42 96 63 0E B6 16 13 06 C7 FF 93 07 40 02
63 E1 C7 1E 4D 47 63 6A C7 16 AA 87 22 87 10 43
90 C3 50 43 D0 C3 18 47 98 C7 A2 85 26 85 36 C0
EF A0 3F C7 26 85 EF 90 1F D1 82 46 F2 40 62 44
D2 44 36 85 05 61 82 80 C1 46 B6 87 01 47 15 B7
83 26 C3 00 03 26 83 00 46 87 54 C6 90 C6 83 26
48 00 33 05 F7 40 BD 45 85 8A 33 06 E8 00 63 E0
A5 04 D9 8E 23 22 D8 00 5C 42 93 E7 17 00 5C C2
26 85 EF 90 5F CC A2 86 F2 40 62 44 D2 44 36 85
05 61 82 80 05 8A 29 F6 83 2E 84 FF B3 0E D8 41
03 A6 4E 00 71 9A 0D BF B2 85 6F 90 8F E8 DD 8E
23 22 D8 00 B3 05 F8 00 13 65 15 00 C8 C1 5C 42
A1 05 26 85 93 E7 17 00 5C C2 EF A0 9F BD 4D BF
B1 47 9C C0 81 46 F2 40 62 44 D2 44 36 85 05 61
82 80 71 99 B3 08 E5 00 13 83 07 01 63 DF 68 18
05 8A E3 17 06 EE 83 2E 84 FF B3 0E D8 41 03 A6
4E 00 71 9A 32 95 B3 08 E5 00 E3 C7 68 EC 83 A6
CE 00 83 A5 8E 00 13 06 C7 FF 13 07 40 02 D4 C5
8C C6 93 86 8E 00 63 6B C7 1E CD 45 36 87 63 FE
C5 00 0C 40 6D 47 23 A4 BE 00 4C 40 23 A6 BE 00
63 69 C7 20 21 04 13 87 0E 01 10 40 10 C3 50 40
50 C3 10 44 10 C7 33 86 FE 00 33 87 F8 40 23 24
CE 00 13 67 17 00 58 C2 03 A7 4E 00 26 85 36 C0
05 8B D9 8F 23 A2 FE 00 EF 90 FF BC 82 46 29 B7
83 26 C5 FF F1 9A 36 97 D9 BD 0C 40 6D 47 0C C1
4C 40 4C C1 63 63 C7 0C 13 07 84 00 93 07 85 00
BD BD 83 A6 CE 00 83 A5 8E 00 13 06 C7 FF 13 05
40 02 D4 C5 8C C6 93 86 8E 00 63 6B C5 0A CD 45
36 87 63 FE C5 00 0C 40 6D 47 23 A4 BE 00 4C 40
23 A6 BE 00 63 6C C7 0E 21 04 13 87 0E 01 10 40
10 C3 50 40 50 C3 10 44 10 C7 36 84 46 87 76 88
BD B5 A2 85 2A C0 EF D0 8F FB 82 46 3D B5 83 26
C3 00 83 25 83 00 13 06 C7 FF 13 05 40 02 D4 C5
8C C6 03 A7 CE 00 83 A6 8E 00 13 88 8E 00 D8 C6
14 C7 63 68 C5 08 CD 46 42 87 63 FE C6 00 14 40
6D 47 23 A4 DE 00 54 40 23 A6 DE 00 63 62 C7 0C
21 04 13 87 0E 01 14 40 14 C3 54 40 54 C3 14 44
14 C7 42 84 46 87 76 88 19 B5 18 44 18 C5 58 44
58 C5 63 06 F6 08 13 07 04 01 93 07 05 01 45 BB
36 85 A2 85 76 C6 3E C4 46 C2 36 C0 EF D0 2F F3
B2 4E A2 47 92 48 82 46 8D B7 3E 98 33 87 F8 40
23 24 0E 01 13 67 17 00 23 22 E8 00 03 27 C4 FF
26 85 05 8B D9 8F 23 2E F4 FE EF 90 DF A9 A2 86
E1 BB 42 85 A2 85 76 C6 3E C4 46 C2 42 C0 EF D0
0F EF 02 48 92 48 A2 47 B2 4E 61 B7 18 44 23 A8
EE 00 58 44 23 AA EE 00 63 02 A6 06 41 04 13 87
8E 01 F5 BD 26 85 EF 90 1F A6 81 46 ED B3 10 48
13 07 84 01 93 07 85 01 10 C9 50 48 50 C9 05 B3
14 44 13 07 40 02 23 A8 DE 00 54 44 23 AA DE 00
63 0F E6 04 41 04 13 87 8E 01 35 B7 36 85 A2 85
76 C6 3E C4 46 C2 36 C0 EF D0 6F E8 D5 67 13 8E
07 72 B2 4E A2 47 92 48 82 46 31 BD 10 48 13 87
0E 02 61 04 23 AC CE 00 03 26 C4 FF 23 AE CE 00
79 B5 0C 44 13 07 40 02 23 A8 BE 00 4C 44 23 AA
BE 00 63 01 E6 02 41 04 13 87 8E 01 F9 BB 14 48
13 87 0E 02 61 04 23 AC DE 00 83 26 C4 FF 23 AE
DE 00 D1 B5 10 48 13 87 0E 02 23 AC CE 00 50 48
61 04 23 AE CE 00 55 BB 15 C2 D5 65 01 11 93 85
85 17 32 85 22 CC 06 CE 32 84 79 20 D5 67 19 E9
13 85 47 17 F2 40 62 44 05 61 82 80 D5 67 13 85
47 17 82 80 93 85 47 17 22 85 3E C6 B5 20 B2 47
65 D1 D5 65 22 85 93 85 05 19 B9 28 B2 47 69 D9
01 45 C9 BF D9 67 03 C5 07 DA 82 80 95 C1 01 11
22 CC 2E 85 2E 84 D5 65 93 85 85 17 06 CE 2D 28
D5 67 19 E9 13 85 47 17 F2 40 62 44 05 61 82 80
D5 67 13 85 47 17 82 80 93 85 47 17 22 85 3E C6
21 28 B2 47 65 D1 D5 65 22 85 93 85 05 19 29 20
B2 47 69 D9 01 45 C9 BF 33 67 B5 00 FD 53 0D 8B
79 E7 B7 87 7F 7F 93 87 F7 F7 10 41 94 41 B3 72
F6 00 33 63 F6 00 BE 92 B3 E2 62 00 63 97 72 0C
63 18 D6 06 50 41 D4 41 B3 72 F6 00 33 63 F6 00
BE 92 B3 E2 62 00 63 98 72 0A 63 1B D6 04 10 45
94 45 B3 72 F6 00 33 63 F6 00 BE 92 B3 E2 62 00
63 91 72 0A 63 1E D6 02 50 45 D4 45 B3 72 F6 00
33 63 F6 00 BE 92 B3 E2 62 00 63 9A 72 08 63 11
D6 02 10 49 94 49 B3 72 F6 00 33 63 F6 00 BE 92
B3 E2 62 00 63 93 72 08 51 05 D1 05 E3 0F D6 F6
13 17 06 01 93 97 06 01 63 1C F7 00 13 57 06 01
93 D7 06 01 33 05 F7 40 93 75 F5 0F 91 E9 82 80
41 83 C1 83 33 05 F7 40 93 75 F5 0F 91 E1 82 80
13 77 F7 0F 93 F7 F7 0F 33 05 F7 40 82 80 03 46
05 00 83 C6 05 00 05 05 85 05 63 13 D6 00 65 FA
33 05 D6 40 82 80 11 05 91 05 E3 12 D6 FE 01 45
82 80 21 05 A1 05 E3 1C D6 FC 01 45 82 80 31 05
B1 05 E3 16 D6 FC 01 45 82 80 41 05 C1 05 E3 10
D6 FC 01 45 82 80 83 A7 C1 97 41 11 32 88 06 C6
2A 83 2E 87 C8 47 36 86 63 0C 08 00 D5 67 93 87
47 18 D5 65 9A 86 93 85 45 19 B1 22 EF 10 E0 06
D5 67 93 87 07 19 3E 88 ED B7 41 11 B2 86 01 46
06 C6 D1 37 B3 B7 C5 02 01 11 06 CE B3 85 C5 02
A5 EF EF 90 0F 99 AA 87 25 CD 03 26 C5 FF 93 06
40 02 71 9A 71 16 63 EF C6 02 CD 45 2A 87 63 F1
C5 02 23 20 05 00 23 22 05 00 6D 47 63 7D C7 02
23 24 05 00 23 26 05 00 13 07 05 01 63 07 D6 04
23 20 07 00 23 22 07 00 23 24 07 00 F2 40 3E 85
05 61 82 80 81 45 2A C6 EF A0 EF A9 B2 47 F2 40
3E 85 05 61 82 80 13 07 85 00 23 20 07 00 23 22
07 00 23 24 07 00 D9 BF EF A0 2F 9E B1 47 1C C1
F2 40 81 47 3E 85 05 61 82 80 23 28 05 00 23 2A
05 00 13 07 85 01 6D B7 D9 67 83 A7 C7 D5 82 87
99 C9 1D C6 95 CA 83 47 06 00 9C C1 03 45 06 00
33 35 A0 00 82 80 41 11 6C 00 09 CE 85 C2 83 47
06 00 9C C1 03 45 06 00 33 35 A0 00 41 01 82 80
01 45 82 80 01 45 DD BF 79 55 82 80 79 55 FD B7
D9 67 83 A7 87 D5 82 87 91 CD 93 07 F0 0F 63 E6
C7 00 23 80 C5 00 05 45 82 80 93 07 A0 08 1C C1
7D 55 82 80 01 45 82 80 39 71 13 03 C1 02 36 D6
9A 86 06 CE 3A D8 3E DA 42 DC 46 DE 1A C6 15 28
F2 40 21 61 82 80 39 71 AA 8E 03 A5 C1 97 2E 8E
13 03 81 02 32 D4 36 D6 F6 85 72 86 9A 86 06 CE
3A D8 3E DA 42 DC 46 DE 1A C6 21 20 F2 40 21 61
82 80 69 71 23 22 91 12 23 2E 31 11 23 2C 41 11
23 2A 51 11 23 26 11 12 23 24 81 11 AA 8A B2 84
36 8A AE 89 01 C5 5C 59 E3 89 07 40 03 97 C9 00
83 A7 49 06 09 66 93 16 27 01 63 CA 06 00 F9 76
FD 16 51 8F F5 8F 23 96 E9 00 23 A2 F9 06 13 97
27 01 E3 41 07 5C 83 97 C9 00 13 F7 87 00 63 0B
07 1A 03 A7 09 01 63 07 07 1A E9 8B 29 47 63 8F
E7 1A 23 22 91 11 D5 6C 23 28 61 11 23 26 71 11
13 0B C1 04 D5 6B 13 87 CC 58 23 20 21 13 23 24
81 12 23 20 A1 11 EE DF 82 C4 82 C2 DA C0 DA 87
3A C6 93 8B 8B 6F 02 C8 02 D0 02 D2 01 4C 41 49
03 C7 04 00 26 84 93 06 B7 FD 95 CE 0D CF A2 8C
03 47 14 00 05 04 01 C7 93 06 B7 FD ED FA 33 0D
94 40 63 02 94 02 A6 46 16 47 84 C3 EA 96 05 07
23 A2 A7 01 B6 C4 BA C2 9D 46 A1 07 63 C7 E6 16
03 C7 1C 00 6A 9C 63 0A 07 16 83 46 14 00 93 04
14 00 A3 0D 01 02 7D 54 81 4C 01 4D 93 0D A0 05
85 04 13 87 06 FE 63 EB ED 02 32 46 0A 07 32 97
18 43 02 87 13 87 06 FD 81 4C A5 45 13 96 2C 00
83 C6 04 00 B2 9C 86 0C BA 9C 13 87 06 FD 85 04
E3 F6 E5 FE 13 87 06 FE E3 F9 ED FC 63 8F 06 10
05 43 23 06 D1 08 A3 0D 01 02 1A 88 01 44 93 0D
C1 08 A6 45 16 46 93 78 4D 08 AE 86 32 87 63 96
08 04 33 8E 0C 41 63 41 C0 7F 03 46 B1 03 31 C2
81 48 81 4E 13 06 B1 03 90 C3 85 06 05 46 05 07
D0 C3 B6 C4 BA C2 1D 46 A1 07 63 4D E6 10 63 8E
0E 00 70 18 90 C3 89 06 09 46 05 07 D0 C3 B6 C4
BA C2 1D 46 A1 07 63 4F E6 72 13 06 00 08 63 83
C8 5E 33 04 64 40 63 40 80 68 9A 96 05 07 23 A0
B7 01 23 A2 67 00 B6 C4 BA C2 1D 46 A1 07 63 47
E6 6E 13 7D 4D 00 63 06 0D 00 33 84 0C 41 63 45
80 0E 63 D3 0C 01 C2 8C 66 9C 63 95 06 6E 82 C2
DA 87 7D B5 83 C6 04 00 21 B7 83 C6 04 00 13 6D
0D 02 FD BD CE 85 56 85 EF 90 BF C6 E3 1C 05 3E
83 97 C9 00 29 47 E9 8B E3 95 E7 E4 83 97 E9 00
E3 C1 07 E4 83 20 C1 12 03 2C 81 10 D2 86 26 86
03 2A 81 11 83 24 41 12 CE 85 56 85 83 29 C1 11
83 2A 41 11 55 61 6F 00 30 41 90 00 CE 85 56 85
EF C0 6F F2 11 E5 DA 87 61 B5 A6 47 E3 98 07 28
83 D7 C9 00 03 24 81 12 03 29 01 12 93 F7 07 04
03 2B 01 11 83 2B C1 10 83 2C 41 10 03 2D 01 10
FE 5D E3 91 07 38 83 20 C1 12 83 24 41 12 83 29
C1 11 03 2A 81 11 83 2A 41 11 62 85 03 2C 81 10
55 61 82 80 90 00 CE 85 56 85 1A D4 46 CE 76 CC
42 CA EF C0 4F EC 4D F5 A6 46 16 47 22 53 F2 48
E2 4E 52 48 DA 87 E1 B5 41 4D 16 47 D5 68 E3 5E
8D 32 26 CC 9D 4D 42 CA 93 84 88 70 21 A0 41 14
63 58 8D 02 C1 06 05 07 84 C3 23 A2 A7 01 B6 C4
BA C2 A1 07 E3 D5 ED FE 90 00 CE 85 56 85 EF C0
8F E7 39 FD 41 14 A6 46 16 47 DA 87 E3 4C 8D FC
A6 88 52 48 E2 44 A2 96 05 07 23 A0 17 01 C0 C3
B6 C4 BA C2 9D 47 E3 DE E7 EA 90 00 CE 85 56 85
42 CA EF C0 4F E4 0D F5 A6 46 52 48 5D B5 13 77
0D 02 79 E7 13 77 0D 01 83 28 0A 00 93 05 4A 00
63 16 07 6C 13 77 0D 04 E3 0A 07 12 C2 08 93 D8
08 41 93 D6 F8 41 2E 8A 36 86 63 4E 06 0A 63 4B
04 0C 13 7D FD F7 79 E4 33 E7 D8 00 61 E7 03 47
B1 03 01 43 01 44 93 0D 01 0F 63 0F 07 18 05 48
A6 46 16 47 93 78 4D 08 B6 85 3A 86 E3 83 08 DC
81 4E C9 BB 83 2D 0A 00 A3 0D 01 02 11 0A E3 87
0D 0A 3E CA 63 49 04 7A 22 86 81 45 6E 85 EF C0
9F D7 03 47 B1 03 D2 47 E3 04 05 22 33 03 B5 41
13 48 F3 FF 13 58 F8 41 33 78 03 01 63 04 07 7A
05 08 01 44 75 B7 03 27 0A 00 05 43 A3 0D 01 02
23 06 E1 08 11 0A 1A 88 01 44 93 0D C1 08 91 BB
13 77 0D 02 93 05 4A 00 13 6D 0D 01 63 08 07 60
13 07 7A 00 61 9B 50 43 83 28 07 00 13 0A 87 00
B2 86 E3 56 06 F4 33 37 10 01 B3 06 D0 40 99 8E
13 07 D0 02 A3 0D E1 02 B3 08 10 41 63 44 04 00
13 7D FD F7 63 96 06 10 25 47 63 63 17 11 93 88
08 03 A3 07 11 0F 22 88 63 43 80 00 05 48 03 47
B1 03 63 10 07 58 05 43 93 0D F1 0E DD B1 83 2C
0A 00 63 D3 0C 56 B3 0C 90 41 11 0A 83 C6 04 00
13 6D 4D 00 B5 B9 13 07 B0 02 83 C6 04 00 A3 0D
E1 02 BD B1 13 77 0D 02 13 68 0D 01 93 05 4A 00
63 09 07 56 93 06 7A 00 E1 9A 98 42 D0 42 13 8A
86 00 A3 0D 01 02 13 7D F8 BF 63 46 04 44 13 7D
F8 B7 63 12 04 44 B3 66 C7 00 63 9E 06 42 13 78
18 00 63 0D 08 5E 13 07 00 03 A3 07 E1 0E 42 83
93 0D F1 0E BD B1 83 C6 04 00 13 07 80 06 63 89
E6 74 13 6D 0D 04 29 B1 13 77 0D 02 93 05 4A 00
13 6D 0D 01 05 EB A3 0D 01 02 83 28 0A 00 81 46
2E 8A E3 4B 04 F2 13 7D FD F7 0D F4 33 E7 D8 00
15 F3 01 43 93 0D 01 0F 01 48 25 B1 13 77 0D 02
63 07 07 50 13 07 7A 00 61 9B A3 0D 01 02 83 28
07 00 54 43 13 0A 87 00 E3 57 04 FC E3 8E 06 EE
37 D8 CC CC 37 D3 CC CC 13 08 D8 CC 13 03 C3 CC
13 7E 0D 40 01 45 8C 19 95 A0 42 47 03 47 07 00
63 16 A7 00 13 07 17 F0 63 18 07 68 C6 8E 36 86
EE 85 33 87 D8 00 33 3F 17 01 7A 97 33 3F 07 03
93 5F 2F 00 13 7F CF FF 7E 9F 33 07 E7 41 33 87
E8 40 B3 B8 E8 00 B3 86 16 41 33 0F 67 02 B3 86
06 03 B3 38 07 03 FA 96 33 07 07 03 C6 96 93 98
F6 01 85 82 05 83 BA 98 E3 00 06 02 33 87 D8 00
33 36 17 01 3A 96 B3 3E 06 03 05 05 93 8D F5 FF
13 DF 2E 00 93 FE CE FF FA 9E 33 06 D6 41 33 86
C8 40 B3 BE C8 00 B3 8E D6 41 33 3F 06 03 B3 8E
0E 03 33 06 06 03 FA 9E FE 0E 05 82 76 96 93 1E
26 00 76 96 06 06 33 86 C8 40 13 06 06 03 A3 8F
C5 FE E3 14 0E F4 C6 8E 36 86 EE 85 A9 BF 56 85
3E CA EF C0 DF BF 5C 41 3E 85 3E D2 EF 90 BF CE
2A D0 56 85 EF C0 BF BE 1C 45 02 57 83 C6 04 00
3E C8 D2 47 E3 06 07 AA 42 47 E3 03 07 AA 03 47
07 00 E3 0F 07 A8 13 6D 0D 40 59 BC 83 C6 04 00
13 6D 0D 08 71 B4 83 C6 04 00 13 07 A0 02 93 85
14 00 63 82 E6 7A 13 87 06 FD 25 45 01 44 63 60
E5 02 13 16 24 00 83 C6 05 00 32 94 06 04 3A 94
13 87 06 FD 85 05 E3 76 E5 FE 63 47 04 42 AE 84
89 BC 83 C6 04 00 13 6D 1D 00 99 B4 03 47 B1 03
83 C6 04 00 E3 1E 07 A2 13 07 00 02 A3 0D E1 02
05 BC 21 67 13 07 07 83 23 1E E1 02 A3 0D 01 02
03 27 0A 00 93 06 4A 00 01 46 63 4E 04 38 13 7D
FD F7 13 6D 2D 00 63 13 07 74 63 11 04 74 36 8A
01 43 01 48 93 0D 01 0F A6 45 16 46 93 78 4D 08
09 08 AE 86 32 87 E3 9E 08 A6 33 8E 0C 41 E3 5A
C0 A7 89 4E 1D A4 13 77 0D 02 63 1C 07 34 93 76
0D 01 03 27 0A 00 93 05 4A 00 63 9B 06 2C 93 76
0D 04 63 88 06 52 42 07 41 83 2E 8A 6A 88 01 46
8D B3 13 77 0D 02 93 06 4A 00 63 18 07 2C 13 77
0D 01 63 16 07 4E 13 77 0D 04 63 15 07 54 13 7D
0D 20 63 0E 0D 4C 03 27 0A 00 36 8A 23 00 87 01
05 B2 83 C6 04 00 13 07 C0 06 63 84 E6 4A 13 6D
0D 01 BD B2 B3 88 0C 41 E3 5D 10 A1 41 4E D5 6E
63 59 1E 67 22 CC 26 D4 1D 4F 42 CA 46 84 1A CE
93 84 8E 6F 21 A0 41 14 63 5B 8E 02 C1 06 05 07
84 C3 23 A2 C7 01 B6 C4 BA C2 A1 07 E3 55 EF FE
90 00 CE 85 56 85 EF C0 0F 9A E3 13 05 A8 41 4E
41 14 A6 46 16 47 DA 87 1D 4F E3 49 8E FC A2 88
A6 8E 52 48 62 44 72 43 A2 54 C6 96 05 07 23 A0
D7 01 23 A2 17 01 B6 C4 BA C2 1D 46 A1 07 E3 52
E6 9A 90 00 CE 85 56 85 1A CC 42 CA EF C0 AF 95
E3 10 05 A4 62 43 A6 46 16 47 33 04 64 40 52 48
DA 87 E3 54 80 98 D5 6E 93 8E 8E 6F 63 56 89 04
9D 48 42 CA 1A CC 5E CE 21 A0 41 14 63 5B 89 02
C1 06 05 07 23 A0 77 01 23 A2 27 01 B6 C4 BA C2
A1 07 E3 D4 E8 FE 90 00 CE 85 56 85 EF C0 AF 90
E3 18 05 9E 41 14 A6 46 16 47 DA 87 9D 48 E3 49
89 FC 52 48 62 43 F2 4E A2 96 05 07 23 A0 D7 01
C0 C3 B6 C4 BA C2 1D 46 A1 07 E3 50 E6 92 90 00
CE 85 56 85 1A CC 42 CA EF C0 EF 8C E3 1A 05 9A
A6 46 16 47 62 43 52 48 DA 87 01 B2 90 00 CE 85
56 85 42 CA EF C0 2F 8B E3 1C 05 98 A6 46 52 48
DA 87 01 B2 90 00 CE 85 56 85 EF C0 CF 89 E3 08
05 90 BD BA 90 00 CE 85 56 85 1A CE 46 CC 42 CA
EF C0 6F 88 E3 16 05 96 A6 46 16 47 72 43 E2 48
52 48 DA 87 5D B0 93 0D 01 0F 93 15 D6 01 93 76
77 00 0D 83 6E 85 2E 97 93 86 06 03 0D 82 B3 65
C7 00 A3 8F DD FE FD 1D ED F1 93 86 06 FD 81 C6
13 77 1D 00 5D EF 98 19 33 03 B7 41 22 88 E3 5A
64 80 1A 88 6F F0 FF 80 81 4E C1 4F AE 86 32 87
D5 68 63 D6 CF 4B 22 CE 26 D6 1D 4F 42 CA 76 CC
72 84 1A D4 93 84 88 70 21 A0 41 14 63 DB 8F 02
C1 06 05 07 84 C3 23 A2 F7 01 B6 C4 BA C2 A1 07
E3 55 EF FE 90 00 CE 85 56 85 EF B0 DF FE E3 19
05 8C C1 4F 41 14 A6 46 16 47 DA 87 1D 4F E3 C9
8F FC 22 8E A6 88 52 48 E2 4E 72 44 22 53 B2 54
F2 96 05 07 B6 C4 BA C2 23 A0 17 01 23 A2 C7 01
1D 46 63 4B E6 1E 03 46 B1 03 A1 07 05 E2 63 82
0E FE 81 48 6F F0 EF FB 83 C6 04 00 11 0A 6F F0
2F F2 05 08 05 43 93 0D F1 0E 5D B2 81 48 6F F0
6F F8 79 15 13 07 00 03 94 19 33 83 A6 40 A3 8F
ED FE 22 88 63 53 64 00 1A 88 AA 8D 6F F0 6F F4
6A 88 03 27 0A 00 01 46 2E 8A 61 BC 83 28 0A 00
2E 8A 93 D6 F8 41 36 86 89 B2 03 27 0A 00 13 56
FC 41 36 8A 23 20 87 01 50 C3 6F F0 6F E6 13 78
0D 01 83 28 0A 00 93 05 4A 00 E3 1E 08 AA 13 77
0D 04 63 0C 07 12 C2 08 A3 0D 01 02 93 D8 08 01
81 46 63 4F 04 12 13 7D FD F7 63 1B 04 12 33 E7
D8 00 63 17 07 12 2E 8A 01 43 93 0D 01 0F 6F F0
4F ED 6A 88 05 B4 55 65 13 6D 2D 00 36 8A 13 05
05 06 89 45 93 0D 01 0F 93 76 F7 00 AA 96 83 C6
06 00 13 18 C6 01 11 83 42 97 11 82 A3 8F DD FE
B3 66 C7 00 FD 1D ED F2 98 19 33 03 B7 41 22 88
63 53 64 00 1A 88 E3 91 05 C4 A1 A8 01 43 01 44
93 0D 01 0F 6F F0 EF E7 7D 54 AE 84 6F F0 6F E2
55 65 13 77 0D 02 13 05 45 07 2D C3 13 06 7A 00
61 9A 18 42 13 0A 86 00 50 42 93 75 1D 00 33 68
C7 00 99 C1 63 12 08 0E A3 0D 01 02 63 42 04 0A
13 7D FD B7 63 17 04 30 63 15 08 30 01 43 93 0D
01 0F A6 46 16 47 93 78 4D 08 B6 85 3A 86 63 8A
08 E2 03 46 B1 03 81 4E 63 1E 06 E2 6F F0 EF E6
55 65 13 77 0D 02 13 05 05 06 4D F3 13 76 0D 01
03 27 0A 00 11 0A 39 EA 13 76 0D 04 21 C6 42 07
41 83 01 46 59 BF 6E 85 EF 90 EF FB 03 47 B1 03
13 48 F5 FF 13 58 F8 41 D2 47 2A 83 33 78 05 01
E3 10 07 86 01 44 6F F0 CF DC 13 77 0D 20 A3 0D
01 02 63 07 07 14 93 F8 F8 0F 81 46 E3 55 04 EC
2E 8A 4D B0 13 76 0D 20 63 13 06 12 01 46 B1 B7
13 7D FD BF 81 45 F9 BD 90 00 CE 85 56 85 1A CE
76 CC 42 CA EF B0 3F DB AA 88 63 1B 05 E8 83 47
B1 03 A6 46 16 47 52 48 E2 4E 72 43 CD E7 DA 87
63 99 0E DA 6F F0 EF DC A3 0E D1 02 93 06 00 03
A3 0D 01 02 23 0E D1 02 63 46 04 0A 13 7D FD B7
13 6D 2D 00 89 45 79 B5 ED EA 25 47 63 67 17 0F
98 19 33 03 B7 41 22 88 03 47 B1 03 63 53 64 00
1A 88 33 37 E0 00 3A 98 ED BD EF 80 3F C8 6F F0
EF BE 83 C6 14 00 13 6D 0D 02 85 04 6F F0 4F CC
83 C6 14 00 13 6D 0D 20 85 04 6F F0 6F CB 03 27
0A 00 36 8A 23 20 87 01 6F F0 8F C4 19 47 22 88
63 68 87 04 D5 6D 93 8D 8D 08 42 83 01 44 6F F0
4F CE 93 76 0D 20 A5 C2 13 77 F7 0F 2E 8A 6A 88
01 46 6F F0 1F 83 DA 87 6F F0 CF CE 13 77 0D 20
0D CB E2 08 93 D8 88 41 93 D6 F8 41 2E 8A 36 86
6F F0 AF EC 13 7D FD BF 13 6D 2D 00 89 45 DD B3
3A 88 4D BF 03 27 0A 00 36 8A 23 10 87 01 6F F0
2F BE 93 D6 F8 41 2E 8A 36 86 6F F0 0F EA 13 77
F7 0F 01 46 1D B5 2E 8A 6A 88 01 46 6F F0 6F FD
81 46 2E 8A E3 51 04 D8 6F F0 0F F6 56 85 90 00
CE 85 EF B0 5F C8 6F F0 AF D6 3E CC 82 57 92 55
36 D6 B3 8E FD 40 3E 86 76 85 46 D4 72 CE 76 CA
EF C0 0F CA A2 58 B2 56 C2 47 37 D5 CC CC 33 87
D8 00 33 36 17 01 32 97 37 D6 CC CC 13 06 D6 CC
B3 35 C7 02 03 CF 17 00 13 05 C5 CC D2 4E 33 3F
E0 01 FA 97 37 D8 CC CC 37 D3 CC CC 3E C8 72 4E
13 DF 25 00 F1 99 FA 95 0D 8F 33 87 E8 40 B3 B8
E8 00 B3 86 16 41 33 05 A7 02 E2 47 93 8D FE FF
13 08 D8 CC 13 03 C3 CC B3 86 C6 02 B3 35 C7 02
AA 96 05 45 33 07 C7 02 AE 96 93 95 F6 01 85 82
05 83 B3 88 E5 00 33 87 D8 00 B3 35 17 01 2E 97
B3 35 C7 02 13 DF 25 00 F1 99 FA 95 0D 8F 33 87
E8 40 B3 B5 E8 00 B3 85 B6 40 33 3F C7 02 B3 85
C5 02 33 07 C7 02 33 86 E5 01 7E 06 05 83 32 97
13 16 27 00 32 97 06 07 33 87 E8 40 13 07 07 03
A3 8F EE FE 6F F0 6F F8 25 47 63 61 D7 FF 0D B5
05 C7 13 08 14 00 22 83 01 44 6F F0 6F D9 93 88
88 70 7D B6 7D 5C 6F F0 0F C8 93 88 88 70 6F F0
8F D0 93 8E 8E 6F D5 B2 22 83 22 88 01 44 6F F0
4F B3 81 45 85 B9 03 24 0A 00 11 0A 63 53 04 00
7D 54 83 C6 14 00 AE 84 6F F0 8F AC 55 65 36 8A
13 05 05 06 89 45 B9 B1 2A 87 03 A5 C1 97 B2 86
2E 86 BA 85 6F F0 EF 99 83 D7 C5 00 83 AE 45 06
03 DE E5 00 03 A3 C5 01 83 A8 45 02 13 01 01 B7
F5 9B 13 08 01 08 13 07 00 40 23 24 81 48 2E 84
2C 08 23 22 91 48 23 12 F1 02 23 26 11 48 02 D8
F6 DE 23 13 C1 03 1A DA 46 DE 42 CC 42 D4 3A D0
3A D6 AA 84 EF F0 EF 94 AA 87 63 57 05 02 03 57
41 02 13 77 07 04 19 C7 03 57 C4 00 13 67 07 04
23 16 E4 00 83 20 C1 48 03 24 81 48 83 24 41 48
3E 85 13 01 01 49 82 80 2A C6 2C 08 26 85 EF B0
5F D0 B2 47 69 D5 FD 57 D9 B7 41 11 19 45 06 C6
41 22 05 45 EF D0 3E ED 03 27 85 13 19 C3 01 45
82 80 01 11 93 05 00 08 06 CE 2A C6 EF 80 6F 92
B2 47 23 AC A7 12 01 CD 93 07 05 08 23 20 05 00
11 05 E3 1D F5 FE 01 45 F2 40 05 61 82 80 7D 55
E5 BF 7D 47 63 6A B7 00 03 27 85 13 11 CB 8A 05
2E 97 08 43 10 C3 82 80 59 47 18 C1 7D 55 82 80
01 11 2E C2 93 05 00 08 32 C4 06 CE 2A C6 EF 80
4F 8D B2 46 2A 87 93 05 05 08 23 AC A6 12 92 47
AA 86 22 46 7D 55 19 CB 23 A0 06 00 91 06 E3 9D
B6 FE 93 95 27 00 2E 97 08 43 10 C3 F2 40 05 61
82 80 FD 47 63 EB B7 04 83 27 85 13 01 11 06 CE
2A 87 2E 86 85 C7 93 96 25 00 B6 97 94 43 99 CE
05 45 63 89 A6 00 FD 55 63 84 B6 02 23 A0 07 00
32 85 82 96 F2 40 01 45 05 61 82 80 3A 85 32 C6
3A C4 A5 24 32 46 F2 40 AA 85 22 45 05 61 0D A4
F2 40 D9 47 1C C3 05 61 82 80 D9 47 1C C1 7D 55
82 80 FD 47 63 EC B7 06 83 27 85 13 01 11 06 CE
2E 87 95 CF 93 16 27 00 B6 97 94 43 99 CE 7D 56
63 85 C6 02 05 46 63 8E C6 00 3A 85 23 A0 07 00
82 96 01 45 F2 40 05 61 82 80 F2 40 05 45 05 61
82 80 F2 40 0D 45 05 61 82 80 09 45 E5 B7 2E C6
93 05 00 08 2A C4 EF 70 DF FE A2 46 AA 87 23 AC
A6 12 19 C9 32 47 AA 86 13 06 05 08 23 A0 06 00
91 06 E3 9D C6 FE 79 BF 7D 55 6D BF 7D 55 82 80
FD 47 03 A8 C1 97 63 EB A7 04 83 27 88 13 01 11
06 CE 2A 86 9D C3 13 17 25 00 BA 97 98 43 11 CF
85 46 63 08 D7 00 7D 56 63 03 C7 02 23 A0 07 00
02 97 F2 40 01 45 05 61 82 80 42 85 32 C6 42 C4
69 22 32 46 F2 40 AA 85 22 45 05 61 91 A2 F2 40
D9 47 23 20 F8 00 36 85 05 61 82 80 D9 47 23 20
F8 00 7D 55 82 80 FD 47 03 A6 C1 97 63 EA A7 00
03 27 86 13 11 CB 0A 05 2A 97 08 43 0C C3 82 80
D9 47 1C C2 7D 55 82 80 01 11 2E C6 2A C4 93 05
00 08 32 85 32 C2 06 CE EF 70 BF F2 12 46 2A 87
93 05 05 08 23 2C A6 12 A2 47 2A 86 B2 46 7D 55
19 CB 23 20 06 00 11 06 E3 9D C5 FE 13 95 27 00
2A 97 08 43 14 C3 F2 40 05 61 82 80 83 A7 C1 97
03 A7 87 13 19 C3 01 45 82 80 01 11 3E 85 93 05
00 08 3E C6 06 CE EF 70 DF ED B2 47 23 AC A7 12
01 CD 93 07 05 08 23 20 05 00 11 05 E3 1D F5 FE
01 45 F2 40 05 61 82 80 7D 55 E5 BF FD 47 63 EF
A7 06 83 A6 C1 97 01 11 06 CE 83 A7 86 13 2A 87
95 CF 93 16 27 00 B6 97 94 43 99 CE 7D 56 63 85
C6 02 05 46 63 8E C6 00 3A 85 23 A0 07 00 82 96
01 45 F2 40 05 61 82 80 F2 40 05 45 05 61 82 80
F2 40 0D 45 05 61 82 80 09 45 E5 B7 2A C6 93 05
00 08 36 85 36 C4 EF 70 DF E5 A2 46 AA 87 23 AC
A6 12 19 C9 32 47 AA 86 13 06 05 08 23 A0 06 00
91 06 E3 1D D6 FE 71 BF 7D 55 65 BF 7D 55 82 80
41 11 AE 87 22 C4 26 C2 B2 85 AA 84 3E 85 06 C6
23 A8 01 98 EF D0 9E D0 FD 57 63 07 F5 00 B2 40
22 44 92 44 41 01 82 80 83 A7 01 99 ED DB B2 40
22 44 9C C0 92 44 41 01 82 80 6F D0 7E C8 83 28
C5 00 03 A3 C5 00 94 41 D0 41 98 45 A1 65 13 D8
08 01 FD 15 13 9E 08 01 93 12 03 01 93 57 03 01
33 78 B8 00 83 2E 05 00 83 2F 45 00 03 2F 85 00
41 11 13 5E 0E 01 93 D8 F8 01 93 D2 02 01 ED 8F
13 53 F3 01 63 1D B8 00 B3 E5 DF 01 B3 E5 E5 01
B3 E5 C5 01 05 45 AD E1 63 90 07 07 19 A0 63 99
B7 00 B3 E5 C6 00 D9 8D B3 E5 55 00 05 45 A9 E5
B3 86 D6 41 33 86 CF 40 B3 36 D0 00 33 36 C0 00
B3 87 07 41 D1 8E B3 37 F0 00 33 07 EF 40 D5 8F
33 37 E0 00 5D 8F 1D E3 63 12 5E 02 01 45 63 8D
68 00 05 45 63 1A 08 00 33 E5 DF 01 33 65 E5 01
33 65 C5 01 33 35 A0 00 41 01 82 80 05 45 ED BF
5C 45 D4 45 21 67 7D 17 83 A2 05 00 03 A3 45 00
83 A3 85 00 93 D5 07 01 13 9E 07 01 13 D6 06 01
F9 8D 03 2F 05 00 83 28 45 00 83 2F 85 00 41 11
13 5E 0E 01 FD 83 79 8E 93 DE F6 01 63 9A E5 00
33 E7 E8 01 33 67 F7 01 33 67 C7 01 79 55 21 EF
21 67 C2 06 7D 17 C1 82 32 85 63 18 E6 00 33 67
53 00 33 67 77 00 55 8F 29 E3 01 47 89 E9 33 E7
E8 01 33 67 F7 01 33 67 C7 01 13 37 17 00 15 EA
33 68 53 00 33 68 78 00 33 68 D8 00 19 C7 63 0C
08 00 13 95 1E 00 7D 15 39 A0 63 1D 08 00 33 05
F0 40 13 65 15 00 41 01 82 80 79 55 ED BF 01 45
DD BF 65 F3 E3 95 FE FE 33 05 D0 41 E3 43 B6 FE
E3 C9 C5 FC E3 ED C6 FD 63 12 DE 02 E3 E9 F3 FD
63 9E F3 01 E3 65 13 FD 33 07 13 41 63 F3 E2 01
5D DF 63 E5 68 00 E3 74 5F FC 71 F3 13 95 17 00
5D B7 5C 45 D4 45 21 67 7D 17 83 A2 05 00 03 A3
45 00 83 A3 85 00 93 D5 07 01 13 9E 07 01 13 D6
06 01 F9 8D 03 2F 05 00 83 28 45 00 83 2F 85 00
41 11 13 5E 0E 01 FD 83 79 8E 93 DE F6 01 63 9A
E5 00 33 E7 E8 01 33 67 F7 01 33 67 C7 01 09 45
21 EF 21 67 C2 06 7D 17 C1 82 32 85 63 18 E6 00
33 67 53 00 33 67 77 00 55 8F 29 E3 01 47 89 E9
33 E7 E8 01 33 67 F7 01 33 67 C7 01 13 37 17 00
15 EA 33 68 53 00 33 68 78 00 33 68 D8 00 19 C7
63 0C 08 00 13 95 1E 00 7D 15 39 A0 63 1D 08 00
33 05 F0 40 13 65 15 00 41 01 82 80 09 45 ED BF
01 45 DD BF 65 F3 E3 95 FE FE 33 05 D0 41 E3 43
B6 FE E3 C9 C5 FC E3 ED C6 FD 63 12 DE 02 E3 E9
F3 FD 63 9E F3 01 E3 65 13 FD 33 07 13 41 63 F3
E2 01 5D DF 63 E5 68 00 E3 74 5F FC 71 F3 13 95
17 00 5D B7 71 71 52 CD 03 AA C5 00 DC 41 94 45
2A C4 88 41 4A D1 56 CB 03 29 C6 00 83 2A 46 00
5A C9 5E C7 03 2B 06 00 83 2B 86 00 13 17 0A 01
21 66 26 D3 41 83 93 54 0A 01 7D 16 22 D5 06 D7
4E CF 62 C5 66 C3 6A C1 EE DE AA C8 BE CA B6 CC
D2 CE 2A D0 3E D2 36 D4 3A D6 F1 8C 13 54 FA 01
63 80 04 68 63 80 C4 74 C1 67 5D 8F 3A D6 1C 10
50 08 D8 47 94 47 F1 17 0E 07 F5 82 55 8F 98 CB
E3 19 F6 FE F1 77 0E 05 85 07 2A D0 BE 94 81 49
13 15 09 01 21 67 93 57 09 01 41 81 7D 17 CA CE
DA C8 D6 CA DE CC 5A D8 56 DA 5E DC 2A DE F9 8F
13 59 F9 01 63 83 07 70 63 88 E7 7C 41 67 59 8D
2A DE 18 18 4C 10 54 47 10 47 71 17 8E 06 75 82
D1 8E 14 CB E3 99 E5 FE 71 77 0E 0B 05 07 5A D8
BA 97 01 47 A6 97 3E C8 85 07 3E C6 93 97 29 00
D9 8F A9 46 63 C9 F6 7C 09 46 33 44 24 01 85 46
63 4F F6 78 FD 17 63 F7 F6 7C 02 58 42 5E 93 59
08 01 93 56 0E 01 42 08 42 0E 13 58 08 01 13 5E
0E 01 33 06 0E 03 B3 85 C9 03 93 57 06 01 33 87
06 03 2E 97 BA 97 33 8C D9 02 63 F4 B7 00 41 67
3A 9C 52 53 42 06 41 82 93 54 03 01 13 D7 07 01
42 03 C2 07 B2 97 13 53 03 01 B3 85 69 02 3E CA
BE C8 33 86 04 03 B3 07 03 03 2E 96 13 DF 07 01
32 9F B3 8B 99 02 63 74 BF 00 41 66 B2 9B 12 55
C2 07 C1 83 13 59 05 01 42 05 41 81 13 56 0F 01
42 0F 3E 9F B3 0F C9 03 7A 97 B3 07 C5 03 B3 88
A6 02 93 DE 07 01 FE 98 C6 9E B3 85 26 03 63 F4
FE 01 C1 68 C6 95 93 DA 0E 01 AE 9A C2 07 C1 83
C2 0E BE 9E B3 05 A3 02 B3 08 69 02 93 D7 05 01
B3 82 A4 02 C6 92 96 97 B3 8F 24 03 63 F4 17 01
C1 68 C6 9F 93 D8 07 01 FE 98 46 CC E2 58 C2 05
C1 81 93 D2 08 01 C2 07 C2 08 AE 97 93 D8 08 01
B3 85 08 03 3E CE B3 83 19 03 13 DA 05 01 B3 87
02 03 9E 97 D2 97 B3 8F 59 02 63 F4 77 00 C1 63
9E 9F C2 05 13 DA 07 01 C1 81 C2 07 AE 97 A2 55
7E 9A 93 D3 05 01 C2 05 C1 81 B3 8F C5 03 33 8D
C3 03 93 DD 0F 01 33 8B B6 02 6A 9B 6E 9B B3 8C
76 02 63 74 AB 01 41 6D EA 9C 62 97 33 3F E7 01
7A 96 5E 96 BA 9E B2 9A C2 0F 33 B7 EE 00 56 97
13 5D 0B 01 93 DF 0F 01 42 0B DA 9F 33 BB CA 00
B3 3A 57 01 33 36 E6 01 72 4F 33 6B 5B 01 E2 4A
5A 96 3A 9F B2 9A 33 37 EF 00 56 97 FA 97 3A 9A
33 BF E7 01 52 9F 33 B6 CA 00 B3 3A 57 01 33 37
EA 00 33 3A 4F 01 33 67 47 01 72 5A 33 66 56 01
3A 96 93 5A 0A 01 42 0A 13 5A 0A 01 33 07 0A 03
BE 9F EA 9C FA 9C B3 B7 FF 00 E6 97 33 BF EC 01
B3 BC 97 01 33 6F 9F 01 32 9F 33 8B 49 03 13 56
07 01 F6 CA FE CC 33 88 0A 03 5A 98 42 96 B3 89
59 03 63 74 66 01 41 68 C2 99 32 5B 13 58 06 01
C2 99 42 07 13 58 0B 01 42 0B 41 83 13 5B 0B 01
42 06 B3 8B 06 03 3A 96 B3 86 66 03 33 07 CB 03
33 0E C8 03 13 5C 07 01 F2 96 E2 96 63 F4 C6 01
41 6E F2 9B 13 DE 06 01 42 07 5E 9E C2 06 41 83
B3 8D E6 00 72 CC B3 06 15 03 33 0E 19 03 13 DC
06 01 33 87 A2 02 72 97 62 97 B3 0B 59 02 63 74
C7 01 41 6E F2 9B C2 06 13 5E 07 01 C1 82 42 07
5E 9E 36 97 33 8C 63 02 B3 06 B3 02 B3 8B B4 02
13 DD 06 01 E2 9B EA 9B B3 8C 74 02 63 F4 8B 01
41 6C E2 9C 13 DC 0B 01 3E 96 66 9C C2 06 E2 4C
FA 99 C2 0B B3 37 F6 00 C1 82 CE 97 DE 96 B3 0B
B6 01 BE 9C 33 B6 CB 00 66 96 5E 97 32 9E B3 3B
77 01 F2 9B BA 96 5E 9C 33 BF E9 01 33 B7 E6 00
B3 B9 37 01 B3 B7 FC 00 B3 3C 96 01 B3 69 3F 01
33 36 CE 00 B3 E7 97 01 33 BE CB 01 62 97 CE 97
33 66 C6 01 33 3E 7C 01 33 3C 87 01 3E 96 33 6E
8E 01 33 8F 13 03 32 9E B6 CE 33 86 B8 02 B3 8B
B2 02 93 57 06 01 FA 9B DE 97 B3 89 72 02 63 F4
E7 01 41 6F FA 99 42 06 13 DF 07 01 41 82 C2 07
B2 97 4E 9F 33 06 AA 02 B3 0B 49 03 93 59 06 01
33 85 AA 02 5E 95 AA 99 33 09 59 03 63 F4 79 01
41 65 2A 99 42 06 13 D5 09 01 41 82 C2 09 B2 99
2A 99 33 06 6B 02 B3 8B 04 03 13 55 06 01 33 03
68 02 B3 84 64 03 9A 94 26 95 63 74 65 00 41 63
9A 9B 42 06 13 53 05 01 41 82 42 05 B3 84 43 03
32 95 5E 93 33 06 BA 02 B3 85 BA 02 93 5B 06 01
A6 95 DE 95 B3 83 53 03 63 F4 95 00 C1 64 A6 93
93 D4 05 01 A6 93 42 06 41 82 C2 05 B2 95 B3 04
1B 03 B3 8B 02 03 13 D6 04 01 B3 08 18 03 B3 82
62 03 C6 92 16 96 63 74 16 01 C1 68 C6 9B BA 97
72 9F 33 B7 E7 00 7A 97 BE 99 3A 99 B3 B7 F9 00
B3 02 F9 00 B3 87 A9 00 33 05 6A 03 16 93 BE D0
B3 B7 37 01 9A 97 33 3E CF 01 33 3F E7 01 33 37
E9 00 33 B9 22 01 33 67 27 01 33 0A 48 03 B3 32
53 00 33 6E EE 01 33 B3 67 00 3A 9E C2 04 B3 E2
62 00 BE 95 93 58 06 01 F2 92 33 88 0A 03 42 06
C1 80 96 93 26 96 B3 B7 F5 00 9E 97 2E 96 DE 98
BE 98 B3 8A 6A 03 B2 D2 33 36 B6 00 46 96 13 57
05 01 B3 B2 53 00 B3 B3 77 00 B3 B7 F8 00 B3 38
16 01 B3 E2 72 00 D2 9A 56 97 B3 E7 17 01 63 74
47 01 C1 65 2E 98 42 05 93 55 07 01 41 81 42 07
2A 97 96 95 32 97 AE 97 33 36 C7 00 3E 96 D2 47
42 96 B6 06 B3 E7 D7 01 B3 EF FF 00 B2 D6 BA D4
B3 E6 F6 01 9C 08 8C 10 D8 47 90 4B 4D 83 36 06
51 8F 98 C3 91 07 E3 99 F5 FE C6 47 B3 36 D0 00
76 47 DD 8E E6 47 BA C6 B6 C0 BE C4 D6 47 BE C2
93 17 B7 00 63 DF 07 30 FE 06 9C 00 E8 00 90 43
CC 43 05 82 FE 05 4D 8E 90 C3 91 07 E3 19 F5 FE
86 47 FD 82 05 83 D5 8F BA C6 BE C0 32 47 91 67
FD 17 BA 97 63 5A F0 2E 06 47 93 76 77 00 95 CA
93 76 F7 00 11 46 63 86 C6 02 B3 06 C7 00 13 37
C7 FF B6 C0 93 36 17 00 16 47 36 97 BA C2 33 37
D7 00 A6 46 36 97 BA C4 33 37 D7 00 B6 46 36 97
BA C6 36 47 93 16 B7 00 63 DA 06 00 B2 46 B7 07
F0 FF FD 17 7D 8F 91 67 BA C6 B6 97 94 00 E8 00
90 42 CC 42 0D 82 F6 05 4D 8E 90 C2 91 06 E3 19
D5 FE A1 66 F9 16 63 C4 F6 3C 0D 83 BA C6 36 47
86 45 16 46 23 1E E1 04 13 17 F4 00 D9 8F 23 1F
F1 04 22 47 A6 46 F6 47 BA 50 2A 54 0C C3 50 C3
14 C7 5C C7 9A 54 0A 59 FA 49 6A 4A DA 4A 4A 4B
BA 4B 2A 4C 9A 4C 0A 4D F6 5D 3A 85 4D 61 82 80
33 E6 A7 00 55 8E 59 8E 71 C6 15 CF 3A 85 EF 70
CF C0 93 06 45 FF 13 D7 56 40 FD 8A 7C 10 B9 C6
93 08 00 02 13 18 27 00 B3 88 D8 40 0C 10 B3 87
07 41 63 93 F5 06 93 07 F7 FF 02 57 C2 95 33 17
D7 00 98 C1 91 A0 99 C6 36 85 EF 70 0F BD 13 05
05 02 C1 B7 99 C7 3E 85 EF 70 2F BC 13 05 05 04
4D BF EF 70 8F BB 13 05 05 06 65 B7 71 56 33 06
C7 02 8D 46 B3 85 C7 00 8C 41 FD 16 F1 17 CC C3
E3 DA E6 FE 93 07 F7 FF FD 56 10 10 63 95 D7 02
F1 74 C5 04 89 8C 21 BA 90 43 03 A3 C7 FF 33 8E
07 01 33 16 D6 00 33 53 13 01 33 66 66 00 23 20
CE 00 F1 17 BD BF 13 97 27 00 32 97 23 20 07 00
FD 17 E9 B7 C9 8F D5 8F D9 8F 89 49 E3 82 07 8E
8D 49 F9 B8 81 44 85 49 E1 B8 B3 E7 6A 01 B3 E7
77 01 C9 8F 05 47 E3 8F 07 90 0D CD EF 70 EF B2
93 06 45 FF 13 D7 56 40 FD 8A 7C 18 B1 CA 93 08
00 02 13 18 27 00 B3 88 D8 40 0C 18 B3 87 07 41
63 96 F5 06 93 07 F7 FF 42 57 C2 95 33 17 D7 00
98 C1 A9 A0 63 88 0B 00 5E 85 EF 70 0F AF 13 05
05 02 7D BF 63 88 0A 00 56 85 EF 70 0F AE 13 05
05 04 7D B7 5A 85 EF 70 4F AD 13 05 05 06 4D B7
71 56 33 06 C7 02 8D 46 B3 85 C7 00 8C 41 FD 16
F1 17 CC C3 E3 DA E6 FE 93 07 F7 FF FD 56 10 18
63 95 D7 02 F1 77 C5 07 89 8F 61 B0 90 43 03 A3
C7 FF 33 8E 07 01 33 16 D6 00 33 53 13 01 33 66
66 00 23 20 CE 00 F1 17 A5 BF 13 97 27 00 32 97
23 20 07 00 FD 17 E9 B7 B3 EA 6A 01 B3 EA 7A 01
B3 EA AA 00 09 47 E3 87 0A 84 0D 47 A1 B0 B3 97
F6 00 93 F6 07 53 9D EE 93 F6 87 08 9D E2 93 F7
07 24 E3 8C 07 84 A1 67 BE C6 82 C4 82 C2 82 C0
FD 17 01 44 E9 BB BD 46 E3 87 D7 FE AD 46 63 9B
D7 00 4A 84 C2 57 BE C0 D2 57 BE C2 E2 57 BE C4
F2 57 09 A8 82 57 4E 87 BE C0 92 57 BE C2 A2 57
BE C4 B2 57 BE C6 89 47 63 03 F7 16 8D 47 E3 0C
F7 FA 85 47 E3 1C F7 D0 82 C6 82 C4 82 C2 82 C0
25 AA C2 47 3E C6 19 B3 A1 C7 13 07 D0 F8 63 C7
E7 12 05 47 1D 8F 88 00 93 56 57 40 AA 85 7D 8B
81 47 01 46 63 18 D6 02 0D 46 15 8E 13 9E 26 00
0D EB AA 85 33 88 C5 01 03 28 08 00 05 07 23 A0
05 01 91 05 E3 58 E6 FE 11 47 B3 06 D7 40 91 A0
05 47 D1 B7 03 A8 05 00 05 06 91 05 B3 E7 07 01
D1 B7 B3 05 C5 01 03 A8 05 00 93 08 00 02 B3 88
E8 40 33 18 18 01 B3 E7 07 01 01 43 63 4D C3 00
91 45 B3 86 D5 40 B6 45 0A 06 2A 96 33 D7 E5 00
18 C2 11 46 05 A8 03 A8 05 00 83 AE 45 00 33 8F
C5 41 33 58 E8 00 B3 9E 1E 01 33 68 D8 01 23 20
0F 01 05 03 91 05 D9 B7 13 97 26 00 2A 97 23 20
07 00 85 06 E3 9A C6 FE 06 47 B3 37 F0 00 D9 8F
BE C0 13 F7 77 00 0D CB 13 F7 F7 00 63 06 D7 02
13 87 47 00 BA C0 16 47 93 B7 C7 FF 93 B7 17 00
BA 97 BE C2 B3 B7 E7 00 26 47 BA 97 BE C4 B3 B7
E7 00 36 47 BA 97 BE C6 36 47 93 17 C7 00 63 D8
07 00 82 C6 82 C4 82 C2 82 C0 85 47 8D B9 13 06
C5 00 1C 41 54 41 8D 83 F6 06 D5 8F 1C C1 11 05
E3 19 A6 FE 0D 83 BA C6 81 47 91 B9 16 47 86 47
D9 8F 26 47 D9 8F 36 47 D9 8F FD D7 75 B5 A1 67
82 C6 82 C4 82 C2 82 C0 FD 17 15 B9 1D 71 9C 45
A2 CC 2A 84 C8 45 03 A8 45 00 94 41 3E DC 3E CC
93 17 05 01 C1 83 18 42 03 23 46 00 83 28 86 00
83 2E C6 00 42 DA 2A DE 42 CA 3E CE 13 08 01 01
93 17 15 00 7D 81 A6 CA CA C8 86 CE 13 D9 17 01
CE C6 D2 C4 D6 C2 36 D8 36 C8 AA 84 13 0E 41 00
C2 87 C2 82 D0 47 8C 47 F1 17 0E 06 F5 81 4D 8E
90 CB E3 19 FE FE 93 97 0E 01 C1 83 13 0F 01 02
8E 06 3E D6 93 97 1E 00 1A DA 46 DC 76 DE 1A D2
46 D4 13 D3 17 01 36 C8 3A D8 3A D0 93 DE FE 01
93 08 41 01 FA 87 FA 8F D0 47 8C 47 F1 17 0E 06
F5 81 4D 8E 90 CB E3 99 F8 FE 0E 07 A1 67 3A D0
FD 17 63 19 F3 00 22 56 92 57 D1 8F 32 56 D1 8F
D9 8F 99 E3 93 CE 1E 00 B3 07 69 40 63 9C AE 54
63 55 F0 24 52 48 62 4E F2 48 63 13 03 06 12 55
A2 55 32 53 33 66 B5 00 33 66 66 00 59 8E 11 E6
36 D8 42 DA 72 DC 46 DE A9 A8 13 86 F7 FF 15 EA
33 86 E6 00 2A 98 B3 36 D6 00 C2 96 36 DA 33 35
A8 00 B3 B6 06 01 2E 9E 55 8D 72 95 2A DC 33 37
BE 00 33 35 C5 01 49 8F 46 93 32 D8 1A 97 85 47
F9 AA 21 67 7D 17 E3 95 E7 3E 36 D8 42 DA 81 AC
21 67 7D 17 63 1A E9 0C 36 D8 42 DA 72 DC 46 DE
CA 87 42 57 93 76 77 00 95 CA 93 76 F7 00 11 46
63 86 C6 02 B3 06 C7 00 36 D8 D2 56 13 37 C7 FF
13 37 17 00 36 97 3A DA 33 37 D7 00 E2 56 36 97
3A DC 33 37 D7 00 F2 56 36 97 3A DE 72 57 93 16
C7 00 63 DC 06 00 A1 66 85 07 FD 16 E3 8B D7 36
B7 06 F8 FF FD 16 75 8F 3A DE 14 18 68 18 90 42
CC 42 0D 82 F6 05 4D 8E 90 C2 91 06 E3 19 D5 FE
21 66 93 06 F6 FF 0D 83 63 9E D7 00 D2 55 C2 56
CD 8E E2 55 CD 8E 55 8F 11 C7 02 DC 02 DA 02 D8
32 87 81 44 C6 07 C5 83 BE 04 DD 8C 23 17 91 00
23 16 E1 00 C2 55 52 56 E2 56 B2 47 F6 40 0C C0
50 C0 14 C4 5C C4 22 85 66 44 D6 44 46 49 B6 49
26 4A 96 4A 25 61 82 80 32 57 37 06 08 00 51 8F
3A D6 13 07 40 07 E3 41 F7 30 3E 86 93 57 56 40
13 73 F6 01 FA 85 01 46 01 47 63 16 F7 02 0D 47
B3 03 F7 40 93 99 27 00 63 14 03 02 33 07 3F 01
18 43 05 03 11 0F 23 2E EF FE E3 D9 63 FE 11 47
B3 07 F7 40 2D A8 88 41 05 07 91 05 49 8E F1 B7
33 07 3F 01 0C 43 13 05 00 02 33 05 65 40 B3 95
A5 00 4D 8E 81 4E 63 CE 7E 00 B2 55 11 47 B3 07
F7 40 13 97 23 00 7A 97 B3 D5 65 00 0C C3 91 45
3D A0 0C 43 83 22 47 00 33 0A 37 41 B3 D5 65 00
B3 92 A2 00 B3 E5 55 00 23 20 BA 00 85 0E 11 07
D9 B7 13 97 27 00 7E 97 23 20 07 00 85 07 E3 9A
B7 FE 82 57 33 36 C0 00 5D 8E 92 57 36 96 22 57
3E 98 B3 36 D6 00 C2 96 36 DA B3 37 F8 00 B3 B6
06 01 3A 9E D5 8F F2 97 3E DC 33 37 EE 00 B3 B7
C7 01 5D 8F B2 57 32 D8 C6 97 3E 97 CA 87 93 16
C7 00 63 CB 06 2C 3A DE 2D BD 92 55 22 5E B2 58
63 8B 07 18 B3 07 23 41 63 1A 09 06 D2 4E 62 45
72 4F 33 E6 AE 00 33 66 E6 01 55 8E 01 E6 3A D8
2E DA 4D BB 93 89 F7 FF 63 9D 09 02 33 86 E6 00
F6 95 B3 36 D6 00 AE 96 36 DA B3 BE D5 01 B3 B6
B6 00 2A 9E B3 EE DE 00 F2 9E 76 DC 33 37 AE 00
B3 BE CE 01 33 67 D7 01 B3 07 1F 01 32 D8 3E 97
7D B3 A1 66 FD 16 E3 97 D7 1A 3A D8 2E DA 72 DC
46 DE A1 67 FD 17 75 BB 36 87 C5 BF A1 66 FD 16
E3 05 D3 FE F2 46 37 06 08 00 D1 8E 36 CE 93 06
40 07 E3 C5 F6 18 BE 89 93 07 00 02 B3 C7 F9 02
42 85 01 46 81 46 63 C8 F6 02 8D 46 93 FF F9 01
33 8F F6 40 13 99 27 00 63 96 0F 02 B3 06 28 01
94 42 85 0F 11 08 23 2E D8 FE E3 59 FF FF 91 46
B3 87 F6 40 B9 A0 83 2E 05 00 85 06 11 05 33 66
D6 01 D1 B7 93 03 00 02 B3 E9 79 02 93 C6 F7 FF
FD 86 FD 8E 8A 06 C2 96 94 42 33 05 28 01 B3 83
33 41 B3 96 76 00 55 8E 81 46 63 CE E6 01 72 45
91 46 B3 87 F6 40 93 16 2F 00 C2 96 33 55 F5 01
88 C2 0D 45 05 A8 83 2E 05 00 83 29 45 00 33 0A
25 41 B3 DE FE 01 B3 99 79 00 B3 EE 3E 01 23 20
DA 01 85 06 11 05 D1 B7 93 96 27 00 96 96 23 A0
06 00 85 07 E3 5A F5 FE C2 47 33 36 C0 00 5D 8E
D2 46 E2 47 3A 96 B6 95 33 37 E6 00 2E 97 3E 9E
3A DA B3 B6 D5 00 33 37 B7 00 D9 8E 33 37 FE 00
F2 47 F2 96 36 DC B3 B6 C6 01 C6 97 55 8F 3E 97
32 D8 9A 87 A9 BD 93 07 19 00 13 96 17 01 49 82
52 43 62 48 72 45 79 E2 33 66 03 01 49 8E 55 8E
63 19 09 06 09 E6 3A D8 2E DA 72 DC 19 A8 33 E6
C5 01 33 66 16 01 59 8E 01 EA 36 D8 1A DA 42 DC
AA 88 46 DE 81 47 B1 B9 B3 87 E6 00 9A 95 3E D8
B3 B7 D7 00 AE 97 B3 B6 65 00 3E DA B3 B7 B7 00
42 9E D5 8F F2 97 3E DC 33 37 0E 01 B3 B7 C7 01
5D 8F B3 06 15 01 B3 08 D7 00 93 97 C8 00 E3 D2
07 FC B7 07 F8 FF FD 17 B3 F7 F8 00 3E DE 85 47
09 B9 01 CE B3 E5 C5 01 B3 E5 15 01 D9 8D 99 E9
36 D8 1A DA 42 DC 2A DE 2D BD BA 86 2E 83 72 88
46 85 FD B7 A1 67 3E DE 02 DC 02 DA 02 D8 1C 18
50 10 D8 47 94 47 F1 17 0E 07 F5 82 55 8F 98 CB
E3 19 F6 FE A1 67 FD 17 81 44 E1 B6 33 86 E6 00
9A 95 32 D8 33 36 D6 00 2E 96 32 DA B3 B6 65 00
33 36 B6 00 42 9E D1 8E F2 96 36 DC 33 37 0E 01
B3 B6 C6 01 55 8F B3 06 15 01 36 97 3A DE 14 18
68 18 90 42 CC 42 05 82 FE 05 4D 8E 90 C2 91 06
E3 19 D5 FE A1 66 FD 16 05 83 E3 9E D7 D2 02 DE
02 DC 02 DA 02 D8 B5 B6 B7 06 F8 FF FD 16 75 8F
3A DE 85 07 7E 06 14 18 13 08 C1 03 8C 42 C8 42
85 81 7E 05 C9 8D 8C C2 91 06 E3 19 D8 FE 05 83
3A DE 42 57 7D 82 51 8F 3A D8 21 67 7D 17 E3 9A
E7 B2 75 BF 63 5B F0 1A D2 45 62 4E F2 48 63 1E
03 06 12 53 A2 5E 32 55 33 66 D3 01 49 8E 59 8E
19 E2 36 D8 F5 B9 13 86 F7 FF 39 E2 B3 87 65 40
33 86 E6 40 33 03 B3 40 B3 B6 C6 00 13 33 13 00
33 88 D7 40 B3 F6 66 00 B3 B7 F5 00 D5 8F B3 86
CE 41 B3 05 DE 41 93 B6 16 00 33 87 F5 40 F5 8F
B3 35 BE 00 33 85 A8 40 DD 8D 0D 8D 85 47 3D A2
21 67 7D 17 E3 87 E7 FA 93 07 40 07 63 D5 C7 02
02 D6 02 D4 02 D2 05 46 C1 A8 21 67 7D 17 E3 05
E9 CE 32 57 37 06 08 00 51 8F 3A D6 13 07 40 07
E3 40 F7 FE 3E 86 93 57 56 40 13 73 F6 01 7A 85
01 46 01 47 63 16 F7 02 0D 47 B3 03 F7 40 93 99
27 00 63 16 03 02 33 07 3F 01 18 43 05 03 11 0F
23 2E EF FE E3 D9 63 FE 11 47 B3 07 F7 40 3D A8
03 28 05 00 05 07 11 05 33 66 06 01 E1 B7 33 07
3F 01 08 43 13 08 00 02 33 08 68 40 33 15 05 01
49 8E 81 4E 63 CE 7E 00 32 55 11 47 B3 07 F7 40
13 97 23 00 7A 97 33 55 65 00 08 C3 11 45 3D A0
08 43 83 22 47 00 33 0A 37 41 33 55 65 00 B3 92
02 01 33 65 55 00 23 20 AA 00 85 0E 11 07 D9 B7
13 97 27 00 7E 97 23 20 07 00 85 07 E3 9A A7 FE
82 57 33 36 C0 00 5D 8E 12 57 33 86 C6 40 B3 B6
C6 00 B3 87 E5 40 33 88 D7 40 0D 8F B3 B7 F5 00
A2 55 13 37 17 00 F9 8E D5 8F 32 55 B3 06 BE 40
B3 85 C5 41 93 B5 15 00 33 87 F6 40 ED 8F B3 36
DE 00 DD 8E 33 85 A8 40 15 8D CA 87 3A DC 2A DE
42 DA 32 D8 13 17 C5 00 E3 55 07 98 37 07 08 00
7D 17 79 8D 2A DE 3E 89 5D A6 12 5F A2 55 B2 5F
63 8E 07 1A B3 07 23 41 63 12 09 08 D2 48 62 4E
72 45 33 E6 C8 01 49 8E 55 8E 19 E6 3A D8 7A DA
2E DC 7E DE F6 84 B1 B2 93 89 F7 FF 63 96 09 04
B3 07 1F 41 33 06 D7 40 B3 88 E8 41 33 37 C7 00
93 B8 18 00 33 88 E7 40 B3 06 BE 40 33 77 17 01
B3 37 FF 00 D9 8F B3 88 C5 41 93 B6 16 00 33 87
F8 40 F5 8F B3 B8 15 01 33 85 AF 40 B3 E8 F8 00
33 05 15 41 F6 84 1D BD A1 66 FD 16 63 96 D7 4E
3A D8 7A DA 2E DC 7E DE F6 84 25 B6 A1 66 FD 16
E3 08 D3 FE F2 46 37 06 08 00 D1 8E 36 CE 93 06
40 07 63 C7 F6 4C BE 89 93 07 00 02 B3 C7 F9 02
42 85 01 46 81 46 63 C8 F6 02 8D 46 93 F3 F9 01
33 8E F6 40 13 99 27 00 63 96 03 02 B3 06 28 01
94 42 85 03 11 08 23 2E D8 FE E3 59 7E FE 91 46
B3 87 F6 40 B9 A0 83 28 05 00 85 06 11 05 33 66
16 01 D1 B7 93 04 00 02 B3 E9 99 02 93 C6 F7 FF
FD 86 FD 8E 8A 06 C2 96 94 42 33 05 28 01 B3 84
34 41 B3 96 96 00 55 8E 81 46 63 CE C6 01 72 45
91 46 B3 87 F6 40 93 16 2E 00 C2 96 33 55 75 00
88 C2 0D 45 05 A8 83 28 05 00 83 29 45 00 33 0A
25 41 B3 D8 78 00 B3 99 99 00 B3 E8 38 01 23 20
1A 01 85 06 11 05 D1 B7 93 96 27 00 96 96 23 A0
06 00 85 07 E3 5A F5 FE C2 47 33 36 C0 00 5D 8E
D2 46 E2 48 33 06 C7 40 B3 07 DF 40 B3 86 E6 41
33 37 C7 00 93 B6 16 00 33 88 E7 40 72 45 75 8F
B3 37 FF 00 B3 86 15 41 B3 88 B8 40 D9 8F 93 B8
18 00 33 87 F6 40 B3 F7 17 01 B3 B6 D5 00 DD 8E
33 85 AF 40 15 8D 9A 87 F6 84 0D B5 13 06 19 00
13 13 16 01 13 53 23 01 52 48 62 4E F2 48 A1 62
63 10 03 14 33 66 BF 00 33 63 C8 01 33 66 F6 01
33 63 13 01 59 8E 33 63 D3 00 63 15 09 0C 63 1C
03 00 33 36 C0 00 3A D8 7A DA 2E DC 7E DE B3 74
D6 01 6F F0 0F F7 01 E6 36 D8 42 DA FD B4 33 06
E8 41 B3 84 E6 40 33 B3 96 00 13 39 16 00 B3 09
66 40 B3 02 BE 40 33 73 23 01 33 36 C8 00 33 66
66 00 93 B3 12 00 33 8A C2 40 33 F6 C3 00 B3 32
5E 00 B3 E2 C2 00 33 86 F8 41 33 06 56 40 32 DE
52 DC 4E DA 26 D8 13 13 C6 00 63 53 03 04 B3 06
D7 40 33 37 D7 00 33 08 0F 41 33 06 E8 40 33 38
0F 01 33 77 27 01 33 68 E8 00 33 8E C5 41 B3 B5
C5 01 B3 F3 03 01 B3 8F 1F 41 B3 E5 75 00 B3 8F
BF 40 33 0E 0E 41 7E DE 72 DC 32 DA 36 D8 59 B3
B3 E4 34 01 B3 E4 44 01 D1 8C B3 34 90 00 E9 8C
6F F0 2F EC 63 1C 03 02 0D E2 16 DE 02 DC 02 DA
02 D8 1C 18 50 10 D8 47 94 47 F1 17 0E 07 F5 82
55 8F 98 CB E3 19 F6 FE F1 B4 3A D8 7A DA 2E DC
7E DE F6 84 93 87 F2 FF 6F F0 AF E8 63 07 06 E6
16 DE 02 DC 02 DA 02 D8 1C 18 50 10 D8 47 94 47
F1 17 0E 07 F5 82 55 8F 98 CB E3 19 F6 FE 59 BC
33 06 E8 41 B3 82 E6 40 33 B5 56 00 93 39 16 00
33 0A A6 40 33 03 BE 40 33 75 35 01 33 36 C8 00
49 8E 93 33 13 00 B3 0A C3 40 33 F6 C3 00 33 33
6E 00 33 63 C3 00 33 85 F8 41 33 05 65 40 2A DE
56 DC 52 DA 16 D8 13 16 C5 00 63 55 06 08 B3 06
D7 40 33 37 D7 00 33 08 0F 41 B3 07 E8 40 33 77
37 01 33 38 0F 01 33 68 E8 00 33 8E C5 41 B3 B5
C5 01 B3 73 78 00 33 85 1F 41 B3 E5 75 00 0D 8D
33 0E 0E 41 2A DE 72 DC 3E DA 36 D8 F6 84 39 C9
EF 60 AF D0 93 07 45 FF 13 06 00 02 13 F8 F7 01
B3 C6 C7 02 78 18 63 03 08 06 93 98 26 00 08 18
33 07 17 41 B3 E5 C7 02 0D 8E 63 18 E5 06 13 87
F6 FF C2 56 46 95 B3 96 06 01 14 C1 7D 56 93 08
01 03 49 A0 33 E7 42 01 33 67 57 01 49 8F E3 0D
07 9A 75 B7 62 55 11 C5 EF 60 2F CB 13 05 05 02
55 B7 52 55 11 C5 EF 60 4F CA 13 05 05 04 59 BF
42 55 EF 60 8F C9 13 05 05 06 69 B7 F1 55 B3 85
B6 02 0D 46 33 05 B7 00 08 41 7D 16 71 17 48 C3
E3 5A D6 FE 13 87 F6 FF 55 B7 0C 43 03 23 C7 FF
33 0E 17 01 B3 95 05 01 33 53 C3 00 B3 E5 65 00
23 20 BE 00 71 17 95 BF 93 16 27 00 C6 96 23 A0
06 00 7D 17 E3 1A C7 FE 63 CC 27 0B B3 87 27 41
85 07 13 D7 57 40 46 86 FD 8B C6 85 01 48 81 46
63 93 E6 02 8D 46 99 8E 13 1E 27 00 9D E3 B3 05
C6 01 8C 41 85 07 0C C2 11 06 E3 DA F6 FE 91 47
33 87 E7 40 2D A8 88 41 85 06 91 05 33 68 A8 00
C1 BF 33 86 C8 01 0C 42 13 05 00 02 1D 8D B3 95
A5 00 33 68 B8 00 01 43 63 4D D3 00 11 46 33 07
E6 40 72 56 8A 06 C6 96 B3 57 F6 00 9C C2 91 46
3D A0 0C 42 83 2E 46 00 33 0F C6 41 B3 D5 F5 00
B3 9E AE 00 B3 E5 D5 01 23 20 BF 00 05 03 11 06
E1 B7 93 17 27 00 C6 97 23 A0 07 00 05 07 E3 1A
D7 FE 42 57 B3 37 00 01 D9 8F 3E D8 6F F0 8F FF
72 57 B7 06 F8 FF FD 16 B3 07 F9 40 75 8F 6F F0
8F E0 02 DE 02 DC 02 DA 02 D8 01 47 6F F0 EF C8
93 07 40 07 63 D4 C7 D0 02 D6 02 D4 02 D2 05 46
6F F0 AF DA 93 07 40 07 63 D0 37 E9 02 CE 02 CC
02 CA 05 46 6F F0 CF F3 93 07 40 07 E3 DE 37 B3
02 CE 02 CC 02 CA 05 46 E5 BE 18 41 83 2E 45 00
03 2E 85 00 48 45 D0 45 A1 66 FD 16 13 58 05 01
9C 41 03 A3 45 00 83 A8 85 00 33 78 D8 00 93 55
06 01 41 11 F5 8D 63 1B D8 00 33 67 D7 01 42 05
41 81 33 67 C7 01 49 8F 05 45 19 EF 21 67 7D 17
01 45 63 9B E5 00 33 E5 67 00 42 06 33 65 15 01
41 82 51 8D 33 35 A0 00 41 01 82 80 18 41 5C 45
54 41 01 11 0C 45 3A C0 3A C8 13 97 17 00 36 C2
93 56 17 01 11 67 2E C4 3E C6 2E CC 79 17 01 45
63 5C D7 00 11 67 75 07 13 D8 F7 01 63 58 D7 00
37 05 00 80 7D 15 42 95 05 61 82 80 C2 07 41 67
C1 83 D9 8F 11 67 13 07 F7 06 15 8F 13 55 57 40
3E CE 7D 8B 10 08 19 EB 0A 05 2A 96 1C 42 3E C8
42 45 E3 0B 08 FC 33 05 A0 40 F9 B7 89 48 81 46
63 1C 15 01 93 06 00 02 99 8E B3 96 D7 00 B3 D5
E5 00 CD 8E 36 C8 85 46 8A 06 36 96 B3 D7 E7 00
1C C2 F9 B7 79 71 26 D2 06 D6 22 D4 4A D0 AA 84
CD C9 93 D7 F5 41 33 C4 B7 00 1D 8C 22 85 13 D9
F5 01 EF 60 8F A1 91 65 F9 05 89 8D 13 05 15 05
93 57 55 40 22 C8 02 CA 02 CC 02 CE 7D 89 14 08
15 C1 09 47 63 9D E7 06 13 07 00 02 09 8F 33 57
E4 00 3A CE 13 87 F7 FF 8A 07 B6 97 33 14 A4 00
80 C3 29 A8 0D 47 1D 8F 0A 07 36 97 18 43 09 46
3A CE 32 87 63 94 C7 00 22 CC 05 47 0A 07 23 A0
06 00 23 A2 06 00 71 17 91 47 63 63 F7 00 02 CC
F2 47 42 46 D2 46 23 16 F1 00 93 17 F9 00 CD 8F
23 17 F1 00 62 47 B2 47 B2 50 22 54 90 C0 D4 C0
98 C4 DC C4 02 59 26 85 92 54 45 61 82 80 8D 47
51 BF 02 CE 02 CC 02 CA 02 C8 01 49 D1 B7 13 57
46 01 93 17 C6 00 13 77 F7 7F 79 71 B1 83 93 06
17 00 22 D4 26 D2 4A D0 06 D6 2E C8 3E CA 02 CE
02 CC 93 F6 E6 7F 2A 89 AE 84 13 54 F6 01 B9 CA
91 66 93 86 06 C0 36 97 93 D6 47 00 36 CE F2 07
93 D6 45 00 D5 8F 93 94 C5 01 3E CC 26 CA 02 C8
F2 47 3E 04 59 8C 23 17 81 00 23 16 F1 00 C2 45
52 46 E2 46 B2 47 B2 50 22 54 23 20 B9 00 23 22
C9 00 23 24 D9 00 23 26 F9 00 92 54 4A 85 02 59
45 61 82 80 33 E5 B7 00 4D E7 79 D1 85 CF 3E 85
EF 60 AF 8D 93 06 15 03 13 D7 56 40 FD 8A 7C 08
9D C6 13 08 00 02 93 15 27 00 33 08 D8 40 13 03
01 01 8D 8F 63 90 67 06 AE 97 B3 96 D4 00 7D 17
94 C3 1D A0 EF 60 6F 8A 13 05 05 02 E1 B7 71 56
33 06 C7 02 8D 46 B3 85 C7 00 8C 41 FD 16 F1 17
CC C3 E3 DA E6 FE 7D 17 05 07 0A 07 A1 46 1C 08
63 68 D7 00 23 A0 07 00 23 A2 07 00 61 17 3C 08
91 46 63 64 D7 00 23 A0 07 00 11 67 13 07 C7 C0
09 8F 3D BF 90 43 83 A8 C7 FF 33 8E B7 00 33 16
D6 00 B3 D8 08 01 33 66 16 01 23 20 CE 00 F1 17
51 B7 19 CD 13 97 C7 01 93 D6 45 00 55 8F 3A CC
91 83 21 67 93 94 C5 01 D9 8F 26 CA 02 C8 3E CE
21 67 7D 17 F5 BD
@000148D0
41 6C 6C 20 64 6F 6E 65 20 77 69 74 68 20 66 66
74 20 73 65 74 75 70 21 20 0A 20 63 79 63 6C 65
73 3A 20 25 6C 6C 64 2C 20 69 6E 73 74 72 75 63
74 69 6F 6E 73 3A 20 25 6C 6C 64 20 0A 00 00 00
42 75 66 66 65 72 20 69 73 20 74 6F 20 73 6D 61
6C 6C 2E 20 43 75 72 72 65 6E 74 20 73 69 7A 65
20 25 64 2C 20 72 65 71 75 69 72 65 64 20 73 69
7A 65 20 25 64 20 0A 00 46 69 6E 69 73 68 65 64
20 61 6C 6C 6F 63 61 74 69 6F 6E 20 6F 66 20 63
6F 6E 66 69 67 73 20 0A 00 00 00 00 41 6C 6C 20
63 68 61 6E 6E 65 6C 73 20 70 6F 70 75 6C 61 74
65 64 2E 20 53 74 61 72 74 69 6E 67 20 46 46 54
2D 49 46 46 54 73 0A 00 41 6C 6C 20 64 6F 6E 65
20 77 69 74 68 20 66 66 74 73 21 20 0A 20 63 79
63 6C 65 73 3A 20 25 6C 6C 64 2C 20 69 6E 73 74
72 75 63 74 69 6F 6E 73 3A 20 25 6C 6C 64 20 0A
00 43 56 33 32 45 34 30 50 20 42 53 50 3A 20 69
6C 6C 65 67 61 6C 20 69 6E 73 74 72 75 63 74 69
6F 6E 20 65 78 63 65 70 74 69 6F 6E 20 68 61 6E
64 6C 65 72 20 65 6E 74 65 72 65 64 0A 00 43 56
33 32 45 34 30 50 20 42 53 50 3A 20 65 63 61 6C
6C 20 65 78 63 65 70 74 69 6F 6E 20 68 61 6E 64
6C 65 72 20 65 6E 74 65 72 65 64 0A 00 43 56 33
32 45 34 30 50 20 42 53 50 3A 20 65 62 72 65 61
6B 20 65 78 63 65 70 74 69 6F 6E 20 68 61 6E 64
6C 65 72 20 65 6E 74 65 72 65 64 0A 00 43 56 33
32 45 34 30 50 20 42 53 50 3A 20 75 6E 6B 6E 6F
77 6E 20 65 78 63 65 70 74 69 6F 6E 20 68 61 6E
64 6C 65 72 20 65 6E 74 65 72 65 64 0A 00 43 56
33 32 45 34 30 50 20 42 53 50 3A 20 6E 6F 20 65
78 63 65 70 74 69 6F 6E 20 68 61 6E 64 6C 65 72
20 69 6E 73 74 61 6C 6C 65 64 0A 00 42 53 50 3A
20 55 6E 69 6D 70 6C 65 6D 65 6E 74 65 64 20 73
79 73 74 65 6D 20 63 61 6C 6C 20 63 61 6C 6C 65
64 21 0A 00 00 00 00 00 5B 45 52 52 4F 52 5D 20
6B 69 73 73 5F 66 66 74 72 2E 63 3A 33 30 20 00
52 65 61 6C 20 46 46 54 20 6F 70 74 69 6D 69 7A
61 74 69 6F 6E 20 6D 75 73 74 20 62 65 20 65 76
65 6E 2E 00 5B 45 52 52 4F 52 5D 20 6B 69 73 73
5F 66 66 74 72 2E 63 3A 37 30 20 00 6B 69 73 73
20 66 66 74 20 75 73 61 67 65 20 65 72 72 6F 72
3A 20 69 6D 70 72 6F 70 65 72 20 61 6C 6C 6F 63
00 00 00 00 5B 45 52 52 4F 52 5D 20 6B 69 73 73
5F 66 66 74 72 2E 63 3A 31 32 35 20 00 00 00 00
00 00 00 00 00 00 E0 3F 18 2D 44 54 FB 21 09 C0
00 00 C0 FF FF FF DF 41 5B 45 52 52 4F 52 5D 20
6B 69 73 73 5F 66 66 74 2E 63 3A 32 30 37 20 00
4D 65 6D 6F 72 79 20 61 6C 6C 6F 63 61 74 69 6F
6E 20 66 61 69 6C 65 64 2E 00 00 00 5B 45 52 52
4F 52 5D 20 6B 69 73 73 5F 66 66 74 2E 63 3A 33
38 31 20 00 66 6F 75 74 20 62 75 66 66 65 72 20
4E 55 4C 4C 2E 00 00 00 5B 45 52 52 4F 52 5D 20
6B 69 73 73 5F 66 66 74 2E 63 3A 33 38 37 20 00
4D 65 6D 6F 72 79 20 61 6C 6C 6F 63 61 74 69 6F
6E 20 65 72 72 6F 72 2E 00 00 00 00 00 00 00 00
18 2D 44 54 FB 21 09 40 00 00 00 00 00 00 00 C0
00 00 C0 FF FF FF DF 41 00 00 00 00 00 00 E0 3F
23 23 23 23 23 23 23 23 23 23 23 23 23 23 23 23
23 23 23 23 23 23 23 23 23 23 23 23 23 23 23 23
23 23 23 23 23 23 23 23 23 23 23 23 23 23 23 23
23 23 23 23 23 23 23 23 23 23 23 23 23 23 23 23
23 23 23 23 23 23 23 23 23 23 23 23 23 23 23 23
0A 49 6E 74 65 72 6E 61 6C 20 65 72 72 6F 72 21
20 4D 65 6D 6F 72 79 20 61 6C 6C 6F 63 61 74 69
6F 6E 20 6D 69 73 63 61 6C 63 75 6C 61 74 69 6F
6E 0A 23 23 23 23 23 23 23 23 23 23 23 23 23 23
23 23 23 23 23 23 23 23 23 23 23 23 23 23 23 23
23 23 23 23 23 23 23 23 23 23 23 23 23 23 23 23
23 23 23 23 23 23 23 23 23 23 23 23 23 23 23 23
23 23 23 23 23 23 23 23 23 23 23 23 23 23 23 23
23 23 0A 00 FB 21 F9 3F FB 21 09 40 7C D9 12 40
FB 21 19 40 7A 6A 1F 40 7C D9 22 40 BB FD 25 40
FB 21 29 40 3A 46 2C 40 7A 6A 2F 40 5C 47 31 40
7C D9 32 40 9C 6B 34 40 BB FD 35 40 DB 8F 37 40
FB 21 39 40 1B B4 3A 40 3A 46 3C 40 5A D8 3D 40
7A 6A 3F 40 4C 7E 40 40 5C 47 41 40 6C 10 42 40
7C D9 42 40 8C A2 43 40 9C 6B 44 40 AC 34 45 40
BB FD 45 40 CB C6 46 40 DB 8F 47 40 EB 58 48 40
FB 21 49 40 83 F9 A2 00 44 4E 6E 00 FC 29 15 00
D1 57 27 00 DD 34 F5 00 62 DB C0 00 3C 99 95 00
41 90 43 00 63 51 FE 00 BB DE AB 00 B7 61 C5 00
3A 6E 24 00 D2 4D 42 00 49 06 E0 00 09 EA 2E 00
1C 92 D1 00 EB 1D FE 00 29 B1 1C 00 E8 3E A7 00
F5 35 82 00 44 BB 2E 00 9C E9 84 00 B4 26 70 00
41 7E 5F 00 D6 91 39 00 53 83 39 00 9C F4 39 00
8B 5F 84 00 28 F9 BD 00 F8 1F 3B 00 DE FF 97 00
0F 98 05 00 11 2F EF 00 0A 5A 8B 00 6D 1F 6D 00
CF 7E 36 00 09 CB 27 00 46 4F B7 00 9E 66 3F 00
2D EA 5F 00 BA 27 75 00 E5 EB C7 00 3D 7B F1 00
F7 39 07 00 92 52 8A 00 FB 6B EA 00 1F B1 5F 00
08 5D 8D 00 30 03 56 00 7B FC 46 00 F0 AB 6B 00
20 BC CF 00 36 F4 9A 00 E3 A9 1D 00 5E 61 91 00
08 1B E6 00 85 99 65 00 A0 14 5F 00 8D 40 68 00
80 D8 FF 00 27 73 4D 00 06 06 31 00 CA 56 15 00
C9 A8 73 00 7B E2 60 00 6B 8C C0 00 00 00 00 00
00 00 00 40 FB 21 F9 3F 00 00 00 00 2D 44 74 3E
00 00 00 80 98 46 F8 3C 00 00 00 60 51 CC 78 3B
00 00 00 80 83 1B F0 39 00 00 00 40 20 25 7A 38
00 00 00 80 22 82 E3 36 00 00 00 00 1D F3 69 35
02 00 00 00 03 00 00 00 04 00 00 00 06 00 00 00
02 9C 00 00 54 9B 00 00 3E 9B 00 00 54 9B 00 00
F4 9B 00 00 54 9B 00 00 3E 9B 00 00 02 9C 00 00
02 9C 00 00 F4 9B 00 00 3E 9B 00 00 5A 9B 00 00
5A 9B 00 00 5A 9B 00 00 F4 9B 00 00 00 01 02 02
03 03 03 03 04 04 04 04 04 04 04 04 05 05 05 05
05 05 05 05 05 05 05 05 05 05 05 05 06 06 06 06
06 06 06 06 06 06 06 06 06 06 06 06 06 06 06 06
06 06 06 06 06 06 06 06 06 06 06 06 07 07 07 07
07 07 07 07 07 07 07 07 07 07 07 07 07 07 07 07
07 07 07 07 07 07 07 07 07 07 07 07 07 07 07 07
07 07 07 07 07 07 07 07 07 07 07 07 07 07 07 07
07 07 07 07 07 07 07 07 07 07 07 07 08 08 08 08
08 08 08 08 08 08 08 08 08 08 08 08 08 08 08 08
08 08 08 08 08 08 08 08 08 08 08 08 08 08 08 08
08 08 08 08 08 08 08 08 08 08 08 08 08 08 08 08
08 08 08 08 08 08 08 08 08 08 08 08 08 08 08 08
08 08 08 08 08 08 08 08 08 08 08 08 08 08 08 08
08 08 08 08 08 08 08 08 08 08 08 08 08 08 08 08
08 08 08 08 08 08 08 08 08 08 08 08 08 08 08 08
08 08 08 08 08 08 08 08 08 08 08 08 0A 00 00 00
49 4E 46 00 69 6E 66 00 4E 41 4E 00 6E 61 6E 00
30 31 32 33 34 35 36 37 38 39 61 62 63 64 65 66
00 00 00 00 30 31 32 33 34 35 36 37 38 39 41 42
43 44 45 46 00 00 00 00 28 6E 75 6C 6C 29 00 00
30 00 00 00 49 6E 66 69 6E 69 74 79 00 00 00 00
4E 61 4E 00 42 61 6C 6C 6F 63 20 73 75 63 63 65
65 64 65 64 00 00 00 00 2F 68 6F 6D 65 2F 6A 75
61 6E 2D 70 72 6F 63 68 61 7A 6B 61 2F 44 65 73
6B 74 6F 70 2F 52 49 35 43 59 2F 72 69 73 63 76
2D 67 6E 75 2D 74 6F 6F 6C 63 68 61 69 6E 2F 6E
65 77 6C 69 62 2F 6E 65 77 6C 69 62 2F 6C 69 62
63 2F 73 74 64 6C 69 62 2F 67 64 74 6F 61 2D 64
6D 69 73 63 2E 63 00 00 2F 68 6F 6D 65 2F 6A 75
61 6E 2D 70 72 6F 63 68 61 7A 6B 61 2F 44 65 73
6B 74 6F 70 2F 52 49 35 43 59 2F 72 69 73 63 76
2D 67 6E 75 2D 74 6F 6F 6C 63 68 61 69 6E 2F 6E
65 77 6C 69 62 2F 6E 65 77 6C 69 62 2F 6C 69 62
63 2F 73 74 64 6C 69 62 2F 6D 70 72 65 63 2E 63
00 00 00 00 43 00 00 00 50 4F 53 49 58 00 00 00
2E 00 00 00 2C 20 66 75 6E 63 74 69 6F 6E 3A 20
00 00 00 00 61 73 73 65 72 74 69 6F 6E 20 22 25
73 22 20 66 61 69 6C 65 64 3A 20 66 69 6C 65 20
22 25 73 22 2C 20 6C 69 6E 65 20 25 64 25 73 25
73 0A 00 00 C6 CA 00 00 38 C2 00 00 38 C2 00 00
BA CA 00 00 38 C2 00 00 38 C2 00 00 38 C2 00 00
80 CA 00 00 38 C2 00 00 38 C2 00 00 FE C9 00 00
22 CA 00 00 38 C2 00 00 16 CA 00 00 3E CA 00 00
38 C2 00 00 32 CA 00 00 0C C2 00 00 0C C2 00 00
0C C2 00 00 0C C2 00 00 0C C2 00 00 0C C2 00 00
0C C2 00 00 0C C2 00 00 0C C2 00 00 38 C2 00 00
38 C2 00 00 38 C2 00 00 38 C2 00 00 38 C2 00 00
38 C2 00 00 38 C2 00 00 6A C3 00 00 38 C2 00 00
74 C9 00 00 8A C9 00 00 6A C3 00 00 6A C3 00 00
6A C3 00 00 38 C2 00 00 38 C2 00 00 38 C2 00 00
38 C2 00 00 88 CD 00 00 38 C2 00 00 38 C2 00 00
DE CA 00 00 38 C2 00 00 38 C2 00 00 38 C2 00 00
0E C7 00 00 38 C2 00 00 26 CD 00 00 38 C2 00 00
38 C2 00 00 EC D2 00 00 38 C2 00 00 38 C2 00 00
38 C2 00 00 38 C2 00 00 38 C2 00 00 38 C2 00 00
38 C2 00 00 38 C2 00 00 6A C3 00 00 38 C2 00 00
74 C9 00 00 F0 C8 00 00 6A C3 00 00 6A C3 00 00
6A C3 00 00 38 CB 00 00 F0 C8 00 00 4C C3 00 00
38 C2 00 00 80 CB 00 00 38 C2 00 00 4C CB 00 00
F8 CC 00 00 B4 CC 00 00 4C C3 00 00 38 C2 00 00
0E C7 00 00 46 C3 00 00 94 CB 00 00 38 C2 00 00
38 C2 00 00 34 D3 00 00 38 C2 00 00 46 C3 00 00
30 30 30 30 30 30 30 30 30 30 30 30 30 30 30 30
20 20 20 20 20 20 20 20 20 20 20 20 20 20 20 20
71 00 00 00 92 BF FF FF 8F 3F 00 00 01 00 00 00
00 00 00 00 05 00 00 00 19 00 00 00 7D 00 00 00
BC 89 D8 97 B2 D2 9C 3C 33 A7 A8 D5 23 F6 49 39
3D A7 F4 44 FD 0F A5 32 9D 97 8C CF 08 BA 5B 25
43 6F AC 64 28 06 C8 0A 00 80 E0 37 79 C3 41 43
17 6E 05 B5 B5 B8 93 46 F5 F9 3F E9 03 4F 38 4D
32 1D 30 F9 48 77 82 5A 3C BF 73 7F DD 4F 15 75
00 00 00 00 00 00 F0 3F 00 00 00 00 00 00 24 40
00 00 00 00 00 00 59 40 00 00 00 00 00 40 8F 40
00 00 00 00 00 88 C3 40 00 00 00 00 00 6A F8 40
00 00 00 00 80 84 2E 41 00 00 00 00 D0 12 63 41
00 00 00 00 84 D7 97 41 00 00 00 00 65 CD CD 41
00 00 00 20 5F A0 02 42 00 00 00 E8 76 48 37 42
00 00 00 A2 94 1A 6D 42 00 00 40 E5 9C 30 A2 42
00 00 90 1E C4 BC D6 42 00 00 34 26 F5 6B 0C 43
00 80 E0 37 79 C3 41 43 00 A0 D8 85 57 34 76 43
00 C8 4E 67 6D C1 AB 43 00 3D 91 60 E4 58 E1 43
40 8C B5 78 1D AF 15 44 50 EF E2 D6 E4 1A 4B 44
92 D5 4D 06 CF F0 80 44 F6 4A E1 C7 02 2D B5 44
B4 9D D9 79 43 78 EA 44 00 20 20 20 20 20 20 20
20 20 28 28 28 28 28 20 20 20 20 20 20 20 20 20
20 20 20 20 20 20 20 20 20 88 10 10 10 10 10 10
10 10 10 10 10 10 10 10 10 04 04 04 04 04 04 04
04 04 04 10 10 10 10 10 10 10 41 41 41 41 41 41
01 01 01 01 01 01 01 01 01 01 01 01 01 01 01 01
01 01 01 01 10 10 10 10 10 10 42 42 42 42 42 42
02 02 02 02 02 02 02 02 02 02 02 02 02 02 02 02
02 02 02 02 10 10 10 10 20 00 00 00 00 00 00 00
00 00 00 00 00 00 00 00 00 00 00 00 00 00 00 00
00 00 00 00 00 00 00 00 00 00 00 00 00 00 00 00
00 00 00 00 00 00 00 00 00 00 00 00 00 00 00 00
00 00 00 00 00 00 00 00 00 00 00 00 00 00 00 00
00 00 00 00 00 00 00 00 00 00 00 00 00 00 00 00
00 00 00 00 00 00 00 00 00 00 00 00 00 00 00 00
00 00 00 00 00 00 00 00 00 00 00 00 00 00 00 00
00 00 00 00 00 00 00 00 00 00 00 00 C0 1F 01 00
40 1A 01 00 40 1A 01 00 B6 1F 01 00 40 1A 01 00
40 1A 01 00 40 1A 01 00 32 1F 01 00 40 1A 01 00
40 1A 01 00 72 1D 01 00 8A 1D 01 00 40 1A 01 00
80 1D 01 00 7A 1F 01 00 40 1A 01 00 70 1F 01 00
18 1A 01 00 18 1A 01 00 18 1A 01 00 18 1A 01 00
18 1A 01 00 18 1A 01 00 18 1A 01 00 18 1A 01 00
18 1A 01 00 40 1A 01 00 40 1A 01 00 40 1A 01 00
40 1A 01 00 40 1A 01 00 40 1A 01 00 40 1A 01 00
40 1A 01 00 40 1A 01 00 EA 1C 01 00 04 1D 01 00
40 1A 01 00 40 1A 01 00 40 1A 01 00 40 1A 01 00
40 1A 01 00 40 1A 01 00 40 1A 01 00 40 1A 01 00
40 1A 01 00 40 1A 01 00 98 1D 01 00 40 1A 01 00
40 1A 01 00 40 1A 01 00 A8 1C 01 00 40 1A 01 00
FC 1D 01 00 40 1A 01 00 40 1A 01 00 E4 23 01 00
40 1A 01 00 40 1A 01 00 40 1A 01 00 40 1A 01 00
40 1A 01 00 40 1A 01 00 40 1A 01 00 40 1A 01 00
40 1A 01 00 40 1A 01 00 EA 1C 01 00 42 1C 01 00
40 1A 01 00 40 1A 01 00 40 1A 01 00 EA 1D 01 00
42 1C 01 00 FE 1A 01 00 40 1A 01 00 86 20 01 00
40 1A 01 00 56 20 01 00 2A 20 01 00 D6 1F 01 00
FE 1A 01 00 40 1A 01 00 A8 1C 01 00 F8 1A 01 00
30 1E 01 00 40 1A 01 00 40 1A 01 00 44 24 01 00
40 1A 01 00 F8 1A 01 00 30 30 30 30 30 30 30 30
30 30 30 30 30 30 30 30 20 20 20 20 20 20 20 20
20 20 20 20 20 20 20 20
@00015718
EE 00 00 00
@00015720
00 00 00 00 00 00 00 00 20 57 01 00 20 57 01 00
28 57 01 00 28 57 01 00 30 57 01 00 30 57 01 00
38 57 01 00 38 57 01 00 40 57 01 00 40 57 01 00
48 57 01 00 48 57 01 00 50 57 01 00 50 57 01 00
58 57 01 00 58 57 01 00 60 57 01 00 60 57 01 00
68 57 01 00 68 57 01 00 70 57 01 00 70 57 01 00
78 57 01 00 78 57 01 00 80 57 01 00 80 57 01 00
88 57 01 00 88 57 01 00 90 57 01 00 90 57 01 00
98 57 01 00 98 57 01 00 A0 57 01 00 A0 57 01 00
A8 57 01 00 A8 57 01 00 B0 57 01 00 B0 57 01 00
B8 57 01 00 B8 57 01 00 C0 57 01 00 C0 57 01 00
C8 57 01 00 C8 57 01 00 D0 57 01 00 D0 57 01 00
D8 57 01 00 D8 57 01 00 E0 57 01 00 E0 57 01 00
E8 57 01 00 E8 57 01 00 F0 57 01 00 F0 57 01 00
F8 57 01 00 F8 57 01 00 00 58 01 00 00 58 01 00
08 58 01 00 08 58 01 00 10 58 01 00 10 58 01 00
18 58 01 00 18 58 01 00 20 58 01 00 20 58 01 00
28 58 01 00 28 58 01 00 30 58 01 00 30 58 01 00
38 58 01 00 38 58 01 00 40 58 01 00 40 58 01 00
48 58 01 00 48 58 01 00 50 58 01 00 50 58 01 00
58 58 01 00 58 58 01 00 60 58 01 00 60 58 01 00
68 58 01 00 68 58 01 00 70 58 01 00 70 58 01 00
78 58 01 00 78 58 01 00 80 58 01 00 80 58 01 00
88 58 01 00 88 58 01 00 90 58 01 00 90 58 01 00
98 58 01 00 98 58 01 00 A0 58 01 00 A0 58 01 00
A8 58 01 00 A8 58 01 00 B0 58 01 00 B0 58 01 00
B8 58 01 00 B8 58 01 00 C0 58 01 00 C0 58 01 00
C8 58 01 00 C8 58 01 00 D0 58 01 00 D0 58 01 00
D8 58 01 00 D8 58 01 00 E0 58 01 00 E0 58 01 00
E8 58 01 00 E8 58 01 00 F0 58 01 00 F0 58 01 00
F8 58 01 00 F8 58 01 00 00 59 01 00 00 59 01 00
08 59 01 00 08 59 01 00 10 59 01 00 10 59 01 00
18 59 01 00 18 59 01 00 20 59 01 00 20 59 01 00
28 59 01 00 28 59 01 00 30 59 01 00 30 59 01 00
38 59 01 00 38 59 01 00 40 59 01 00 40 59 01 00
48 59 01 00 48 59 01 00 50 59 01 00 50 59 01 00
58 59 01 00 58 59 01 00 60 59 01 00 60 59 01 00
68 59 01 00 68 59 01 00 70 59 01 00 70 59 01 00
78 59 01 00 78 59 01 00 80 59 01 00 80 59 01 00
88 59 01 00 88 59 01 00 90 59 01 00 90 59 01 00
98 59 01 00 98 59 01 00 A0 59 01 00 A0 59 01 00
A8 59 01 00 A8 59 01 00 B0 59 01 00 B0 59 01 00
B8 59 01 00 B8 59 01 00 C0 59 01 00 C0 59 01 00
C8 59 01 00 C8 59 01 00 D0 59 01 00 D0 59 01 00
D8 59 01 00 D8 59 01 00 E0 59 01 00 E0 59 01 00
E8 59 01 00 E8 59 01 00 F0 59 01 00 F0 59 01 00
F8 59 01 00 F8 59 01 00 00 5A 01 00 00 5A 01 00
08 5A 01 00 08 5A 01 00 10 5A 01 00 10 5A 01 00
18 5A 01 00 18 5A 01 00 20 5A 01 00 20 5A 01 00
28 5A 01 00 28 5A 01 00 30 5A 01 00 30 5A 01 00
38 5A 01 00 38 5A 01 00 40 5A 01 00 40 5A 01 00
48 5A 01 00 48 5A 01 00 50 5A 01 00 50 5A 01 00
58 5A 01 00 58 5A 01 00 60 5A 01 00 60 5A 01 00
68 5A 01 00 68 5A 01 00 70 5A 01 00 70 5A 01 00
78 5A 01 00 78 5A 01 00 80 5A 01 00 80 5A 01 00
88 5A 01 00 88 5A 01 00 90 5A 01 00 90 5A 01 00
98 5A 01 00 98 5A 01 00 A0 5A 01 00 A0 5A 01 00
A8 5A 01 00 A8 5A 01 00 B0 5A 01 00 B0 5A 01 00
B8 5A 01 00 B8 5A 01 00 C0 5A 01 00 C0 5A 01 00
C8 5A 01 00 C8 5A 01 00 D0 5A 01 00 D0 5A 01 00
D8 5A 01 00 D8 5A 01 00 E0 5A 01 00 E0 5A 01 00
E8 5A 01 00 E8 5A 01 00 F0 5A 01 00 F0 5A 01 00
F8 5A 01 00 F8 5A 01 00 00 5B 01 00 00 5B 01 00
08 5B 01 00 08 5B 01 00 10 5B 01 00 10 5B 01 00
18 5B 01 00 18 5B 01 00 00 00 00 00 03 00 00 00
78 B6 08 00 00 00 00 00 00 00 00 00 78 B6 08 00
E0 B6 08 00 48 B7 08 00 00 00 00 00 00 00 00 00
00 00 00 00 00 00 00 00 00 00 00 00 00 00 00 00
00 00 00 00 00 00 00 00 00 00 00 00 00 00 00 00
00 00 00 00 00 00 00 00 00 00 00 00 00 00 00 00
00 00 00 00 00 00 00 00 00 00 00 00 00 00 00 00
00 00 00 00 00 00 00 00 00 00 00 00 00 00 00 00
00 00 00 00 00 00 00 00 00 00 00 00 00 00 00 00
00 00 00 00 00 00 00 00 00 00 00 00 00 00 00 00
00 00 00 00 00 00 00 00 00 00 00 00 00 00 00 00
01 00 00 00 00 00 00 00 0E 33 CD AB 34 12 6D E6
EC DE 05 00 0B 00 00 00 00 00 00 00 00 00 00 00
00 00 00 00 00 00 00 00 00 00 00 00 00 00 00 00
00 00 00 00 00 00 00 00 00 00 00 00 00 00 00 00
00 00 00 00 00 00 00 00 00 00 00 00 00 00 00 00
00 00 00 00 00 00 00 00 00 00 00 00 00 00 00 00
00 00 00 00 00 00 00 00 00 00 00 00 00 00 00 00
00 00 00 00 00 00 00 00 00 00 00 00 00 00 00 00
00 00 00 00 00 00 00 00 00 00 00 00 00 00 00 00
00 00 00 00 00 00 00 00 00 00 00 00 00 00 00 00
00 00 00 00 00 00 00 00 43 00 00 00 00 00 00 00
00 00 00 00 00 00 00 00 00 00 00 00 00 00 00 00
00 00 00 00 00 00 00 00 43 00 00 00 00 00 00 00
00 00 00 00 00 00 00 00 00 00 00 00 00 00 00 00
00 00 00 00 00 00 00 00 43 00 00 00 00 00 00 00
00 00 00 00 00 00 00 00 00 00 00 00 00 00 00 00
00 00 00 00 00 00 00 00 43 00 00 00 00 00 00 00
00 00 00 00 00 00 00 00 00 00 00 00 00 00 00 00
00 00 00 00 00 00 00 00 43 00 00 00 00 00 00 00
00 00 00 00 00 00 00 00 00 00 00 00 00 00 00 00
00 00 00 00 00 00 00 00 43 00 00 00 00 00 00 00
00 00 00 00 00 00 00 00 00 00 00 00 00 00 00 00
00 00 00 00 00 00 00 00 43 00 00 00 00 00 00 00
00 00 00 00 00 00 00 00 00 00 00 00 00 00 00 00
00 00 00 00 00 00 00 00 8C 18 01 00 44 18 01 00
00 00 00 00 88 54 01 00 80 51 01 00 90 51 01 00
90 51 01 00 90 51 01 00 90 51 01 00 90 51 01 00
90 51 01 00 90 51 01 00 90 51 01 00 90 51 01 00
FF FF FF FF FF FF FF FF FF FF FF FF FF FF 00 00
01 00 41 53 43 49 49 00 00 00 00 00 00 00 00 00
00 00 00 00 00 00 00 00 00 00 00 00 00 00 00 00
00 00 41 53 43 49 49 00 00 00 00 00 00 00 00 00
00 00 00 00 00 00 00 00 00 00 00 00 00 00 00 00
00 00 00 00
@00015DE4
FF FF FF FF 00 00 00 00 00 00 00 00 74 5F 01 00
@00015DF8
9C 75 00 88 3C E4 37 7E 00 00 00 00 00 00 E7 3F
00 00 00 00 00 00 D2 3F 00 00 00 00 00 00 F0 3F
D4 38 88 BE E9 FA A8 BD C4 B1 B4 BD 9E EE 21 3E
AD 52 9C 80 4F 7E 92 3E 90 15 CB 19 A0 01 FA 3E
77 51 C1 16 6C C1 56 3F 4C 55 55 55 55 55 A5 3F
00 00 00 00 00 00 E0 3F 7C D5 CF 5A 3A D9 E5 3D
EB 9C 2B 8A E6 E5 5A 3E 7D FE B1 57 E3 1D C7 3E
D5 61 C1 19 A0 01 2A 3F A6 F8 10 11 11 11 81 3F
49 55 55 55 55 55 C5 3F 00 00 40 54 FB 21 F9 3F
31 63 62 1A 61 B4 D0 3D 00 00 60 1A 61 B4 D0 3D
73 70 03 2E 8A 19 A3 3B 83 C8 C9 6D 30 5F E4 3F
00 00 00 2E 8A 19 A3 3B C1 49 20 25 9A 83 7B 39
00 00 00 00 00 00 70 41 00 00 00 00 00 00 70 3E
00 00 00 00 00 00 C0 3F 00 00 00 00 00 00 20 40
00 00 00 00 00 00 00 80 00 00 00 00 00 00 50 43
59 F3 F8 C2 1F 6E A5 01 9C 75 00 88 3C E4 37 FE
59 F3 F8 C2 1F 6E A5 81 00 00 00 00 00 00 90 3C
00 00 00 00 00 00 F8 3F 61 43 6F 63 A7 87 D2 3F
B3 C8 60 8B 28 8A C6 3F FB 79 9F 50 13 44 D3 3F
04 FA 7D 9D 16 2D 94 3C 32 5A 47 55 13 44 D3 3F
00 00 00 00 00 00 24 40 00 00 00 00 00 00 08 40
00 00 00 00 00 00 1C 40 00 00 00 00 00 00 14 40
59 F3 F8 C2 1F 6E A5 01 00 00 00 00 00 00 F0 3F
40 B9 08 00 FF FF FF FF 00 00 02 00 38 5B 01 00
